Date,City,PM2.5,PM10,NO,NO2,NOx,NH3,CO,SO2,O3,Benzene,Toluene,Xylene,AQI,AQI_Bucket,PM2.5_was_missing,PM10_was_missing,NO_was_missing,NO2_was_missing,NOx_was_missing,NH3_was_missing,CO_was_missing,SO2_was_missing,O3_was_missing,Benzene_was_missing,Toluene_was_missing,Xylene_was_missing,AQI_was_missing
2017-02-27,Amritsar,13.42,14.92,15.06,8.86,,1.6,0.81,11.0,12.96,,,,,,False,False,False,False,True,False,False,False,False,True,True,True,True
2017-02-28,Amritsar,12.45,13.8,17.44,8.05,,1.73,0.67,16.06,11.88,,,,52.0,Satisfactory,False,False,False,False,True,False,False,False,False,True,True,True,False
2017-03-01,Amritsar,19.52,21.88,14.77,6.02,,1.48,0.43,26.24,11.53,,,,31.0,Good,False,False,False,False,True,False,False,False,False,True,True,True,False
2017-03-02,Amritsar,77.71,80.27,10.49,3.88,,1.29,0.36,22.35,18.68,,,,106.0,Moderate,False,False,False,False,True,False,False,False,False,True,True,True,False
2017-03-03,Amritsar,19.7,33.08,9.91,3.13,,1.15,0.37,14.29,22.22,,,,98.0,Satisfactory,False,False,False,False,True,False,False,False,False,True,True,True,False
2017-03-04,Amritsar,22.91,56.19,10.69,4.13,,1.86,0.47,8.42,26.62,,,,61.0,Satisfactory,False,False,False,False,True,False,False,False,False,True,True,True,False
2017-03-05,Amritsar,29.56,44.5,8.95,2.66,,1.26,0.39,10.95,27.03,,,,62.0,Satisfactory,False,False,False,False,True,False,False,False,False,True,True,True,False
2017-03-06,Amritsar,46.13,62.88,9.62,4.89,,1.99,0.54,30.27,26.3,,,,78.0,Satisfactory,False,False,False,False,True,False,False,False,False,True,True,True,False
2017-03-07,Amritsar,44.3,52.12,9.4,5.32,,2.4,0.36,28.74,20.63,,,,72.0,Satisfactory,False,False,False,False,True,False,False,False,False,True,True,True,False
2017-03-08,Amritsar,41.23,52.75,11.18,7.88,,2.51,0.39,21.4,22.44,,,,71.0,Satisfactory,False,False,False,False,True,False,False,False,False,True,True,True,False
2017-03-09,Amritsar,29.88,33.2,10.64,11.66,,2.31,0.36,4.26,21.11,,,,59.0,Satisfactory,False,False,False,False,True,False,False,False,False,True,True,True,False
2017-03-10,Amritsar,37.93,43.69,12.84,15.11,,2.05,0.2,6.38,25.06,,,,73.0,Satisfactory,False,False,False,False,True,False,False,False,False,True,True,True,False
2017-03-11,Amritsar,32.46,50.76,10.93,19.67,,6.82,0.19867549668874174,4.71,18.79,,,,56.0,Satisfactory,False,False,False,False,True,False,True,False,False,True,True,True,False
2017-03-12,Amritsar,25.65,54.59,12.14,26.15,,11.73,0.19735099337748346,8.32,15.64,,,,55.0,Satisfactory,False,False,False,False,True,False,True,False,False,True,True,True,False
2017-03-13,Amritsar,41.36,77.43,11.4,25.88,,11.71,0.1960264900662252,4.75,20.27,,,,69.0,Satisfactory,False,False,False,False,True,False,True,False,False,True,True,True,False
2017-03-14,Amritsar,51.88,86.64,9.24,25.21,,11.76,0.1947019867549669,7.72,30.34,,,,80.0,Satisfactory,False,False,False,False,True,False,True,False,False,True,True,True,False
2017-03-15,Amritsar,51.59,86.11,10.03,26.05,,12.33,0.19337748344370861,9.06,24.63,,,,89.0,Satisfactory,False,False,False,False,True,False,True,False,False,True,True,True,False
2017-03-16,Amritsar,45.46,82.73,13.23,26.38,,12.56,0.19205298013245034,2.94,19.36,0.0,0.0,0.0,79.0,Satisfactory,False,False,False,False,True,False,True,False,False,False,False,False,False
2017-03-17,Amritsar,152.17,93.68,13.86,27.06,,12.45,0.19072847682119207,3.17,21.78,0.08459016393442624,0.036875,0.014000000000000002,262.0,Poor,False,False,False,False,True,False,True,False,False,True,True,True,False
2017-03-18,Amritsar,72.87,98.47,10.71,26.07,,12.03,0.1894039735099338,3.56,12.86,0.16918032786885248,0.07375,0.028000000000000004,184.0,Moderate,False,False,False,False,True,False,True,False,False,True,True,True,False
2017-03-19,Amritsar,73.26,97.64,10.47,25.73,,11.99,0.1880794701986755,1.85,11.77,0.2537704918032787,0.110625,0.04200000000000001,138.0,Moderate,False,False,False,False,True,False,True,False,False,True,True,True,False
2017-03-20,Amritsar,65.26,95.91,9.38,25.23,,12.4,0.18675496688741722,1.31,19.98,0.33836065573770496,0.1475,0.05600000000000001,138.0,Moderate,False,False,False,False,True,False,True,False,False,True,True,True,False
2017-03-21,Amritsar,56.39,92.68,10.42,26.26,,12.67,0.18543046357615894,2.97,19.83,0.42295081967213116,0.184375,0.07,100.0,Satisfactory,False,False,False,False,True,False,True,False,False,True,True,True,False
2017-03-22,Amritsar,55.43,88.17,13.56,28.39,,13.0,0.18410596026490067,1.91,13.71,0.5075409836065574,0.22125,0.08400000000000002,89.0,Satisfactory,False,False,False,False,True,False,True,False,False,True,True,True,False
2017-03-23,Amritsar,40.95,77.09,11.86,26.26,,12.72,0.1827814569536424,1.03,21.21,0.5921311475409836,0.258125,0.09800000000000002,84.0,Satisfactory,False,False,False,False,True,False,True,False,False,True,True,True,False
2017-03-24,Amritsar,40.99,67.5,9.68,24.95,,12.41,0.18145695364238412,0.86,20.82,0.6767213114754099,0.295,0.11200000000000002,72.0,Satisfactory,False,False,False,False,True,False,True,False,False,True,True,True,False
2017-03-25,Amritsar,57.49,80.09,8.06,23.95,,11.87,,2.29,24.66,0.7613114754098361,0.33187500000000003,0.12600000000000003,90.0,Satisfactory,False,False,False,False,True,False,True,False,False,True,True,True,False
2017-03-26,Amritsar,45.98,72.74,8.94,23.68,,12.35,,7.96,24.14,0.8459016393442623,0.36875,0.14,84.0,Satisfactory,False,False,False,False,True,False,True,False,False,True,True,True,False
2017-03-27,Amritsar,47.2,78.45,12.41,27.32,,12.16,,3.29,31.95,0.9304918032786886,0.405625,0.15400000000000003,74.0,Satisfactory,False,False,False,False,True,False,True,False,False,True,True,True,False
2017-03-28,Amritsar,58.95,83.09,10.69,30.37,,12.03,,4.97,33.22,1.0150819672131148,0.4425,0.16800000000000004,96.0,Satisfactory,False,False,False,False,True,False,True,False,False,True,True,True,False
2017-03-29,Amritsar,39.4,66.81,12.1,30.1,,12.31,,2.04,33.88,1.099672131147541,0.479375,0.18200000000000002,76.0,Satisfactory,False,False,False,False,True,False,True,False,False,True,True,True,False
2017-03-30,Amritsar,39.47,71.86,11.17,30.88,,12.66,,3.9,28.11,1.1842622950819672,0.51625,0.19600000000000004,71.0,Satisfactory,False,False,False,False,True,False,True,False,False,True,True,True,False
2017-03-31,Amritsar,52.77,72.49,11.76,31.49,,13.3,,2.11,26.72,,,,91.0,Satisfactory,False,False,False,False,True,False,True,False,False,True,True,True,False
2017-04-01,Amritsar,16.38,25.27,13.47,31.72,,12.84,,3.28,23.22,,,,45.0,Good,False,False,False,False,True,False,True,False,False,True,True,True,False
2017-04-02,Amritsar,20.11,34.76,12.78,30.57,,12.37,,4.88,25.45,,,,30.0,Good,False,False,False,False,True,False,True,False,False,True,True,True,False
2017-04-03,Amritsar,42.05,88.9,3.55,23.44,,10.01,,2.61,21.0,,,,72.0,Satisfactory,False,False,False,False,True,False,True,False,False,True,True,True,False
2017-04-04,Amritsar,40.64,63.97,8.88,27.46,,16.51,,2.64,16.77,,,,76.0,Satisfactory,False,False,False,False,True,False,True,False,False,True,True,True,False
2017-04-05,Amritsar,31.96,59.43,12.81,30.01,,19.88,,2.96,18.72,,,,60.0,Satisfactory,False,False,False,False,True,False,True,False,False,True,True,True,False
2017-04-06,Amritsar,32.373333333333335,56.196666666666665,14.1,33.47,,23.116666666666667,,3.4099999999999997,20.08,,,,59.0,Satisfactory,True,True,True,True,True,True,True,True,True,True,True,True,False
2017-04-07,Amritsar,32.78666666666667,52.96333333333333,15.39,36.93,,26.35333333333333,,3.86,21.44,,,,,,True,True,True,True,True,True,True,True,True,True,True,True,True
2017-04-08,Amritsar,33.2,49.73,16.68,40.39,,29.59,,4.31,22.8,,,,,,False,False,False,False,True,False,True,False,False,True,True,True,True
2017-04-09,Amritsar,24.29,39.48,20.48,37.9,,30.36,,5.14,18.12,,,,44.0,Good,False,False,False,False,True,False,True,False,False,True,True,True,False
2017-04-10,Amritsar,30.05,55.59,14.87,19.08,,29.24,,3.23,27.2,,,,57.0,Satisfactory,False,False,False,False,True,False,True,False,False,True,True,True,False
2017-04-11,Amritsar,41.4,62.53,13.62,21.1,,29.47,,5.88,22.06,,,,66.0,Satisfactory,False,False,False,False,True,False,True,False,False,True,True,True,False
2017-04-12,Amritsar,33.11,58.18,12.64,19.74,,28.98,,1.1,15.98,,,,63.0,Satisfactory,False,False,False,False,True,False,True,False,False,True,True,True,False
2017-04-13,Amritsar,50.72,70.44,12.78,23.29,,29.37,,7.12,24.73,,,,85.0,Satisfactory,False,False,False,False,True,False,True,False,False,True,True,True,False
2017-04-14,Amritsar,25.84,28.59,12.4,21.97,,29.11,,2.6,28.36,,,,61.0,Satisfactory,False,False,False,False,True,False,True,False,False,True,True,True,False
2017-04-15,Amritsar,24.3,27.21,12.55,21.26,,29.06,,3.13,31.65,,,,49.0,Good,False,False,False,False,True,False,True,False,False,True,True,True,False
2017-04-16,Amritsar,33.02,45.93,11.88,20.9,,28.81,,11.78,31.99,,,,53.0,Satisfactory,False,False,False,False,True,False,True,False,False,True,True,True,False
2017-04-17,Amritsar,53.08,101.55,13.42,20.53,,28.7,,7.66,24.0,,,,82.0,Satisfactory,False,False,False,False,True,False,True,False,False,True,True,True,False
2017-04-18,Amritsar,82.91,116.95,14.58,20.7,,28.86,,8.74,29.95,,,,170.0,Moderate,False,False,False,False,True,False,True,False,False,True,True,True,False
2017-04-19,Amritsar,32.08,94.3,16.02,21.29,,28.73,,12.41,25.46,,,,109.0,Moderate,False,False,False,False,True,False,True,False,False,True,True,True,False
2017-04-20,Amritsar,27.6,39.29,15.53,22.4,,28.94,,15.52,19.14,,,,65.0,Satisfactory,False,False,False,False,True,False,True,False,False,True,True,True,False
2017-04-21,Amritsar,56.22,94.96,12.13,16.5,,27.97,,7.77,24.91,,,,,,False,False,False,False,True,False,True,False,False,True,True,True,True
2017-04-22,Amritsar,45.473333333333336,97.61727272727272,13.85,16.65,,28.216666666666665,,6.8,21.543333333333333,,,,,,True,True,True,True,True,True,True,True,True,True,True,True,True
2017-04-23,Amritsar,34.726666666666674,100.27454545454545,15.57,16.8,,28.463333333333335,,5.83,18.176666666666666,,,,,,True,True,True,True,True,True,True,True,True,True,True,True,True
2017-04-24,Amritsar,23.98,102.93181818181817,17.29,16.95,,28.71,,4.86,14.81,,,,,,False,True,False,False,True,False,True,False,False,True,True,True,True
2017-04-25,Amritsar,25.74,105.5890909090909,17.33,16.62,,28.63,,5.49,14.42,,,,42.0,Good,False,True,False,False,True,False,True,False,False,True,True,True,False
2017-04-26,Amritsar,28.28,108.24636363636364,15.97,17.11,,28.5,,5.78,15.2,,,,46.0,Good,False,True,False,False,True,False,True,False,False,True,True,True,False
2017-04-27,Amritsar,25.1,110.90363636363637,14.79,16.71,,28.27,,7.31,13.77,,,,43.0,Good,False,True,False,False,True,False,True,False,False,True,True,True,False
2017-04-28,Amritsar,25.99,113.56090909090909,14.47,17.07,,28.26,,12.18,15.0,,,,43.0,Good,False,True,False,False,True,False,True,False,False,True,True,True,False
2017-04-29,Amritsar,27.14,116.21818181818182,15.96,16.78,,28.42,,7.85,14.22,,,,45.0,Good,False,True,False,False,True,False,True,False,False,True,True,True,False
2017-04-30,Amritsar,25.81,118.87545454545455,15.62,16.07,,28.3,,5.27,13.02,,,,43.0,Good,False,True,False,False,True,False,True,False,False,True,True,True,False
2017-05-01,Amritsar,23.96,121.53272727272727,15.77,16.56,,28.38,,9.33,13.83,,,,41.0,Good,False,True,False,False,True,False,True,False,False,True,True,True,False
2017-05-02,Amritsar,41.54,124.19,12.43,10.76,,28.71,,9.99,31.76,,,,97.0,Satisfactory,False,False,False,False,True,False,True,False,False,True,True,True,False
2017-05-03,Amritsar,52.43,105.5,14.68,16.31,,30.36,,7.51,13.82,,,,102.0,Moderate,False,False,False,False,True,False,True,False,False,True,True,True,False
2017-05-04,Amritsar,53.42,91.16,14.43,16.67,,30.45,,11.67,14.19,,,,100.0,Satisfactory,False,False,False,False,True,False,True,False,False,True,True,True,False
2017-05-05,Amritsar,194.39,100.51,13.94,16.7,,30.32,,14.47,16.02,,,,121.0,Moderate,False,False,False,False,True,False,True,False,False,True,True,True,False
2017-05-06,Amritsar,296.84,138.35,13.41,16.92,,30.49,,15.32,15.81,,,,117.0,Moderate,False,False,False,False,True,False,True,False,False,True,True,True,False
2017-05-07,Amritsar,105.49,125.37,14.23,16.7,,30.52,,18.78,14.66,,,,123.0,Moderate,False,False,False,False,True,False,True,False,False,True,True,True,False
2017-05-08,Amritsar,868.66,116.29,13.21,16.46,,30.05,,27.92,15.99,,,,110.0,Moderate,False,False,False,False,True,False,True,False,False,True,True,True,False
2017-05-09,Amritsar,850.73,156.75,14.23,16.57,,30.0,,15.77,14.46,,,,122.0,Moderate,True,False,False,False,True,False,True,False,False,True,True,True,False
2017-05-10,Amritsar,832.8,145.53,11.59,15.78,,29.12,,5.84,25.25,,,,,,False,False,False,False,True,False,True,False,False,True,True,True,True
2017-05-11,Amritsar,595.88,219.63,12.27,15.87,,29.09,,4.57,15.85,,,,539.0,Severe,False,False,False,False,True,False,True,False,False,True,True,True,False
2017-05-12,Amritsar,157.6,94.34,12.68,16.01,,29.27,,10.25,16.36,,,,473.0,Severe,False,False,False,False,True,False,True,False,False,True,True,True,False
2017-05-13,Amritsar,53.9,124.48,12.69,15.91,,29.05,,7.37,15.59,,,,138.0,Moderate,False,False,False,False,True,False,True,False,False,True,True,True,False
2017-05-14,Amritsar,40.51,121.36,12.86,16.19,,28.95,,16.06,15.09,,,,116.0,Moderate,False,False,False,False,True,False,True,False,False,True,True,True,False
2017-05-15,Amritsar,49.155,113.72,12.7,15.71,,28.86,,15.43,15.33,,,,114.0,Moderate,True,False,False,False,True,False,True,False,False,True,True,True,False
2017-05-16,Amritsar,57.8,86.43,12.52,15.04,,28.33,,4.74,16.46,5.16,,,102.0,Moderate,False,False,False,False,True,False,True,False,False,False,True,True,False
2017-05-17,Amritsar,41.85,72.79,13.63,15.05,,28.2,,5.38,15.39,5.22,,,80.0,Satisfactory,False,False,False,False,True,False,True,False,False,False,True,True,False
2017-05-18,Amritsar,54.1,96.51,11.38,14.9,,27.91,,12.93,22.22,5.17,,,87.0,Satisfactory,False,False,False,False,True,False,True,False,False,False,True,True,False
2017-05-19,Amritsar,42.41,99.64,11.97,15.07,,28.04,,7.06,16.05,5.19,,,93.0,Satisfactory,False,False,False,False,True,False,True,False,False,False,True,True,False
2017-05-20,Amritsar,45.32,387.65,12.25,15.1,,28.0,,3.04,14.62,5.53,,,98.0,Satisfactory,False,False,False,False,True,False,True,False,False,False,True,True,False
2017-05-21,Amritsar,43.97,355.71999999999997,14.05,15.07,,28.2,,14.11,12.34,6.3,,,89.0,Satisfactory,False,True,False,False,True,False,True,False,False,False,True,True,False
2017-05-22,Amritsar,36.59,323.78999999999996,13.41,15.23,,28.17,,7.01,14.148888888888889,5.88,,,56.0,Satisfactory,False,True,False,False,True,False,True,False,True,False,True,True,False
2017-05-23,Amritsar,30.55,291.86,12.37,15.35,,28.1,,10.46,15.957777777777778,5.93,,,56.0,Satisfactory,False,True,False,False,True,False,True,False,True,False,True,True,False
2017-05-24,Amritsar,192.7,259.93,11.8,15.19,,28.02,,6.59,17.766666666666666,6.33,,,79.0,Satisfactory,False,True,False,False,True,False,True,False,True,False,True,True,False
2017-05-25,Amritsar,37.67,228.0,11.47,15.34,,28.08,,12.69,19.575555555555557,6.4,,,270.0,Poor,False,True,False,False,True,False,True,False,True,False,True,True,False
2017-05-26,Amritsar,25.3,196.07000000000002,11.68,15.02,,28.01,,9.15,21.384444444444448,6.2,,,48.0,Good,False,True,False,False,True,False,True,False,True,False,True,True,False
2017-05-27,Amritsar,20.42,164.14000000000001,11.57,14.94,,27.94,,9.78,23.193333333333335,5.54,,,35.0,Good,False,True,False,False,True,False,True,False,True,False,True,True,False
2017-05-28,Amritsar,17.64,132.21,11.61,14.63,,27.84,,6.27,25.002222222222223,5.4,,,34.0,Good,False,True,False,False,True,False,True,False,True,False,True,True,False
2017-05-29,Amritsar,19.68,100.28000000000003,11.98,14.75,,27.86,,3.32,26.81111111111111,5.4,,,26.0,Good,False,True,False,False,True,False,True,False,True,False,True,True,False
2017-05-30,Amritsar,26.47,68.35,10.84,14.04,,27.7,,4.25,28.62,5.16,,,44.0,Good,False,False,False,False,True,False,True,False,False,False,True,True,False
2017-05-31,Amritsar,29.12,63.49,11.7,14.09,,27.7,,3.33,11.51,5.17,,,67.0,Satisfactory,False,False,False,False,True,False,True,False,False,False,True,True,False
2017-06-01,Amritsar,34.99,68.71,15.13,15.07,,28.28,,6.14,4.84,5.24,,,62.0,Satisfactory,False,False,False,False,True,False,True,False,False,False,True,True,False
2017-06-02,Amritsar,47.59,98.57,11.58,15.25,,27.89,,11.06,19.74,5.22,,,,,False,False,False,False,True,False,True,False,False,False,True,True,True
2017-06-03,Amritsar,58.68,109.6,14.0,14.49,,27.95,,15.24,22.7,5.33,,,107.0,Moderate,False,False,False,False,True,False,True,False,False,False,True,True,False
2017-06-04,Amritsar,48.49,120.47,21.53,14.2,,27.85,,9.84,20.98,4.8,2.95,1.12,108.0,Moderate,False,False,False,False,True,False,True,False,False,False,False,False,False
2017-06-05,Amritsar,38.78,143.52,21.9,36.62,,42.87,,12.61,11.54,4.5675,3.06625,1.0862500000000002,125.0,Moderate,False,False,False,False,True,False,True,False,False,True,True,True,False
2017-06-06,Amritsar,89.01,240.82,21.16,13.43,,27.61,,7.22,11.92,4.335,3.1825,1.0525,197.0,Moderate,False,False,False,False,True,False,True,False,False,True,True,True,False
2017-06-07,Amritsar,39.74,72.35,47.31,31.09,,41.2,,6.7,10.97,4.1025,3.29875,1.01875,143.0,Moderate,False,False,False,False,True,False,True,False,False,True,True,True,False
2017-06-08,Amritsar,38.25,76.8,22.61,14.02,,27.67,,3.1,12.77,3.87,3.415,0.9850000000000001,64.0,Satisfactory,False,False,False,False,True,False,True,False,False,True,True,True,False
2017-06-09,Amritsar,38.93,79.5,21.73,13.56,,27.69,,5.56,10.26,3.6375,3.53125,0.95125,85.0,Satisfactory,False,False,False,False,True,False,True,False,False,True,True,True,False
2017-06-10,Amritsar,44.76,91.2,21.79,13.59,,27.71,,3.03,10.9,3.4050000000000002,3.6475,0.9175,83.0,Satisfactory,False,False,False,False,True,False,True,False,False,True,True,True,False
2017-06-11,Amritsar,33.88,53.64,22.01,13.79,,27.74,,5.84,5.17,3.1725000000000003,3.76375,0.88375,70.0,Satisfactory,False,False,False,False,True,False,True,False,False,True,True,True,False
2017-06-12,Amritsar,41.62,73.06,22.31,13.84,,27.81,,6.97,5.62,2.94,3.88,0.8500000000000001,65.0,Satisfactory,False,False,False,False,True,False,True,False,False,True,True,True,False
2017-06-13,Amritsar,49.45,86.66,20.11,13.43,,27.48,,6.14,22.07,2.7075,3.99625,0.81625,,,False,False,False,False,True,False,True,False,False,True,True,True,True
2017-06-14,Amritsar,36.81,77.01,20.94,13.47,,27.6,,8.83,19.14,2.475,4.1125,0.7825,75.0,Satisfactory,False,False,False,False,True,False,True,False,False,True,True,True,False
2017-06-15,Amritsar,38.42,82.21,21.61,13.51,,27.68,,6.29,9.51,2.2425,4.22875,0.74875,88.0,Satisfactory,False,False,False,False,True,False,True,False,False,True,True,True,False
2017-06-16,Amritsar,33.06,85.28,22.19,13.66,,27.75,,6.49,4.88,2.0100000000000002,4.345,0.715,73.0,Satisfactory,False,False,False,False,True,False,True,False,False,True,True,True,False
2017-06-17,Amritsar,34.62,86.44,21.94,13.5,,27.7,,5.72,5.94,1.7775000000000003,4.46125,0.6812499999999999,97.0,Satisfactory,False,False,False,False,True,False,True,False,False,True,True,True,False
2017-06-18,Amritsar,42.96,90.84,21.77,13.51,,27.7,,4.89,6.45,1.5450000000000004,4.5775,0.6475,80.0,Satisfactory,False,False,False,False,True,False,True,False,False,True,True,True,False
2017-06-19,Amritsar,40.82,99.55,21.2,13.17,,27.58,,4.86,12.85,,,,103.0,Moderate,False,False,False,False,True,False,True,False,False,True,True,True,False
2017-06-20,Amritsar,33.69,78.05,21.6,13.01,,27.57,,3.52,9.16,1.08,4.81,0.58,81.0,Satisfactory,False,False,False,False,True,False,True,False,False,False,False,False,False
2017-06-21,Amritsar,32.0,71.88,22.15,13.01,,27.62,,3.59,17.47,0.96,2.72,0.85,76.0,Satisfactory,False,False,False,False,True,False,True,False,False,False,False,False,False
2017-06-22,Amritsar,37.18,81.62,22.6,13.14,,27.7,,2.06,14.56,2.05,3.17,0.32,76.0,Satisfactory,False,False,False,False,True,False,True,False,False,False,False,False,False
2017-06-23,Amritsar,39.66,92.36,21.24,12.88,,27.55,,3.7,19.71,1.86,2.73,1.53,86.0,Satisfactory,False,False,False,False,True,False,True,False,False,False,False,False,False
2017-06-24,Amritsar,44.85,106.1,21.08,13.03,,27.55,,4.38,17.64,2.05,2.94,1.62,100.0,Satisfactory,False,False,False,False,True,False,True,False,False,False,False,False,False
2017-06-25,Amritsar,35.19,102.85,20.77,12.95,,27.53,,5.34,14.7,1.91,2.79,1.3940000000000001,104.0,Moderate,False,False,False,False,True,False,True,False,False,True,True,True,False
2017-06-26,Amritsar,36.66,105.7,20.58,12.87,,27.48,,3.12,17.97,1.77,2.6399999999999997,1.1680000000000001,103.0,Moderate,False,False,False,False,True,False,True,False,False,True,True,True,False
2017-06-27,Amritsar,41.22,93.15,20.94,12.84,,27.51,,3.57,16.13,1.63,2.4899999999999998,0.9420000000000001,100.0,Satisfactory,False,False,False,False,True,False,True,False,False,True,True,True,False
2017-06-28,Amritsar,35.76,75.93,22.21,12.96,,27.67,,2.97,6.46,1.49,2.34,0.7160000000000001,81.0,Satisfactory,False,False,False,False,True,False,True,False,False,False,False,True,False
2017-06-29,Amritsar,39.06,70.49,23.34,13.12,,27.78,,2.38,5.39,2.16,3.65,0.49,74.0,Satisfactory,False,False,False,False,True,False,True,False,False,False,False,False,False
2017-06-30,Amritsar,30.48,75.21,14.72,12.3,,17.09,,3.12,17.35,1.99,3.42,0.34,90.0,Satisfactory,False,False,False,False,True,False,True,False,False,False,False,False,False
2017-07-01,Amritsar,45.34,68.4,41.27,23.33,,12.22,,3.87,12.36,1.67,2.46,0.44,92.0,Satisfactory,False,False,False,False,True,False,True,False,False,False,False,False,False
2017-07-02,Amritsar,41.09,102.32,44.43,21.85,,11.48,,3.29,6.43,1.97,3.35,0.29,94.0,Satisfactory,False,False,False,False,True,False,True,False,False,False,False,False,False
2017-07-03,Amritsar,36.95,86.58,35.92,22.57,,11.52,,3.64,9.21,2.34,3.56,0.54,91.0,Satisfactory,False,False,False,False,True,False,True,False,False,False,False,False,False
2017-07-04,Amritsar,43.04,99.05,39.84,12.64,,11.55,,3.76,6.62,2.335,3.34,0.9949999999999999,91.0,Satisfactory,False,False,False,False,True,False,True,False,False,True,True,True,False
2017-07-05,Amritsar,46.59,112.06,33.02,12.15,,11.44,,2.67,12.2,2.33,3.12,1.45,101.0,Moderate,False,False,False,False,True,False,True,False,False,True,False,False,False
2017-07-06,Amritsar,49.08,71.1,53.4,6.95,,11.32,,3.56,5.68,2.3249999999999997,3.0250000000000004,1.5366666666666666,88.0,Satisfactory,False,False,False,False,True,False,True,False,False,True,True,True,False
2017-07-07,Amritsar,49.0,87.67,51.78,8.56,,11.42,,4.13,6.84,2.32,2.93,1.6233333333333333,89.0,Satisfactory,False,False,False,False,True,False,True,False,False,False,False,True,False
2017-07-08,Amritsar,48.72,117.47,50.12,12.85,,10.82,,2.99,6.66,2.2457142857142856,2.8671428571428574,1.71,104.0,Moderate,False,False,False,False,True,False,True,False,False,True,True,True,False
2017-07-09,Amritsar,49.515,104.02,38.089999999999996,11.895,,11.045,,3.4000000000000004,9.9,2.1714285714285713,2.8042857142857143,1.7966666666666666,,,True,True,True,True,True,True,True,True,True,True,True,True,True
2017-07-10,Amritsar,50.31,90.57,26.06,10.94,,11.27,,3.81,13.14,2.097142857142857,2.7414285714285715,1.8833333333333333,,,False,False,False,False,True,False,True,False,False,True,True,True,True
2017-07-11,Amritsar,50.33,95.06,28.17,11.72,,11.28,,4.03,8.84,2.0228571428571427,2.678571428571429,1.97,87.0,Satisfactory,False,False,False,False,True,False,True,False,False,True,True,True,False
2017-07-12,Amritsar,48.58,90.82,34.56,9.42,,11.15,,3.53,6.22,1.9485714285714286,2.615714285714286,2.0566666666666666,97.0,Satisfactory,False,False,False,False,True,False,True,False,False,True,True,True,False
2017-07-13,Amritsar,46.72,97.67,32.5,10.8,,11.36,,3.9,7.82,1.8742857142857143,2.552857142857143,2.1433333333333335,93.0,Satisfactory,False,False,False,False,True,False,True,False,False,True,True,True,False
2017-07-14,Amritsar,51.53,96.92,26.7,32.47,,11.56,,4.26,6.46,1.8,2.49,2.23,100.0,Satisfactory,False,False,False,False,True,False,True,False,False,False,False,False,False
2017-07-15,Amritsar,52.08,97.63,20.36,28.82,,12.17,,4.24,10.05,2.25,3.64,0.54,96.0,Satisfactory,False,False,False,False,True,False,True,False,False,False,False,False,False
2017-07-16,Amritsar,50.9,97.87,24.32,24.44,,12.72,,3.43,6.79,2.36,3.6,0.44,100.0,Satisfactory,False,False,False,False,True,False,True,False,False,False,False,False,False
2017-07-17,Amritsar,49.41,101.51,21.41,25.65,,11.61,,3.47,12.17,1.89,2.135,0.27,97.0,Satisfactory,False,False,False,False,True,False,True,False,False,True,True,True,False
2017-07-18,Amritsar,50.64,94.42,28.79,14.4,,11.5,,6.04,6.09,1.42,0.67,0.1,99.0,Satisfactory,False,False,False,False,True,False,True,False,False,False,False,False,False
2017-07-19,Amritsar,52.14,104.81,32.85,21.54,,11.62,,3.64,6.6,2.22,0.99,0.32,99.0,Satisfactory,False,False,False,False,True,False,True,False,False,False,False,False,False
2017-07-20,Amritsar,44.63,113.81,19.51,18.17,,11.67,,3.65,7.06,2.1,1.0,0.59,110.0,Moderate,False,False,False,False,True,False,True,False,False,False,False,False,False
2017-07-21,Amritsar,47.5,97.7,22.5,16.88,,12.32,,4.9,7.0,2.56,1.02,0.5,100.0,Satisfactory,False,False,False,False,True,False,True,False,False,False,False,False,False
2017-07-22,Amritsar,47.06,98.4,22.28,16.72,,13.81,,2.53,7.66,3.16,1.22,0.17,99.0,Satisfactory,False,False,False,False,True,False,True,False,False,False,False,False,False
2017-07-23,Amritsar,43.23,102.03,27.93,19.68,,12.45,,2.31,8.39,3.3085714285714287,1.3428571428571427,0.16,101.0,Moderate,False,False,False,False,True,False,True,False,False,True,True,True,False
2017-07-24,Amritsar,47.21,100.22,20.6,17.86,,11.66,,3.34,8.72,3.4571428571428573,1.4657142857142857,0.15000000000000002,101.0,Moderate,False,False,False,False,True,False,True,False,False,True,True,True,False
2017-07-25,Amritsar,48.32,103.08,16.09,20.08,,11.93,,3.96,8.18,3.605714285714286,1.5885714285714285,0.14,102.0,Moderate,False,False,False,False,True,False,True,False,False,True,True,True,False
2017-07-26,Amritsar,49.32,101.56,24.35,12.96,,12.18,,4.77,4.59,3.7542857142857144,1.7114285714285715,0.13,102.0,Moderate,False,False,False,False,True,False,True,False,False,True,True,True,False
2017-07-27,Amritsar,48.586666666666666,86.53666666666666,32.54666666666667,26.33,,9.756666666666666,,5.183333333333333,5.83,3.902857142857143,1.8342857142857143,0.12,,,True,True,True,True,True,True,True,True,True,True,True,True,True
2017-07-28,Amritsar,47.85333333333333,71.51333333333334,40.74333333333333,39.7,,7.333333333333333,,5.596666666666667,7.07,4.051428571428572,1.9571428571428573,0.11000000000000001,,,True,True,True,True,True,True,True,True,True,True,True,True,True
2017-07-29,Amritsar,47.12,56.49,48.94,53.07,,4.91,,6.01,8.31,4.2,2.08,0.1,,,False,False,False,False,True,False,True,False,False,False,False,False,True
2017-07-30,Amritsar,31.41,63.19,58.03,59.44,,20.11,,4.6,21.2,2.17,1.6,0.21,158.0,Moderate,False,False,False,False,True,False,True,False,False,False,False,False,False
2017-07-31,Amritsar,51.03,109.83,44.87,40.0,,13.07,,6.02,6.55,1.79,30.21,0.85,84.0,Satisfactory,False,False,False,False,True,False,True,False,False,False,False,False,False
2017-08-01,Amritsar,43.78,107.53,66.84,37.33,,17.78,,7.11,6.55,2.10625,0.16,0.46,110.0,Moderate,False,False,False,False,True,False,True,False,False,True,False,False,False
2017-08-02,Amritsar,41.45428571428572,105.77142857142857,58.447142857142865,34.26,,16.411428571428573,,6.640000000000001,6.6657142857142855,2.4225000000000003,1.1542857142857141,1.0157142857142858,104.0,Moderate,True,True,True,True,True,True,True,True,True,True,True,True,False
2017-08-03,Amritsar,39.12857142857143,104.01285714285714,50.05428571428572,31.189999999999998,,15.042857142857144,,6.17,6.781428571428571,2.73875,2.1485714285714286,1.5714285714285714,,,True,True,True,True,True,True,True,True,True,True,True,True,True
2017-08-04,Amritsar,36.80285714285714,102.25428571428571,41.66142857142857,28.119999999999997,,13.674285714285716,,5.7,6.897142857142857,3.055,3.142857142857143,2.1271428571428572,,,True,True,True,True,True,True,True,True,True,True,True,True,True
2017-08-05,Amritsar,34.47714285714286,100.49571428571429,33.268571428571434,25.05,,12.305714285714286,,5.23,7.012857142857143,3.3712500000000003,4.137142857142857,2.682857142857143,,,True,True,True,True,True,True,True,True,True,True,True,True,True
2017-08-06,Amritsar,32.15142857142857,98.73714285714286,24.875714285714288,21.98,,10.937142857142858,,4.76,7.128571428571429,3.6875,5.131428571428572,3.2385714285714284,,,True,True,True,True,True,True,True,True,True,True,True,True,True
2017-08-07,Amritsar,29.825714285714284,96.97857142857143,16.48285714285715,18.91,,9.56857142857143,,4.29,7.244285714285715,4.00375,6.1257142857142854,3.794285714285714,,,True,True,True,True,True,True,True,True,True,True,True,True,True
2017-08-08,Amritsar,27.5,95.22,8.09,15.84,,8.2,0.0,3.82,7.36,4.32,7.12,4.35,,,False,False,False,False,True,False,False,False,False,False,False,False,True
2017-08-09,Amritsar,33.795,121.275,6.074999999999999,15.1,,8.035,0.265,3.46,11.345,5.03,6.5,3.01,,,True,True,True,True,True,True,True,True,True,True,True,True,True
2017-08-10,Amritsar,40.09,147.33,4.06,14.36,,7.87,0.53,3.1,15.33,5.74,5.88,1.67,,,False,False,False,False,True,False,False,False,False,False,False,False,True
2017-08-11,Amritsar,26.23,168.52,5.08,14.66,,8.08,0.81,3.75,13.05,7.12,13.77,2.64,141.0,Moderate,False,False,False,False,True,False,False,False,False,False,False,False,False
2017-08-12,Amritsar,38.53,268.32,5.87,14.79,,8.14,0.66,5.38,8.1,11.64,7.28,53.59,177.0,Moderate,False,False,False,False,True,False,False,False,False,False,False,False,False
2017-08-13,Amritsar,38.68,260.46,6.22,18.44,,8.16,0.66,6.86,7.06,12.06,1.9,25.73,215.0,Poor,False,False,False,False,True,False,False,False,False,False,False,False,False
2017-08-14,Amritsar,21.38,69.39,5.75,15.67,,10.2,0.67,6.71,8.2,7.11,0.96,16.32,139.0,Moderate,False,False,False,False,True,False,False,False,False,False,False,False,False
2017-08-15,Amritsar,36.69,114.7,3.79,14.14,,11.41,0.78,7.0,8.14,1.63,1.24,20.66,92.0,Satisfactory,False,False,False,False,True,False,False,False,False,False,False,False,False
2017-08-16,Amritsar,33.27,136.51,3.53,14.03,,10.81,0.78,6.62,15.03,1.3,1.47,17.03,120.0,Moderate,False,False,False,False,True,False,False,False,False,False,False,False,False
2017-08-17,Amritsar,43.31,206.85,6.22,11.98,,10.46,0.8,6.04,12.63,1.43,1.65,19.21,146.0,Moderate,False,False,False,False,True,False,False,False,False,False,False,False,False
2017-08-18,Amritsar,41.05,209.7,10.68,8.86,,10.79,0.77,7.4,8.45,1.25,1.44,23.76,176.0,Moderate,False,False,False,False,True,False,False,False,False,False,False,False,False
2017-08-19,Amritsar,28.53,139.39,11.14,8.75,,10.59,0.68,7.81,6.39,1.01,1.16,25.23,156.0,Moderate,False,False,False,False,True,False,False,False,False,False,False,False,False
2017-08-20,Amritsar,23.58,69.33,11.5,8.85,,11.29,0.61,8.28,6.93,1.45,0.77,19.06,85.0,Satisfactory,False,False,False,False,True,False,False,False,False,False,False,False,False
2017-08-21,Amritsar,36.83,96.84,11.48,9.19,,11.48,0.7,6.76,7.43,4.34,1.05,19.74,94.0,Satisfactory,False,False,False,False,True,False,False,False,False,False,False,False,False
2017-08-22,Amritsar,31.97,73.55,11.52,8.84,,11.11,0.66,7.8,7.32,3.8,0.91,21.26,74.0,Satisfactory,False,False,False,False,True,False,False,False,False,False,False,False,False
2017-08-23,Amritsar,28.94,87.82,10.77,8.4,,10.79,0.61,5.5,11.8,1.22,0.94,16.37,82.0,Satisfactory,False,False,False,False,True,False,False,False,False,False,False,False,False
2017-08-24,Amritsar,47.34,109.02,10.16,7.75,,11.95,0.65,6.26,10.72,1.41,1.14,17.46,101.0,Moderate,False,False,False,False,True,False,False,False,False,False,False,False,False
2017-08-25,Amritsar,38.36,94.01,10.19,8.41,,12.13,0.67,8.64,10.34,2.22,0.95,16.79,106.0,Moderate,False,False,False,False,True,False,False,False,False,False,False,False,False
2017-08-26,Amritsar,25.91,67.56,10.58,8.44,,11.97,0.69,6.48,8.18,2.52,1.09,20.39,69.0,Satisfactory,False,False,False,False,True,False,False,False,False,False,False,False,False
2017-08-27,Amritsar,29.99,90.31,10.36,8.33,,11.01,0.7,7.39,10.49,1.9,1.3,20.63,82.0,Satisfactory,False,False,False,False,True,False,False,False,False,False,False,False,False
2017-08-28,Amritsar,28.77,88.13,10.17,7.76,,10.73,0.68,6.21,8.66,1.47,1.06,19.23,94.0,Satisfactory,False,False,False,False,True,False,False,False,False,False,False,False,False
2017-08-29,Amritsar,18.41,56.07,10.6,8.03,,10.48,0.71,5.59,7.79,1.03,1.18,16.93,67.0,Satisfactory,False,False,False,False,True,False,False,False,False,False,False,False,False
2017-08-30,Amritsar,25.56,69.8,10.87,8.16,,10.16,0.86,5.43,9.76,1.19,1.54,18.06,61.0,Satisfactory,False,False,False,False,True,False,False,False,False,False,False,False,False
2017-08-31,Amritsar,36.13,84.72,10.62,7.73,,10.15,0.72,5.47,8.4,2.66,1.45,18.17,80.0,Satisfactory,False,False,False,False,True,False,False,False,False,False,False,False,False
2017-09-01,Amritsar,32.01,57.41,10.85,7.65,,11.0,0.59,7.43,5.76,2.12,0.78,23.24,70.0,Satisfactory,False,False,False,False,True,False,False,False,False,False,False,False,False
2017-09-02,Amritsar,27.65,70.89,10.45,12.53,,10.74,0.7,5.59,7.36,2.55,0.97,17.52,62.0,Satisfactory,False,False,False,False,True,False,False,False,False,False,False,False,False
2017-09-03,Amritsar,28.76,82.4,10.36,17.58,,10.72,0.74,3.45,9.65,1.46,1.16,19.17,77.0,Satisfactory,False,False,False,False,True,False,False,False,False,False,False,False,False
2017-09-04,Amritsar,34.81,93.24,10.36,17.77,,10.52,0.69,4.37,7.46,1.4,1.44,18.41,92.0,Satisfactory,False,False,False,False,True,False,False,False,False,False,False,False,False
2017-09-05,Amritsar,30.17,101.82,10.34,16.82,,10.6,0.75,2.36,9.71,1.74,1.41,18.6,90.0,Satisfactory,False,False,False,False,True,False,False,False,False,False,False,False,False
2017-09-06,Amritsar,29.15,135.49,10.15,16.73,,10.41,0.82,3.96,10.56,1.6,1.78,18.5,117.0,Moderate,False,False,False,False,True,False,False,False,False,False,False,False,False
2017-09-07,Amritsar,30.99,129.56,10.32,17.06,,10.28,0.85,4.91,9.02,1.41,1.57,21.24,118.0,Moderate,False,False,False,False,True,False,False,False,False,False,False,False,False
2017-09-08,Amritsar,37.7,123.54,10.48,19.62,,10.5,0.81,5.18,10.01,1.58,1.68,20.46,119.0,Moderate,False,False,False,False,True,False,False,False,False,False,False,False,False
2017-09-09,Amritsar,47.29,170.2,10.55,18.45,,10.96,0.81,4.53,5.57,1.71,1.71,21.03,131.0,Moderate,False,False,False,False,True,False,False,False,False,False,False,False,False
2017-09-10,Amritsar,24.04,131.16,11.06,18.5,,10.68,0.75,4.89,1.31,1.32,1.48,25.66,142.0,Moderate,False,False,False,False,True,False,False,False,False,False,False,False,False
2017-09-11,Amritsar,27.56,99.6,10.77,18.53,,10.76,0.7,7.13,6.47,1.95,1.34,18.18,97.0,Satisfactory,False,False,False,False,True,False,False,False,False,False,False,False,False
2017-09-12,Amritsar,59.49,163.28,10.38,17.95,,13.18,0.95,5.52,9.97,1.63,1.99,17.88,125.0,Moderate,False,False,False,False,True,False,False,False,False,False,False,False,False
2017-09-13,Amritsar,75.94,197.0,10.41,17.15,,18.04,0.83,8.82,4.83,1.32,1.98,18.2,159.0,Moderate,False,False,False,False,True,False,False,False,False,False,False,False,False
2017-09-14,Amritsar,35.3,190.24,10.29,18.77,,18.68,0.74,4.04,5.8,8.19,1.32,17.91,161.0,Moderate,False,False,False,False,True,False,False,False,False,False,False,False,False
2017-09-15,Amritsar,37.93,165.9,10.58,17.69,,18.75,0.8,6.34,6.43,4.08,1.43,19.6,154.0,Moderate,False,False,False,False,True,False,False,False,False,False,False,False,False
2017-09-16,Amritsar,54.76,153.86,10.52,17.54,,19.45,0.77,4.69,8.74,1.98,1.66,18.02,136.0,Moderate,False,False,False,False,True,False,False,False,False,False,False,False,False
2017-09-17,Amritsar,52.81,197.08,10.27,17.3,,23.81,0.85,6.09,12.89,2.09,2.15,15.68,137.0,Moderate,False,False,False,False,True,False,False,False,False,False,False,False,False
2017-09-18,Amritsar,71.8,225.14,24.27,36.24,,25.83,0.93,5.74,5.95,2.06,2.15,20.47,173.0,Moderate,False,False,False,False,True,False,False,False,False,False,False,False,False
2017-09-19,Amritsar,44.09,221.27,7.61,16.17,,18.3,0.79,11.1,24.39,1.84,2.04,16.76,202.0,Poor,False,False,False,False,True,False,False,False,False,False,False,False,False
2017-09-20,Amritsar,54.21,243.06,7.44,15.66,,18.0,0.82,6.17,14.87,1.58,3.69,16.07,189.0,Moderate,False,False,False,False,True,False,False,False,False,False,False,False,False
2017-09-21,Amritsar,56.33,248.8,7.64,16.14,,18.16,0.81,3.78,17.82,1.38,8.83,15.93,196.0,Moderate,False,False,False,False,True,False,False,False,False,False,False,False,False
2017-09-22,Amritsar,76.9,253.99,7.49,15.82,,18.15,0.9,3.37,14.15,1.41,8.19,18.09,198.0,Moderate,False,False,False,False,True,False,False,False,False,False,False,False,False
2017-09-23,Amritsar,30.64,107.82,7.49,14.81,,17.74,0.65,3.28,13.58,1.07,7.31,14.53,154.0,Moderate,False,False,False,False,True,False,False,False,False,False,False,False,False
2017-09-24,Amritsar,39.43,136.27,7.59,15.28,,17.13,0.72,5.12,18.05,1.25,7.57,15.45,108.0,Moderate,False,False,False,False,True,False,False,False,False,False,False,False,False
2017-09-25,Amritsar,77.79,259.45,7.64,14.27,,14.95,0.97,4.68,20.79,1.41,8.13,17.17,170.0,Moderate,False,False,False,False,True,False,False,False,False,False,False,False,False
2017-09-26,Amritsar,69.26,275.85,7.67,12.45,,13.62,0.98,4.39,23.75,1.77,7.73,17.17,225.0,Poor,False,False,False,False,True,False,False,False,False,False,False,False,False
2017-09-27,Amritsar,53.55,253.61,8.56,9.49,,11.1,0.88,5.6,23.17,1.5,9.11,17.16,216.0,Poor,False,False,False,False,True,False,False,False,False,False,False,False,False
2017-09-28,Amritsar,78.12,255.33,10.73,8.96,,12.24,0.86,4.96,30.83,1.41,9.74,17.26,199.0,Moderate,False,False,False,False,True,False,False,False,False,False,False,False,False
2017-09-29,Amritsar,97.56,298.19,13.6,11.8,,12.7,0.99,6.65,26.97,1.42,8.37,17.29,233.0,Poor,False,False,False,False,True,True,False,False,False,False,False,False,False
2017-09-30,Amritsar,203.2,311.39,13.97,12.08,,13.16,1.07,6.35,17.59,1.54,8.8,24.69,271.0,Poor,False,False,False,False,True,True,False,False,False,False,False,False,False
2017-10-01,Amritsar,65.44,188.36,9.32,8.57,,13.620000000000001,0.32,5.52,19.13,1.55,2.52,6.61,232.0,Poor,False,False,False,False,True,True,False,False,False,False,False,False,False
2017-10-02,Amritsar,49.0,144.77,8.43,7.54,,14.08,0.13,3.61,25.31,1.5,1.16,2.34,,,False,False,False,False,True,True,False,False,False,False,False,False,True
2017-10-03,Amritsar,56.55,177.56,8.95,6.41,,14.54,0.11,1.46,27.74,1.45,1.4,2.21,,,False,False,False,False,True,True,False,False,False,False,False,False,True
2017-10-04,Amritsar,64.58,208.1,10.05,4.97,23.64,15.0,0.4,4.44,27.86,1.49,4.03,5.67,,,False,False,False,False,False,False,False,False,False,False,False,False,True
2017-10-05,Amritsar,63.2,173.65,7.13,5.76,22.92,15.79,0.23,2.59,26.16,2.08,2.14,3.03,,,False,False,False,False,False,False,False,False,False,False,False,False,True
2017-10-06,Amritsar,74.82,271.04,8.23,6.79,23.09,15.54,0.34,3.72,28.63,1.93,3.11,4.69,,,False,False,False,False,False,False,False,False,False,False,False,False,True
2017-10-07,Amritsar,50.85,182.83,12.73,16.28,34.88,28.65,0.29,3.6,27.13,1.76,2.09,2.31,,,False,False,False,False,False,False,False,False,False,False,False,False,True
2017-10-08,Amritsar,60.98,231.02,5.91,14.52,32.49,51.58,0.16,2.73,18.03,1.99,0.34,0.0,,,False,False,False,False,False,False,False,False,False,False,False,False,True
2017-10-09,Amritsar,52.15,168.17,4.99,14.12,33.6,51.42,0.25,3.01,20.02,2.07,2.7,6.65,,,False,False,False,False,False,False,False,False,False,False,False,False,True
2017-10-10,Amritsar,60.851,180.541,6.355,16.506,35.61,44.32,0.294,3.231,23.88,1.73,2.875,7.309,,,True,True,True,True,False,False,True,True,False,False,True,True,True
2017-10-11,Amritsar,69.55199999999999,192.91199999999998,7.720000000000001,18.892,39.8,45.79,0.33799999999999997,3.452,43.3,2.33,3.0500000000000003,7.968,,,True,True,True,True,False,False,True,True,False,False,True,True,True
2017-10-12,Amritsar,78.253,205.283,9.085,21.278,38.87,36.98,0.382,3.673,27.75,1.76,3.225,8.627,,,True,True,True,True,False,False,True,True,False,False,True,True,True
2017-10-13,Amritsar,86.954,217.654,10.450000000000001,23.664,39.54,43.69,0.426,3.8939999999999997,28.63,1.63,3.4000000000000004,9.286,,,True,True,True,True,False,False,True,True,False,False,True,True,True
2017-10-14,Amritsar,95.655,230.02499999999998,11.815000000000001,26.049999999999997,42.91,41.55,0.47,4.115,24.69,2.39,3.575,9.945,,,True,True,True,True,False,False,True,True,False,False,True,True,True
2017-10-15,Amritsar,104.356,242.39600000000002,13.180000000000001,28.436,31.23,45.62,0.514,4.336,20.78,1.61,3.75,10.604,,,True,True,True,True,False,False,True,True,False,False,True,True,True
2017-10-16,Amritsar,113.05699999999999,254.767,14.545000000000002,30.821999999999996,40.11,47.31,0.5579999999999999,4.5569999999999995,24.38,4.47,3.925,11.263,,,True,True,True,True,False,False,True,True,False,False,True,True,True
2017-10-17,Amritsar,121.75799999999998,267.138,15.910000000000002,33.208,43.07,47.38,0.602,4.778,16.35,10.28,4.1,11.922,,,True,True,True,True,False,False,True,True,False,False,True,True,True
2017-10-18,Amritsar,130.459,279.509,17.275000000000002,35.594,47.35,48.08,0.6459999999999999,4.999,25.89,2.87,4.275,12.581,,,True,True,True,True,False,False,True,True,False,False,True,True,True
2017-10-19,Amritsar,139.16,291.88,18.64,37.98,55.06,51.89,0.69,5.22,17.49,3.4,4.45,13.24,,,False,False,False,False,False,False,False,False,False,False,False,False,True
2017-10-20,Amritsar,248.12,445.44,29.93,40.11,70.05,60.89,1.08,9.66,12.32,3.47,7.62,28.33,463.0,Severe,False,False,False,False,False,False,False,False,False,False,False,False,False
2017-10-21,Amritsar,148.47,318.1,12.04,32.77,44.81,48.33,1.17,4.9,12.08,3.47,7.42,27.97,320.0,Very Poor,False,False,False,False,False,False,False,False,False,False,False,False,False
2017-10-22,Amritsar,194.47,357.95,13.87,35.42,49.29,50.88,1.25,5.15,10.86,3.45,7.74,28.02,338.0,Very Poor,False,False,False,False,False,False,False,False,False,False,False,False,False
2017-10-23,Amritsar,214.73,276.08,18.8,41.72,60.52,54.25,1.17,6.44,12.38,2.9,6.88,26.67,395.0,Very Poor,False,False,False,False,False,False,False,False,False,False,False,False,False
2017-10-24,Amritsar,71.13,191.27,19.23,40.37,59.6,56.56,1.03,4.28,11.79,2.37,6.8,24.64,229.0,Poor,False,False,False,False,False,False,False,False,False,False,False,False,False
2017-10-25,Amritsar,126.19,312.7,27.26,46.16,73.42,67.83,1.37,5.91,13.68,2.49,11.07,27.32,239.0,Poor,False,False,False,False,False,False,False,False,False,False,False,False,False
2017-10-26,Amritsar,133.53,309.8,18.63,41.42,60.05,62.82,1.19,4.74,20.3,3.0,11.05,27.68,318.0,Very Poor,False,False,False,False,False,False,False,False,False,False,False,False,False
2017-10-27,Amritsar,150.33,299.12,9.42,39.46,48.88,62.45,1.13,5.8,12.62,3.24,11.41,25.08,308.0,Very Poor,False,False,False,False,False,False,False,False,False,False,False,False,False
2017-10-28,Amritsar,165.75,302.65,15.8,39.01,54.81,66.54,1.42,5.62,13.11,2.98,12.45,25.99,338.0,Very Poor,False,False,False,False,False,False,False,False,False,False,False,False,False
2017-10-29,Amritsar,221.93,295.75,14.34,39.44,53.78,67.53,1.3,5.2,14.02,2.91,12.53,26.57,356.0,Very Poor,False,False,False,False,False,False,False,False,False,False,False,False,False
2017-10-30,Amritsar,147.44,289.42,15.54,39.07,54.62,67.76,1.37,4.87,10.89,2.91,12.41,25.97,341.0,Very Poor,False,False,False,False,False,False,False,False,False,False,False,False,False
2017-10-31,Amritsar,174.03,267.13,20.75,41.44,62.18,70.6,1.45,4.39,9.84,3.0,12.98,26.31,271.0,Poor,False,False,False,False,False,False,False,False,False,False,False,False,False
2017-11-01,Amritsar,145.27,261.79,17.83,39.11,56.94,66.67,1.11,3.59,15.1,2.83,11.85,25.7,304.0,Very Poor,False,False,False,False,False,False,False,False,False,False,False,False,False
2017-11-02,Amritsar,129.13,259.59,14.12,32.27,46.39,62.85,1.15,4.98,14.08,2.85,11.89,26.93,314.0,Very Poor,False,False,False,False,False,False,False,False,False,False,False,False,False
2017-11-03,Amritsar,146.53,252.25,8.45,29.28,37.73,62.9,1.31,3.88,15.18,3.71,12.22,26.31,317.0,Very Poor,False,False,False,False,False,False,False,False,False,False,False,False,False
2017-11-04,Amritsar,144.73,251.09,16.4,37.42,53.81,68.55,1.87,7.78,12.17,10.91,13.33,29.17,318.0,Very Poor,False,False,False,False,False,False,False,False,False,False,False,False,False
2017-11-05,Amritsar,160.69,290.59,6.89,17.91,23.24,12.81,1.79,5.13,15.85,11.55,12.13,28.23,319.0,Very Poor,False,False,False,False,False,False,False,False,False,False,False,False,False
2017-11-06,Amritsar,140.05,290.75,51.16,42.09,59.61,28.02,1.77,5.17,20.13,4.12,11.75,26.22,321.0,Very Poor,False,False,False,False,False,False,False,False,False,False,False,False,False
2017-11-07,Amritsar,97.78,232.21,8.32,30.81,36.48,26.67,1.9,4.39,3.93,4.39,12.39,25.01,252.0,Poor,False,False,False,False,False,False,False,False,False,False,False,False,False
2017-11-08,Amritsar,90.68,250.2,26.51,28.37,54.2,30.33,1.89,5.71,3.71,4.25,11.87,25.25,235.0,Poor,False,False,False,False,False,False,False,False,False,False,False,False,False
2017-11-09,Amritsar,113.0,222.95,38.56,21.98,60.07,34.51,2.13,8.28,19.28,4.78,13.04,26.66,248.0,Poor,False,False,False,False,False,False,False,False,False,False,False,False,False
2017-11-10,Amritsar,137.47,260.49,38.12,21.68,56.14,33.64,2.0,7.71,23.6,4.8,12.76,26.69,295.0,Poor,False,False,False,False,False,False,False,False,False,False,False,False,False
2017-11-11,Amritsar,147.97,267.24,40.1,24.95,67.76,42.69,2.27,9.16,36.54,6.34,13.94,25.83,317.0,Very Poor,False,False,False,False,False,False,False,False,False,False,False,False,False
2017-11-12,Amritsar,151.19,271.2,59.56,29.61,89.17,32.33,1.89,8.14,31.48,4.64,12.61,24.9,328.0,Very Poor,False,False,False,False,False,False,False,False,False,False,False,False,False
2017-11-13,Amritsar,121.54,234.56,55.74,20.89,76.63,22.98,1.8,6.0,23.6,4.15,11.6,24.27,311.0,Very Poor,False,False,False,False,False,False,False,False,False,False,False,False,False
2017-11-14,Amritsar,89.18,178.8,54.75,5.2,59.94,14.01,1.3,4.34,24.42,3.77,10.62,23.97,234.0,Poor,False,False,False,False,False,False,False,False,False,False,False,False,False
2017-11-15,Amritsar,38.17,100.14,46.4,13.71,59.36,15.25,0.66,7.43,23.57,3.07,7.91,22.83,128.0,Moderate,False,False,False,False,False,False,False,False,False,False,False,False,False
2017-11-16,Amritsar,78.81,182.69,58.44,41.92,100.36,12.81,1.05,18.04,25.52,3.8,8.97,24.21,131.0,Moderate,False,False,False,False,False,False,False,False,False,False,False,False,False
2017-11-17,Amritsar,111.37,228.78,57.05,31.94,88.99,11.88,1.4,8.03,29.84,6.75,9.31,20.58,262.0,Poor,False,False,False,False,False,False,False,False,False,False,False,False,False
2017-11-18,Amritsar,83.0,184.32,52.17,7.07,57.11,12.53,0.97,8.07,25.07,4.35,7.79,14.11,200.0,Moderate,False,False,False,False,False,False,False,False,False,False,False,False,False
2017-11-19,Amritsar,106.43,224.99,56.49,12.22,68.71,10.81,1.05,5.24,21.02,4.3,7.9,13.38,206.0,Poor,False,False,False,False,False,False,False,False,False,False,False,False,False
2017-11-20,Amritsar,144.45,295.86,54.15,31.96,85.69,11.28,1.38,11.93,29.91,5.18,9.81,15.21,314.0,Very Poor,False,False,False,False,False,False,False,False,False,False,False,False,False
2017-11-21,Amritsar,128.92,264.88,61.57,46.82,108.39,14.86,1.17,9.23,33.66,7.86,10.18,15.94,307.0,Very Poor,False,False,False,False,False,False,False,False,False,False,False,False,False
2017-11-22,Amritsar,143.36,276.23,76.45,47.59,124.04,13.14,1.87,11.0,32.23,7.85,11.18,17.21,318.0,Very Poor,False,False,False,False,False,False,False,False,False,False,False,False,False
2017-11-23,Amritsar,110.68,237.22,68.04,48.8,116.84,13.34,1.74,9.61,51.68,8.62,9.58,15.67,288.0,Poor,False,False,False,False,False,False,False,False,False,False,False,False,False
2017-11-24,Amritsar,141.64,270.82,82.14,49.18,130.87,12.55,2.31,14.29,54.87,8.3,10.98,17.59,302.0,Very Poor,False,False,False,False,False,False,False,False,False,False,False,False,False
2017-11-25,Amritsar,143.81,268.1,93.94,50.9,144.84,10.58,2.44,11.24,21.83,8.29,11.41,18.47,322.0,Very Poor,False,False,False,False,False,False,False,False,False,False,False,False,False
2017-11-26,Amritsar,137.81,263.37,100.06,50.56,150.62,9.65,2.5,9.17,24.79,9.65,11.6,18.92,316.0,Very Poor,False,False,False,False,False,False,False,False,False,False,False,False,False
2017-11-27,Amritsar,137.05,266.39,73.78,45.09,118.88,14.69,2.52,10.52,60.42,9.0,10.16,16.8,313.0,Very Poor,False,False,False,False,False,False,False,False,False,False,False,False,False
2017-11-28,Amritsar,129.76,268.24,83.19,41.77,124.96,15.91,2.65,15.28,52.76,11.13,11.52,18.88,306.0,Very Poor,False,False,False,False,False,False,False,False,False,False,False,False,False
2017-11-29,Amritsar,146.1,283.99,90.92,30.53,120.09,12.51,3.08,6.11,44.48,11.29,11.91,19.51,317.0,Very Poor,False,False,False,False,False,False,False,False,False,False,False,False,False
2017-11-30,Amritsar,146.1,265.34,86.92,33.22,119.97,9.54,2.91,6.23,27.76,12.97,12.59,20.81,323.0,Very Poor,False,False,False,False,False,False,False,False,False,False,False,False,False
2017-12-01,Amritsar,147.77,270.1,96.96,35.25,132.21,8.46,2.47,6.53,26.29,9.47,14.6,22.35,324.0,Very Poor,False,False,False,False,False,False,False,False,False,False,False,False,False
2017-12-02,Amritsar,119.12,232.05,79.18,23.9,103.08,6.57,1.96,8.67,30.52,8.83,11.75,19.74,296.0,Poor,False,False,False,False,False,False,False,False,False,False,False,False,False
2017-12-03,Amritsar,130.16,239.25,66.72,14.57,81.29,3.21,2.31,6.87,19.05,9.79,11.89,20.02,309.0,Very Poor,False,False,False,False,False,False,False,False,False,False,False,False,False
2017-12-04,Amritsar,108.22,214.5,47.23,7.36,54.59,2.19,1.48,4.54,18.64,5.09,9.61,16.63,266.0,Poor,False,False,False,False,False,False,False,False,False,False,False,False,False
2017-12-05,Amritsar,92.93,189.34,47.7,3.08,50.78,1.0,1.39,3.69,18.47,4.94,9.32,15.93,227.0,Poor,False,False,False,False,False,False,False,False,False,False,False,False,False
2017-12-06,Amritsar,51.36,134.65,8.1,102.85,105.34,21.74,1.14,4.3,18.65,4.14,7.48,11.05,,,False,False,False,False,False,False,False,False,False,False,False,False,True
2017-12-07,Amritsar,106.08,215.78,19.15,49.15,66.48,9.95,2.41,10.52,24.02,5.45,9.64,15.73,185.0,Moderate,False,False,False,False,False,False,False,False,False,False,False,False,False
2017-12-08,Amritsar,131.98,266.2,31.82,20.28,52.09,3.11,2.83,15.63,23.9,9.68,11.96,18.04,298.0,Poor,False,False,False,False,False,False,False,False,False,False,False,False,False
2017-12-09,Amritsar,117.47,236.63,38.13,19.17,57.3,2.67,2.15,6.8,20.97,12.27,12.24,19.51,304.0,Very Poor,False,False,False,False,False,False,False,False,False,False,False,False,False
2017-12-10,Amritsar,102.19,198.88,33.67,18.62,52.28,2.49,3.83,7.07,19.06,9.15,10.31,17.46,277.0,Poor,False,False,False,False,False,False,False,False,False,False,False,False,False
2017-12-11,Amritsar,44.98,87.5,25.9,13.03,38.91,3.09,3.75,9.09,17.91,3.94,6.9,13.09,162.0,Moderate,False,False,False,False,False,False,False,False,False,False,False,False,False
2017-12-12,Amritsar,53.43,87.57,25.21,10.07,35.27,1.73,2.82,4.37,19.16,2.59,5.31,11.12,127.0,Moderate,False,False,False,False,False,False,False,False,False,False,False,False,False
2017-12-13,Amritsar,66.28,141.61,24.35,16.09,40.44,0.5,1.7,4.5,16.98,3.31,5.21,16.32,116.0,Moderate,False,False,False,False,False,False,False,False,False,False,False,False,False
2017-12-14,Amritsar,58.41,124.48,23.33,16.29,39.62,0.57,0.86,6.69,17.61,5.8,4.3,22.25,126.0,Moderate,False,False,False,False,False,False,False,False,False,False,False,False,False
2017-12-15,Amritsar,53.83,120.29,25.17,18.12,43.28,0.06,0.87,6.22,16.45,7.282857142857143,4.724285714285714,21.847142857142856,113.0,Moderate,False,False,False,False,False,False,False,False,False,True,True,True,False
2017-12-16,Amritsar,58.65,129.08,24.95,19.43,44.38,0.08,0.7,4.64,15.89,8.765714285714285,5.148571428571429,21.444285714285716,114.0,Moderate,False,False,False,False,False,False,False,False,False,True,True,True,False
2017-12-17,Amritsar,63.41,177.11,25.57,20.54,46.11,0.15,1.39,4.03,15.84,10.248571428571427,5.572857142857142,21.041428571428572,133.0,Moderate,False,False,False,False,False,False,False,False,False,True,True,True,False
2017-12-18,Amritsar,43.93,121.78,24.83,21.39,46.22,0.17,1.74,3.97,16.82,11.73142857142857,5.997142857142856,20.638571428571428,142.0,Moderate,False,False,False,False,False,False,False,False,False,True,True,True,False
2017-12-19,Amritsar,75.09,171.16,25.17,22.07,47.24,0.36,0.86,5.83,17.59,13.214285714285714,6.421428571428571,20.235714285714284,126.0,Moderate,False,False,False,False,False,False,False,False,False,True,True,True,False
2017-12-20,Amritsar,108.76,221.19,27.08,23.33,50.41,0.67,1.2,6.1,22.4,14.697142857142858,6.845714285714285,19.832857142857144,230.0,Poor,False,False,False,False,False,False,False,False,False,True,True,True,False
2017-12-21,Amritsar,87.22,198.96,20.54,42.63,54.36,4.86,0.96,12.91,24.44,16.18,7.27,19.43,227.0,Poor,False,False,False,False,False,False,False,False,False,False,False,False,False
2017-12-22,Amritsar,56.46,126.01,5.73,25.53,31.26,3.37,1.53,2.98,24.89,4.8,5.61,7.89,143.0,Moderate,False,False,False,False,False,False,False,False,False,False,False,False,False
2017-12-23,Amritsar,72.21,157.96,6.3,26.12,32.42,3.42,2.16,3.34,25.49,4.92,7.25,8.95,122.0,Moderate,False,False,False,False,False,False,False,False,False,False,False,False,False
2017-12-24,Amritsar,96.33,186.31,7.72,28.36,36.08,3.66,1.71,3.36,21.55,5.7,7.97,10.23,197.0,Moderate,False,False,False,False,False,False,False,False,False,False,False,False,False
2017-12-25,Amritsar,112.36,210.37,8.0,28.77,36.76,3.76,1.41,3.31,20.73,7.2,9.25,11.68,235.0,Poor,False,False,False,False,False,False,False,False,False,False,False,False,False
2017-12-26,Amritsar,148.9,272.45,7.08,28.1,35.17,3.62,1.22,2.86,19.3,10.16,10.6,12.87,315.0,Very Poor,False,False,False,False,False,False,False,False,False,False,False,False,False
2017-12-27,Amritsar,177.53,303.42,8.73,28.78,37.51,3.81,1.37,3.44,23.38,7.56,11.05,13.57,335.0,Very Poor,False,False,False,False,False,False,False,False,False,False,False,False,False
2017-12-28,Amritsar,101.19,188.85,5.98,26.62,32.6,3.32,1.24,5.94,23.25,5.23,8.68,9.38,298.0,Poor,False,False,False,False,False,False,False,False,False,False,False,False,False
2017-12-29,Amritsar,100.84,199.13,5.9,27.47,33.37,3.34,1.63,3.94,23.1,8.05,9.54,7.86,233.0,Poor,False,False,False,False,False,False,False,False,False,False,False,False,False
2017-12-30,Amritsar,133.75,254.85,6.72,28.81,35.53,3.51,2.0,3.58,19.5,8.93,11.08,9.95,283.0,Poor,False,False,False,False,False,False,False,False,False,False,False,False,False
2017-12-31,Amritsar,158.06,285.43,8.56,30.4,38.96,3.78,2.11,3.77,19.09,10.6,12.65,12.85,321.0,Very Poor,False,False,False,False,False,False,False,False,False,False,False,False,False
2018-01-01,Amritsar,161.69,291.36,7.82,30.43,38.24,3.71,1.7,2.9,18.68,5.76,11.41,10.61,331.0,Very Poor,False,False,False,False,False,False,False,False,False,False,False,False,False
2018-01-02,Amritsar,149.97,260.76,9.53,31.25,40.78,3.93,1.74,3.12,18.93,5.17,11.12,9.71,331.0,Very Poor,False,False,False,False,False,False,False,False,False,False,False,False,False
2018-01-03,Amritsar,87.04,179.58,7.47,29.9,37.38,3.65,1.42,3.54,18.71,4.76,8.49,5.67,232.0,Poor,False,False,False,False,False,False,False,False,False,False,False,False,False
2018-01-04,Amritsar,88.35222222222222,181.68666666666667,7.1899999999999995,34.98888888888889,43.21666666666667,4.7844444444444445,1.4255555555555555,3.7455555555555557,19.59111111111111,5.5055555555555555,8.642222222222223,4.96125,212.0,Poor,True,True,True,True,True,True,True,True,True,True,True,True,False
2018-01-05,Amritsar,89.66444444444444,183.79333333333335,6.91,40.077777777777776,49.053333333333335,5.918888888888889,1.431111111111111,3.951111111111111,20.47222222222222,6.251111111111111,8.794444444444444,4.2525,,,True,True,True,True,True,True,True,True,True,True,True,True,True
2018-01-06,Amritsar,90.97666666666667,185.9,6.63,45.166666666666664,54.89,7.053333333333333,1.4366666666666665,4.156666666666666,21.353333333333335,6.996666666666667,8.946666666666667,3.54375,,,True,True,True,True,True,True,True,True,True,True,True,True,True
2018-01-07,Amritsar,92.28888888888889,188.00666666666666,6.35,50.25555555555555,60.72666666666667,8.187777777777777,1.442222222222222,4.362222222222222,22.234444444444446,7.742222222222223,9.098888888888888,2.8350000000000004,,,True,True,True,True,True,True,True,True,True,True,True,True,True
2018-01-08,Amritsar,93.60111111111111,190.11333333333334,6.07,55.34444444444444,66.56333333333333,9.322222222222221,1.4477777777777778,4.567777777777778,23.115555555555556,8.487777777777778,9.251111111111111,2.12625,,,True,True,True,True,True,True,True,True,True,True,True,True,True
2018-01-09,Amritsar,94.91333333333333,192.22,5.79,60.43333333333333,72.4,10.456666666666665,1.4533333333333334,4.773333333333333,23.996666666666666,9.233333333333334,9.403333333333332,1.4175000000000004,,,True,True,True,True,True,True,True,True,True,True,True,True,True
2018-01-10,Amritsar,96.22555555555556,194.32666666666665,5.51,65.52222222222221,78.23666666666666,11.59111111111111,1.458888888888889,4.978888888888889,24.87777777777778,9.97888888888889,9.555555555555555,0.7087500000000002,,,True,True,True,True,True,True,True,True,True,True,True,True,True
2018-01-11,Amritsar,97.53777777777778,196.43333333333334,5.23,70.61111111111111,84.07333333333332,12.725555555555555,1.4644444444444444,5.184444444444444,25.75888888888889,10.724444444444444,9.707777777777778,0.0,,,True,True,True,True,True,True,True,True,True,True,True,False,True
2018-01-12,Amritsar,98.85,198.54,4.95,75.7,89.91,13.86,1.47,5.39,26.64,11.47,9.86,5.61,,,False,False,False,False,False,False,False,False,False,False,False,False,True
2018-01-13,Amritsar,103.52,189.41,7.5,78.17,86.29,14.23,1.66,3.32,19.76,6.81,10.37,9.68,237.0,Poor,False,False,False,False,False,False,False,False,False,False,False,False,False
2018-01-14,Amritsar,124.02,195.9,23.65,94.18,134.6,16.76,1.92,5.71,20.39,9.63,10.4,8.75,310.0,Very Poor,False,False,False,False,False,False,False,False,False,False,False,False,False
2018-01-15,Amritsar,66.92,138.18,17.36,86.72,105.11,15.85,1.36,3.24,23.5,8.01,8.29,7.29,170.0,Moderate,False,False,False,False,False,False,False,False,False,False,False,False,False
2018-01-16,Amritsar,77.72,158.17,7.18,79.22,86.56,14.3,1.44,10.0,23.22,13.14,10.33,10.69,152.0,Moderate,False,False,False,False,False,False,False,False,False,False,False,False,False
2018-01-17,Amritsar,77.71,151.64,5.23,77.4,96.5,14.02,1.25,3.27,19.23,6.07,8.03,7.3,144.0,Moderate,False,False,False,False,False,False,False,False,False,False,False,False,False
2018-01-18,Amritsar,73.58,146.1,5.84,78.11,84.39,14.16,1.2,5.07,19.1,4.96,8.02,6.48,165.0,Moderate,False,False,False,False,False,False,False,False,False,False,False,False,False
2018-01-19,Amritsar,61.57,131.82,5.4,77.61,96.68,14.11,1.23,3.64,20.29,4.7,7.62,5.88,126.0,Moderate,False,False,False,False,False,False,False,False,False,False,False,False,False
2018-01-20,Amritsar,70.31,154.81,5.62,76.93,82.55,13.97,1.24,3.89,21.19,7.51,8.02,6.38,129.0,Moderate,False,False,False,False,False,False,False,False,False,False,False,False,False
2018-01-21,Amritsar,74.04,163.69,6.29,76.91,83.2,13.92,1.2,3.09,22.55,7.6,8.52,7.13,149.0,Moderate,False,False,False,False,False,False,False,False,False,False,False,False,False
2018-01-22,Amritsar,58.91,131.93,5.36,77.1,82.45,13.85,1.1,2.76,19.82,5.69,7.65,6.37,125.0,Moderate,False,False,False,False,False,False,False,False,False,False,False,False,False
2018-01-23,Amritsar,58.9,110.95,6.49,78.77,88.61,14.05,0.82,3.24,17.78,4.59,7.61,5.88,123.0,Moderate,False,False,False,False,False,False,False,False,False,False,False,False,False
2018-01-24,Amritsar,26.86,59.87,6.99,78.52,99.51,14.0,0.68,3.05,18.36,4.96,6.69,5.28,115.0,Moderate,False,False,False,False,False,False,False,False,False,False,False,False,False
2018-01-25,Amritsar,62.55,122.25,7.44,79.24,87.27,14.09,1.98,3.1,17.4,4.21,7.93,6.53,127.0,Moderate,False,False,False,False,False,False,False,False,False,False,False,False,False
2018-01-26,Amritsar,57.51,120.69,7.2,79.01,99.72,14.09,1.26,2.5,17.71,4.53,7.76,5.08,118.0,Moderate,False,False,False,False,False,False,False,False,False,False,False,False,False
2018-01-27,Amritsar,70.09,160.56,15.42,60.24,81.09,12.37,1.04,5.11,17.25,5.34,7.16,5.29,132.0,Moderate,False,False,False,False,False,False,False,False,False,False,False,False,False
2018-01-28,Amritsar,53.67,114.13,79.13,34.3,103.35,13.71,0.92,4.04,13.69,10.26,8.26,5.82,124.0,Moderate,False,False,False,False,False,False,False,False,False,False,False,False,False
2018-01-29,Amritsar,45.61,101.86,56.09,45.86,115.47,14.12,0.94,3.4,15.74,10.4,8.29,6.12,127.0,Moderate,False,False,False,False,False,False,False,False,False,False,False,False,False
2018-01-30,Amritsar,61.12,131.87,72.13,47.57,120.39,17.18,0.92,3.52,13.38,12.7,8.52,7.04,142.0,Moderate,False,False,False,False,False,False,False,False,False,False,False,False,False
2018-01-31,Amritsar,56.96,135.69,71.85,53.42,140.88,16.33,0.92,2.97,13.15,12.27,8.08,6.53,150.0,Moderate,False,False,False,False,False,False,False,False,False,False,False,False,False
2018-02-01,Amritsar,44.39,114.54,72.97,54.79,127.95,16.33,0.94,3.48,13.89,12.84,8.01,7.08,159.0,Moderate,False,False,False,False,False,False,False,False,False,False,False,False,False
2018-02-02,Amritsar,31.79,96.3,66.62,59.83,141.5,15.06,0.82,2.56,13.11,11.53,7.19,6.0,149.0,Moderate,False,False,False,False,False,False,False,False,False,False,False,False,False
2018-02-03,Amritsar,55.78,138.44,70.91,65.5,150.96,15.15,0.77,2.79,14.2,13.55,8.71,7.37,168.0,Moderate,False,False,False,False,False,False,False,False,False,False,False,False,False
2018-02-04,Amritsar,50.4,131.72,57.49,70.81,141.86,14.1,0.66,2.66,14.0,11.04,7.43,5.76,165.0,Moderate,False,False,False,False,False,False,False,False,False,False,False,False,False
2018-02-05,Amritsar,58.71,147.2,43.49,57.73,100.19,9.31,0.64,3.22,17.08,10.47,7.9,6.23,152.0,Moderate,False,False,False,False,False,False,False,False,False,False,False,False,False
2018-02-06,Amritsar,48.6,136.91,28.66,49.52,82.69,4.74,0.63,2.82,13.82,11.9,7.85,6.61,130.0,Moderate,False,False,False,False,False,False,False,False,False,False,False,False,False
2018-02-07,Amritsar,59.76,157.27,22.63,42.42,68.61,3.53,0.64,4.03,16.12,10.06,7.75,6.05,130.0,Moderate,False,False,False,False,False,False,False,False,False,False,False,False,False
2018-02-08,Amritsar,67.11,160.02,18.92,49.05,71.77,4.75,0.61,3.38,14.43,11.24,8.26,6.4,141.0,Moderate,False,False,False,False,False,False,False,False,False,False,False,False,False
2018-02-09,Amritsar,69.65,162.02,16.51,49.28,65.6,4.9,0.64,7.24,18.68,10.41,8.28,6.94,138.0,Moderate,False,False,False,False,False,False,False,False,False,False,False,False,False
2018-02-10,Amritsar,67.14,166.85,30.58,61.48,102.14,12.93,0.63,4.55,19.32,11.45,8.25,7.0,145.0,Moderate,False,False,False,False,False,False,False,False,False,False,False,False,False
2018-02-11,Amritsar,58.38,177.22,17.58,48.94,66.03,16.18,0.59,5.85,12.41,10.52,7.74,6.14,147.0,Moderate,False,False,False,False,False,False,False,False,False,False,False,False,False
2018-02-12,Amritsar,48.16,87.04,12.79,35.24,60.95,14.94,0.52,2.83,12.54,8.39,6.72,5.0,123.0,Moderate,False,False,False,False,False,False,False,False,False,False,False,False,False
2018-02-13,Amritsar,16.26,52.61,12.77,28.35,40.12,12.94,0.44,2.75,12.28,8.89,6.54,4.98,66.0,Satisfactory,False,False,False,False,False,False,False,False,False,False,False,False,False
2018-02-14,Amritsar,15.91,50.34,16.37,33.5,48.87,13.41,0.53,2.63,11.79,9.27,6.58,5.08,58.0,Satisfactory,False,False,False,False,False,False,False,False,False,False,False,False,False
2018-02-15,Amritsar,31.96,94.51,14.59,33.41,47.0,13.14,0.59,2.68,12.86,9.79,7.03,5.37,77.0,Satisfactory,False,False,False,False,False,False,False,False,False,False,False,False,False
2018-02-16,Amritsar,68.32,181.17,18.6,30.42,53.75,13.4,1.53,5.1,12.65,9.66,7.47,5.87,129.0,Moderate,False,False,False,False,False,False,False,False,False,False,False,False,False
2018-02-17,Amritsar,41.54,135.18,15.39,9.04,34.52,10.71,0.76,2.93,16.54,9.73,7.6,6.21,137.0,Moderate,False,False,False,False,False,False,False,False,False,False,False,False,False
2018-02-18,Amritsar,53.44,159.72,15.28,11.58,37.88,11.03,0.72,3.1,15.95,9.86,7.97,6.1,133.0,Moderate,False,False,False,False,False,False,False,False,False,False,False,False,False
2018-02-19,Amritsar,52.41,166.21,15.9,13.27,39.88,11.08,0.71,3.54,16.97,10.46,7.72,6.35,139.0,Moderate,False,False,False,False,False,False,False,False,False,False,False,False,False
2018-02-20,Amritsar,69.46,205.16,16.51,13.13,40.59,10.95,0.66,3.72,12.89,11.28,8.05,6.1,162.0,Moderate,False,False,False,False,False,False,False,False,False,False,False,False,False
2018-02-21,Amritsar,54.32,166.52,14.04,9.71,34.15,10.82,0.67,4.71,17.76,9.99,7.7,6.06,154.0,Moderate,False,False,False,False,False,False,False,False,False,False,False,False,False
2018-02-22,Amritsar,43.14,122.51,14.65,10.2,36.43,11.57,0.61,4.93,16.89,9.66,7.48,5.83,124.0,Moderate,False,False,False,False,False,False,False,False,False,False,False,False,False
2018-02-23,Amritsar,52.39,143.82,18.45,13.52,43.62,11.79,0.61,4.66,17.32,11.44,7.71,5.94,123.0,Moderate,False,False,False,False,False,False,False,False,False,False,False,False,False
2018-02-24,Amritsar,29.75,89.22,16.36,10.8,38.61,11.45,0.54,4.14,17.81,10.52,7.12,5.48,114.0,Moderate,False,False,False,False,False,False,False,False,False,False,False,False,False
2018-02-25,Amritsar,28.475,85.13499999999999,14.335,8.335,28.505,10.844999999999999,0.53,3.8949999999999996,20.549999999999997,9.475,6.96,5.335000000000001,85.0,Satisfactory,True,True,True,True,True,True,True,True,True,True,True,True,False
2018-02-26,Amritsar,27.2,81.05,12.31,5.87,18.4,10.24,0.52,3.65,23.29,8.43,6.8,5.19,,,False,False,False,False,False,False,False,False,False,False,False,False,True
2018-02-27,Amritsar,58.6,153.78,15.83,9.93,35.86,10.57,0.55,4.14,18.36,11.46,7.7,5.83,119.0,Moderate,False,False,False,False,False,False,False,False,False,False,False,False,False
2018-02-28,Amritsar,57.97,149.22,15.54,9.32,34.92,10.55,0.47,3.58,17.94,11.71,7.72,5.89,133.0,Moderate,False,False,False,False,False,False,False,False,False,False,False,False,False
2018-03-01,Amritsar,46.84,128.01,16.33,9.46,36.16,10.5,0.56,3.83,16.46,12.02,7.85,6.22,132.0,Moderate,False,False,False,False,False,False,False,False,False,False,False,False,False
2018-03-02,Amritsar,16.77,58.27,14.4,7.56,21.96,10.14,0.62,3.5,17.53,9.62,6.53,4.94,79.0,Satisfactory,False,False,False,False,False,False,False,False,False,False,False,False,False
2018-03-03,Amritsar,25.72,77.3,16.06,8.99,35.26,10.21,0.65,3.55,17.96,11.16,7.2,5.72,73.0,Satisfactory,False,False,False,False,False,False,False,False,False,False,False,False,False
2018-03-04,Amritsar,19.79,57.47,16.75,9.64,36.17,9.78,0.74,4.36,18.93,10.36,6.66,5.17,64.0,Satisfactory,False,False,False,False,False,False,False,False,False,False,False,False,False
2018-03-05,Amritsar,31.52,77.37,12.38,6.09,26.79,8.68,0.71,3.46,23.99,9.89,6.87,5.16,69.0,Satisfactory,False,False,False,False,False,False,False,False,False,False,False,False,False
2018-03-06,Amritsar,47.8,85.78,10.74,4.86,22.62,7.06,0.63,2.86,25.36,8.82,5.26,3.68,73.0,Satisfactory,False,False,False,False,False,False,False,False,False,False,False,False,False
2018-03-07,Amritsar,58.97,153.53,10.96,9.45,20.72,7.05,0.69,3.85,18.99,7.39,3.25,1.86,133.0,Moderate,False,False,False,False,False,False,False,False,False,False,False,False,False
2018-03-08,Amritsar,51.79,140.04,11.78,10.5,22.28,7.13,0.75,3.92,17.81,6.29,2.0,1.25,132.0,Moderate,False,False,False,False,False,False,False,False,False,False,False,False,False
2018-03-09,Amritsar,29.06,104.61,11.67,9.14,27.71,7.18,0.69,3.55,18.23,5.16,1.42,0.85,112.0,Moderate,False,False,False,False,False,False,False,False,False,False,False,False,False
2018-03-10,Amritsar,28.63,90.7,12.54,9.03,21.57,7.76,0.69,3.71,26.84,4.03,1.32,0.72,91.0,Satisfactory,False,False,False,False,False,False,False,False,False,False,False,False,False
2018-03-11,Amritsar,42.29,129.74,12.7,9.54,29.85,7.97,0.64,3.72,30.89,4.91,1.44,0.85,110.0,Moderate,False,False,False,False,False,False,False,False,False,False,False,False,False
2018-03-12,Amritsar,48.66,155.13,12.38,8.7,28.47,7.78,0.57,8.52,31.15,4.89,1.59,1.25,128.0,Moderate,False,False,False,False,False,False,False,False,False,False,False,False,False
2018-03-13,Amritsar,54.53,157.09,11.78,8.0,20.1,8.69,0.88,3.55,29.18,5.07,1.73,1.38,140.0,Moderate,False,False,False,False,False,False,False,False,False,False,False,False,False
2018-03-14,Amritsar,40.21,138.73,11.93,8.52,20.46,9.31,0.92,3.09,31.63,4.12,1.3,0.95,125.0,Moderate,False,False,False,False,False,False,False,False,False,False,False,False,False
2018-03-15,Amritsar,27.42,104.51,14.66,6.89,27.71,8.26,1.31,3.42,34.72,3.47,0.98,0.65,119.0,Moderate,False,False,False,False,False,False,False,False,False,False,False,False,False
2018-03-16,Amritsar,20.92,81.28,15.02,13.74,38.41,9.66,0.78,6.25,40.85,3.52,0.97,0.76,88.0,Satisfactory,False,False,False,False,False,False,False,False,False,False,False,False,False
2018-03-17,Amritsar,30.1,96.19,13.61,14.15,27.87,9.95,0.76,1.95,37.46,3.8,1.05,0.72,93.0,Satisfactory,False,False,False,False,False,False,False,False,False,False,False,False,False
2018-03-18,Amritsar,43.88,137.19,13.38,15.46,28.84,9.99,0.89,2.35,34.26,4.61,1.34,0.9,112.0,Moderate,False,False,False,False,False,False,False,False,False,False,False,False,False
2018-03-19,Amritsar,44.86,144.69,11.95,14.56,26.51,9.1,0.84,2.63,36.17,3.65,1.29,0.79,138.0,Moderate,False,False,False,False,False,False,False,False,False,False,False,False,False
2018-03-20,Amritsar,56.47,158.03,13.78,12.76,35.48,8.69,0.75,2.59,23.55,4.01,1.48,0.96,124.0,Moderate,False,False,False,False,False,False,False,False,False,False,False,False,False
2018-03-21,Amritsar,20.96,75.37,13.85,4.88,22.74,5.64,0.84,2.72,29.63,4.18,2.82,1.35,106.0,Moderate,False,False,False,False,False,False,False,False,False,False,False,False,False
2018-03-22,Amritsar,15.44,57.58,13.73,4.94,28.91,5.64,0.86,2.45,29.02,4.28,2.68,1.55,72.0,Satisfactory,False,False,False,False,False,False,False,False,False,False,False,False,False
2018-03-23,Amritsar,37.84,115.7,13.8,4.88,24.49,5.65,0.9,2.4,30.86,4.18,3.0,1.63,,,False,False,False,False,False,False,False,False,False,False,False,False,True
2018-03-24,Amritsar,53.87,150.64,17.23,11.11,28.34,10.48,0.74,7.43,34.24,5.65,3.53,3.23,,,False,False,False,False,False,False,False,False,False,False,False,False,True
2018-03-25,Amritsar,52.32,136.13,18.62,13.02,31.63,12.83,0.93,1.91,38.35,3.57,2.68,2.21,,,False,False,False,False,False,False,False,False,False,False,False,False,True
2018-03-26,Amritsar,85.49,196.39,17.51,14.09,31.6,13.86,0.9,2.92,36.59,4.81,6.07,4.11,,,False,False,False,False,False,False,False,False,False,False,False,False,True
2018-03-27,Amritsar,79.32,200.53,17.48,12.94,13.12,14.62,0.37,6.19,21.93,2.21,3.29,1.88,,,False,False,False,False,False,False,False,False,False,False,False,False,True
2018-03-28,Amritsar,58.0,153.79,17.38392156862745,11.72,13.274901960784312,13.1,1.04,5.09,22.32078431372549,2.186078431372549,3.2852941176470587,1.9658823529411764,,,False,False,True,False,True,True,False,False,True,True,True,True,True
2018-03-29,Amritsar,43.46,137.94,17.287843137254903,13.6,13.429803921568627,11.58,1.03,1.52,22.71156862745098,2.162156862745098,3.280588235294118,2.051764705882353,,,False,False,True,False,True,False,False,False,True,True,True,True,True
2018-03-30,Amritsar,51.975,156.9,17.191764705882353,10.03,13.58470588235294,11.95,0.94,5.94,23.10235294117647,2.138235294117647,3.2758823529411765,2.1376470588235295,,,True,True,True,True,True,False,False,False,True,True,True,True,True
2018-03-31,Amritsar,60.49,175.86,17.095686274509806,6.46,13.739607843137254,10.05,0.78,4.04,23.49313725490196,2.114313725490196,3.271176470588235,2.223529411764706,,,False,False,True,False,True,False,False,False,True,True,True,True,True
2018-04-01,Amritsar,42.65,127.85,16.999607843137255,8.85,13.894509803921569,10.315000000000001,0.77,4.97,23.88392156862745,2.090392156862745,3.2664705882352942,2.309411764705882,,,False,False,True,False,True,True,False,False,True,True,True,True,True
2018-04-02,Amritsar,34.55,140.89,16.903529411764705,6.95,14.049411764705882,10.58,0.78,4.64,24.27470588235294,2.066470588235294,3.261764705882353,2.3952941176470586,,,False,False,True,False,True,False,False,False,True,True,True,True,True
2018-04-03,Amritsar,65.85,164.22,16.807450980392158,6.36,14.204313725490195,7.88,0.85,4.41,24.66549019607843,2.042549019607843,3.2570588235294116,2.481176470588235,,,False,False,True,False,True,False,False,False,True,True,True,True,True
2018-04-04,Amritsar,60.17,196.48,16.711372549019607,2.24,14.35921568627451,8.545,0.96,5.48,25.05627450980392,2.018627450980392,3.2523529411764707,2.5670588235294116,,,False,False,True,False,True,True,False,False,True,True,True,True,True
2018-04-05,Amritsar,52.95,159.99,16.61529411764706,16.91,14.514117647058823,9.21,0.29,6.02,25.44705882352941,1.994705882352941,3.2476470588235293,2.652941176470588,,,False,False,True,False,True,False,False,False,True,True,True,True,True
2018-04-06,Amritsar,46.28,131.27,16.51921568627451,17.53,14.669019607843136,9.33,0.24,5.68,25.8378431372549,1.9707843137254901,3.2429411764705884,2.7388235294117647,126.0,Moderate,False,False,True,False,True,False,False,False,True,True,True,True,False
2018-04-07,Amritsar,34.09,105.54,16.42313725490196,17.85,14.823921568627451,9.03,0.26,4.15,26.22862745098039,1.9468627450980391,3.238235294117647,2.824705882352941,110.0,Moderate,False,False,True,False,True,False,False,False,True,True,True,True,False
2018-04-08,Amritsar,42.13,124.71,16.327058823529413,17.43,14.978823529411764,9.05,0.24,5.38,26.61941176470588,1.9229411764705882,3.2335294117647058,2.9105882352941173,112.0,Moderate,False,False,True,False,True,False,False,False,True,True,True,True,False
2018-04-09,Amritsar,28.51,138.44,16.230980392156862,11.57,15.133725490196078,7.14,0.62,4.41,27.01019607843137,1.8990196078431372,3.228823529411765,2.9964705882352938,138.0,Moderate,False,False,True,False,True,False,False,False,True,True,True,True,False
2018-04-10,Amritsar,34.87,97.24,16.134901960784315,2.45,15.288627450980393,6.23,0.99,5.9,27.40098039215686,1.8750980392156862,3.2241176470588235,3.0823529411764703,96.0,Satisfactory,False,False,True,False,True,False,False,False,True,True,True,True,False
2018-04-11,Amritsar,18.64,55.1,,4.58,,8.43,0.94,4.71,,,,,77.0,Satisfactory,False,False,True,False,True,False,False,False,True,True,True,True,False
2018-04-12,Amritsar,28.11,65.25,,237.27,,25.24,0.82,4.64,,,,,72.0,Satisfactory,False,False,True,False,True,False,False,False,True,True,True,True,False
2018-04-13,Amritsar,42.29,99.54,,25.06,,4.8,0.81,5.11,,,,,83.0,Satisfactory,False,False,True,False,True,False,False,False,True,True,True,True,False
2018-04-14,Amritsar,52.59,129.54,,22.42,,4.94,0.78,4.63,,,,,107.0,Moderate,False,False,True,False,True,False,False,False,True,True,True,True,False
2018-04-15,Amritsar,55.56,140.47,,21.13,,6.1,0.96,4.5,,,,,128.0,Moderate,False,False,True,False,True,False,False,False,True,True,True,True,False
2018-04-16,Amritsar,33.87,119.64,,16.37,,6.35,0.94,4.32,,,,,122.0,Moderate,False,False,True,False,True,False,False,False,True,True,True,True,False
2018-04-17,Amritsar,22.94,70.01,,16.99,,9.61,0.92,6.11,,,,,99.0,Satisfactory,False,False,True,False,True,False,False,False,True,True,True,True,False
2018-04-18,Amritsar,35.71,100.19,,4.89,,4.14,0.81,5.0,,,,,85.0,Satisfactory,False,False,True,False,True,False,False,False,True,True,True,True,False
2018-04-19,Amritsar,43.0,134.69,,9.02,,6.96,1.16,4.1,,,,,117.0,Moderate,False,False,True,False,True,False,False,False,True,True,True,True,False
2018-04-20,Amritsar,17.8,63.32,,9.46,,8.2,0.92,4.99,,,,,94.0,Satisfactory,False,False,True,False,True,False,False,False,True,True,True,True,False
2018-04-21,Amritsar,21.1,77.96,,8.67,,8.02,0.62,4.65,,,,,66.0,Satisfactory,False,False,True,False,True,False,False,False,True,True,True,True,False
2018-04-22,Amritsar,23.62,80.1,,8.81,,8.01,0.6,4.83,,,,,78.0,Satisfactory,False,False,True,False,True,False,False,False,True,True,True,True,False
2018-04-23,Amritsar,29.8,98.84,,8.82,,7.88,0.75,4.28,,,,,94.0,Satisfactory,False,False,True,False,True,False,False,False,True,True,True,True,False
2018-04-24,Amritsar,60.36,161.24,,8.64,,7.81,0.64,4.88,,,,,119.0,Moderate,False,False,True,False,True,False,False,False,True,True,True,True,False
2018-04-25,Amritsar,69.33,167.05,,9.24,,7.89,0.55,4.85,,,,,148.0,Moderate,False,False,True,False,True,False,False,False,True,True,True,True,False
2018-04-26,Amritsar,43.85,109.9,,8.67,,6.99,0.75,4.74,,,,,119.0,Moderate,False,False,True,False,True,False,False,False,True,True,True,True,False
2018-04-27,Amritsar,81.81,203.55,,9.99,,8.01,0.72,5.37,,,,,138.0,Moderate,False,False,True,False,True,False,False,False,True,True,True,True,False
2018-04-28,Amritsar,71.4,148.06,,10.58,,8.19,0.51,4.23,,,,,156.0,Moderate,False,False,True,False,True,False,False,False,True,True,True,True,False
2018-04-29,Amritsar,61.67,148.89,,10.58,,8.22,0.64,5.94,,,,,136.0,Moderate,False,False,True,False,True,False,False,False,True,True,True,True,False
2018-04-30,Amritsar,64.92,178.5,,10.64,,8.19,0.74,8.03,,,,,149.0,Moderate,False,False,True,False,True,False,False,False,True,True,True,True,False
2018-05-01,Amritsar,77.06,201.95,,11.04,,7.87,0.87,8.84,,,,,157.0,Moderate,False,False,True,False,True,False,False,False,True,True,True,True,False
2018-05-02,Amritsar,60.54,188.97,,10.25,,6.78,2.31,12.24,,,,,161.0,Moderate,False,False,True,False,True,False,False,False,True,True,True,True,False
2018-05-03,Amritsar,37.37,83.42,,8.35,,5.24,0.89,6.86,,,,,120.0,Moderate,False,False,True,False,True,False,False,False,True,True,True,True,False
2018-05-04,Amritsar,46.96,117.05,,8.24,,5.14,0.8,4.5,,,,,104.0,Moderate,False,False,True,False,True,False,False,False,True,True,True,True,False
2018-05-05,Amritsar,60.38,157.78,,8.23,,5.14,0.95,5.8,,,,,123.0,Moderate,False,False,True,False,True,False,False,False,True,True,True,True,False
2018-05-06,Amritsar,43.89,121.76,,8.22,,5.13,0.79,5.07,,,,,131.0,Moderate,False,False,True,False,True,False,False,False,True,True,True,True,False
2018-05-07,Amritsar,26.75,83.47,,8.26,,5.13,0.62,6.45,,,,,95.0,Satisfactory,False,False,True,False,True,False,False,False,True,True,True,True,False
2018-05-08,Amritsar,31.61,81.6,,8.21,,5.13,0.53,5.14,,,,,82.0,Satisfactory,False,False,True,False,True,False,False,False,True,True,True,True,False
2018-05-09,Amritsar,58.47,118.73,,8.25,,5.13,0.57,4.77,,,,,100.0,Satisfactory,False,False,True,False,True,False,False,False,True,True,True,True,False
2018-05-10,Amritsar,99.65,169.11,,8.25,,5.14,0.7,4.96,,,,,178.0,Moderate,False,False,True,False,True,False,False,False,True,True,True,True,False
2018-05-11,Amritsar,108.04,198.34,,8.24,,5.13,0.7,5.85,,,,,252.0,Poor,False,False,True,False,True,False,False,False,True,True,True,True,False
2018-05-12,Amritsar,118.6,206.81,,8.26,,5.13,0.68,5.73,,,,,273.0,Poor,False,False,True,False,True,False,False,False,True,True,True,True,False
2018-05-13,Amritsar,41.29,89.89,,8.22,,5.13,0.54,6.12,,,,,153.0,Moderate,False,False,True,False,True,False,False,False,True,True,True,True,False
2018-05-14,Amritsar,51.48,113.43,,8.22,,5.13,0.61,5.39,,,,,102.0,Moderate,False,False,True,False,True,False,False,False,True,True,True,True,False
2018-05-15,Amritsar,75.55,148.68,,8.23,,5.13,0.64,5.43,,,,,128.0,Moderate,False,False,True,False,True,False,False,False,True,True,True,True,False
2018-05-16,Amritsar,56.32,136.55,,8.27,,5.11,0.66,6.05,,,,,127.0,Moderate,False,False,True,False,True,False,False,False,True,True,True,True,False
2018-05-17,Amritsar,92.14,196.87,12.58,8.35,21.02,5.07,0.63,5.91,41.86,0.99,3.05,6.26,167.0,Moderate,False,False,False,False,False,False,False,False,False,False,False,False,False
2018-05-18,Amritsar,84.74,196.78,12.55,8.41,20.97,5.04,0.66,5.46,38.02,1.0,3.05,6.23,206.0,Poor,False,False,False,False,False,False,False,False,False,False,False,False,False
2018-05-19,Amritsar,72.32,163.27,12.54,8.25,20.79,5.11,0.59,5.99,35.54,0.91,2.94,5.36,149.0,Moderate,False,False,False,False,False,False,False,False,False,False,False,False,False
2018-05-20,Amritsar,67.71,106.21,12.56,8.47,21.03,5.02,0.69,5.01,38.8,0.84,2.93,5.54,131.0,Moderate,False,False,False,False,False,False,False,False,False,False,False,False,False
2018-05-21,Amritsar,74.3,134.46,12.55,8.61,21.15,4.99,0.61,5.77,38.82,0.76,2.76,5.8,127.0,Moderate,False,False,False,False,False,False,False,False,False,False,False,False,False
2018-05-22,Amritsar,104.43,152.02,12.52,8.4,20.93,5.07,0.63,5.03,40.73,0.84,2.82,5.98,252.0,Poor,False,False,False,False,False,False,False,False,False,False,False,False,False
2018-05-23,Amritsar,52.81,112.14,12.51,8.31,20.82,5.11,0.58,5.9,42.01,0.77,2.8,5.85,134.0,Moderate,False,False,False,False,False,False,False,False,False,False,False,False,False
2018-05-24,Amritsar,51.88,100.81,12.53,8.33,20.86,5.1,0.63,5.56,41.07,0.79,2.79,5.78,102.0,Moderate,False,False,False,False,False,False,False,False,False,False,False,False,False
2018-05-25,Amritsar,62.72,124.43,12.59,8.56,21.15,5.01,0.58,6.65,41.84,0.94,2.84,5.88,114.0,Moderate,False,False,False,False,False,False,False,False,False,False,False,False,False
2018-05-26,Amritsar,74.08,126.26,12.63,8.34,20.97,5.08,0.53,5.85,42.98,0.97,2.83,5.77,132.0,Moderate,False,False,False,False,False,False,False,False,False,False,False,False,False
2018-05-27,Amritsar,72.53,138.75,12.63,8.3,20.93,5.09,0.48,5.72,42.48,0.74,2.64,5.5,134.0,Moderate,False,False,False,False,False,False,False,False,False,False,False,False,False
2018-05-28,Amritsar,108.07,76.5,12.63,8.24,20.87,5.11,0.97,7.2,40.83,0.86,2.76,5.75,225.0,Poor,False,False,False,False,False,False,False,False,False,False,False,False,False
2018-05-29,Amritsar,74.32,61.18,12.62,8.36,20.99,5.07,0.98,6.52,44.43,0.83,2.6,5.52,196.0,Moderate,False,False,False,False,False,False,False,False,False,False,False,False,False
2018-05-30,Amritsar,66.86,67.01,12.53,8.69,21.22,4.99,0.74,6.42,41.35,0.8,2.5,5.17,113.0,Moderate,False,False,False,False,False,False,False,False,False,False,False,False,False
2018-05-31,Amritsar,75.49,327.61,12.34,22.51,20.81,6.42,0.92,5.16,34.32,0.88,2.54,4.97,130.0,Moderate,False,False,False,False,False,False,False,False,False,False,False,False,False
2018-06-01,Amritsar,99.15,331.54,0.4,8.55,8.62,1.51,1.56,6.51,23.58,0.75,2.62,4.6,254.0,Poor,False,False,False,False,False,False,False,False,False,False,False,False,False
2018-06-02,Amritsar,48.66,179.33,1.42,8.57,9.19,1.6,1.26,6.14,20.8,0.6,2.43,4.78,200.0,Moderate,False,False,False,False,False,False,False,False,False,False,False,False,False
2018-06-03,Amritsar,67.25,199.98,0.76,8.4,8.35,1.58,1.24,6.23,23.36,0.58,2.46,5.24,164.0,Moderate,False,False,False,False,False,False,False,False,False,False,False,False,False
2018-06-04,Amritsar,61.84,194.06,5.32,9.97,12.51,3.7,1.8,6.29,33.48,0.52,2.21,4.03,174.0,Moderate,False,False,False,False,False,False,False,False,False,False,False,False,False
2018-06-05,Amritsar,59.22,208.58,12.27,9.6,21.53,4.87,1.23,3.13,38.93,0.6,2.46,4.18,164.0,Moderate,False,False,False,False,False,False,False,False,False,False,False,False,False
2018-06-06,Amritsar,56.269999999999996,177.555,12.875,13.415,24.28,3.995,2.02,3.93,42.855,0.62,2.46,4.275,170.0,Moderate,True,True,True,True,True,True,True,True,True,True,True,True,False
2018-06-07,Amritsar,53.32,146.53,13.48,17.23,27.03,3.12,2.81,4.73,46.78,0.64,2.46,4.37,,,False,False,False,False,False,False,False,False,False,False,False,False,True
2018-06-08,Amritsar,54.7,175.81,57.62,29.71,39.7,5.39,2.1,6.52,32.46,0.92,2.79,5.3,148.0,Moderate,False,False,False,False,False,False,False,False,False,False,False,False,False
2018-06-09,Amritsar,29.87,135.11,25.06,6.05,21.99,4.36,0.75,11.15,28.03,0.53,2.43,4.35,133.0,Moderate,False,False,False,False,False,False,False,False,False,False,False,False,False
2018-06-10,Amritsar,50.25,148.66,9.57,18.11,28.68,4.54,1.2675,10.2,33.35,0.7,2.57,5.12,128.0,Moderate,False,False,False,False,False,False,True,False,False,False,False,False,False
2018-06-11,Amritsar,51.72,175.01,12.28,48.32,61.6,4.67,1.785,14.28,27.6,0.62,2.13,4.38,135.0,Moderate,False,False,False,False,False,False,True,False,False,False,False,False,False
2018-06-12,Amritsar,63.27,260.67,47.78,91.53,126.16,31.31,2.3024999999999998,7.91,38.92,0.9,3.04,8.83,,,False,False,False,False,False,False,True,False,False,False,False,False,True
2018-06-13,Amritsar,83.88,340.65,33.85,13.99,43.79,9.52,2.82,7.38,34.24,1.04,2.87,5.89,221.0,Poor,False,False,False,False,False,False,False,False,False,False,False,False,False
2018-06-14,Amritsar,194.84,917.08,22.27,17.41,39.68,6.45,2.3499999999999996,6.88,28.53,0.7,2.57,4.57,732.0,Severe,False,False,False,False,False,False,True,False,False,False,False,False,False
2018-06-15,Amritsar,262.84,802.87,18.83,14.54,33.37,6.7,1.88,5.26,31.27,0.57,2.54,4.49,869.0,Severe,False,False,False,False,False,False,True,False,False,False,False,False,False
2018-06-16,Amritsar,145.95,401.62,17.86,13.25,31.1,7.53,1.41,8.52,29.86,0.49,2.44,4.6,695.0,Severe,False,False,False,False,False,False,True,False,False,False,False,False,False
2018-06-17,Amritsar,49.36,215.18,17.91,13.17,31.08,7.53,0.94,4.35,30.54,0.55,2.46,5.09,222.0,Poor,False,False,False,False,False,False,True,False,False,False,False,False,False
2018-06-18,Amritsar,41.53,183.02,20.97,14.08,35.05,6.59,0.4700000000000002,6.47,41.74,0.63,2.56,4.89,158.0,Moderate,False,False,False,False,False,False,True,False,False,False,False,False,False
2018-06-19,Amritsar,39.78,171.73,23.1,15.08,38.19,5.6,0.0,7.19,46.14,0.73,2.64,4.7,154.0,Moderate,False,False,False,False,False,False,False,False,False,False,False,False,False
2018-06-20,Amritsar,44.05,152.49,13.1,16.37,29.47,5.81,0.1488888888888889,6.46,34.83,0.88,2.8,4.89,143.0,Moderate,False,False,False,False,False,False,True,False,False,False,False,False,False
2018-06-21,Amritsar,33.94,120.27,12.02,17.25,29.27,5.93,0.2977777777777778,5.67,42.11,0.9,2.69,4.66,121.0,Moderate,False,False,False,False,False,False,True,False,False,False,False,False,False
2018-06-22,Amritsar,40.94,150.34,11.3,16.96,28.26,6.18,0.4466666666666667,7.43,49.88,1.26,2.92,5.41,126.0,Moderate,False,False,False,False,False,False,True,False,False,False,False,False,False
2018-06-23,Amritsar,32.02,154.91,11.04,16.48,27.52,6.32,0.5955555555555556,7.24,47.67333333333333,0.99,2.68,4.98,145.0,Moderate,False,False,False,False,False,False,True,False,True,False,False,False,False
2018-06-24,Amritsar,41.94,120.52,10.89,16.47,27.36,6.23,0.7444444444444446,6.33,45.46666666666667,1.13,2.67,5.07,113.0,Moderate,False,False,False,False,False,False,True,False,True,False,False,False,False
2018-06-25,Amritsar,45.02,174.24,10.83,16.07,26.9,6.24,0.8933333333333334,4.7,43.26,0.88,2.3,3.45,113.0,Moderate,False,False,False,False,False,False,True,False,False,False,False,False,False
2018-06-26,Amritsar,49.85,229.22,10.6,15.85,26.44,6.33,1.0422222222222224,6.46,28.48,0.83,2.21,4.72,189.0,Moderate,False,False,False,False,False,False,True,False,False,False,False,False,False
2018-06-27,Amritsar,30.38,85.39,10.56,16.22,26.78,6.23,1.1911111111111112,7.4,29.44,0.62,2.0,3.58,110.0,Moderate,False,False,False,False,False,False,True,False,False,False,False,False,False
2018-06-28,Amritsar,21.99,46.12,10.88,16.14,27.02,6.09,1.34,12.55,24.31,0.58,1.88,3.26,86.0,Satisfactory,False,False,False,False,False,False,False,False,False,False,False,False,False
2018-06-29,Amritsar,14.6,40.21,10.77,16.86,27.63,5.96,1.1925000000000001,8.09,17.42,0.71,2.2,3.84,47.0,Good,False,False,False,False,False,False,True,False,False,False,False,False,False
2018-06-30,Amritsar,26.32,72.24,11.82,17.53,29.34,6.64,1.045,9.9,26.17,0.94,2.44,4.51,50.0,Good,False,False,False,False,False,False,True,False,False,False,False,False,False
2018-07-01,Amritsar,39.38,89.71,13.26,18.89,32.13,7.34,0.8975,3.78,39.68,1.23,2.73,5.27,94.0,Satisfactory,False,False,False,False,False,False,True,False,False,False,False,False,False
2018-07-02,Amritsar,42.91,96.36,13.17,18.79,31.94,7.41,0.75,4.23,36.15,1.0,2.28,4.4,96.0,Satisfactory,False,False,False,False,False,False,True,False,False,False,False,False,False
2018-07-03,Amritsar,29.81,42.27,13.11,18.68,31.77,7.44,0.6024999999999999,9.09,21.49,0.6,2.04,3.6,59.0,Satisfactory,False,False,False,False,False,False,True,False,False,False,False,False,False
2018-07-04,Amritsar,57.48,49.28,19.18,18.73,34.32,7.33,0.45499999999999996,11.28,20.67,0.65,2.09,3.96,83.0,Satisfactory,False,False,False,False,False,False,True,False,False,False,False,False,False
2018-07-05,Amritsar,35.43,75.99,4.7,7.37,11.84,4.63,0.3074999999999999,5.02,31.48,0.73,2.21,4.11,71.0,Satisfactory,False,False,False,False,False,False,True,False,False,False,False,False,False
2018-07-06,Amritsar,57.96,119.11,8.37,9.12,17.48,5.47,0.16,10.6,37.0,1.08,2.37,4.54,101.0,Moderate,False,False,False,False,False,False,False,False,False,False,False,False,False
2018-07-07,Amritsar,51.58,109.11,11.37,9.3,20.67,6.76,0.18,7.1,40.35,1.05,2.42,5.01,107.0,Moderate,False,False,False,False,False,False,False,False,False,False,False,False,False
2018-07-08,Amritsar,41.99,92.76,11.28,9.2,20.48,6.75,0.46,6.03,38.63,0.82,2.2,4.42,95.0,Satisfactory,False,False,False,False,False,False,False,False,False,False,False,False,False
2018-07-09,Amritsar,43.36,87.53,11.31,9.17,20.48,6.88,0.15,9.03,38.7,0.65,1.98,3.31,93.0,Satisfactory,False,False,False,False,False,False,False,False,False,False,False,False,False
2018-07-10,Amritsar,52.64,68.71,8.86,10.8,19.66,7.33,0.23,7.33,25.46,0.71,2.1,3.85,88.0,Satisfactory,False,False,False,False,False,False,False,False,False,False,False,False,False
2018-07-11,Amritsar,28.48,46.52,9.4,10.06,19.46,7.42,0.47,7.25,30.39,0.63,2.06,3.95,81.0,Satisfactory,False,False,False,False,False,False,False,False,False,False,False,False,False
2018-07-12,Amritsar,36.03,55.76,10.43,8.76,19.19,7.64,0.4425,5.66,25.23,3.29,2.6,3.73,50.0,Good,False,False,False,False,False,False,True,False,False,False,False,False,False
2018-07-13,Amritsar,16.45,33.03,10.6,9.01,18.3,7.67,0.415,11.91,17.04,5.57,2.75,2.14,60.0,Satisfactory,False,False,False,False,False,False,True,False,False,False,False,False,False
2018-07-14,Amritsar,21.83,45.5,9.99,9.18,19.16,7.68,0.38749999999999996,7.33,37.11,3.17,1.92,3.06,,,False,False,False,False,False,False,True,False,False,False,False,False,True
2018-07-15,Amritsar,21.47,41.26,9.76,9.43,19.19,7.59,0.36,7.56,30.98,2.69,1.82,5.49,,,False,False,False,False,False,False,True,False,False,False,False,False,True
2018-07-16,Amritsar,28.43,47.3,9.81,9.41,18.61,7.55,0.3325,3.1,29.37,2.58,1.77,5.09,49.0,Good,False,False,False,False,False,False,True,False,False,False,False,False,False
2018-07-17,Amritsar,22.09,41.49,10.07,9.35,16.76,7.6,0.305,2.67,34.97,1.92,1.31,4.28,49.0,Good,False,False,False,False,False,False,True,False,False,False,False,False,False
2018-07-18,Amritsar,24.9,53.83,10.48,8.82,14.49,7.69,0.27749999999999997,3.84,40.09,1.33,0.84,3.01,55.0,Satisfactory,False,False,False,False,False,False,True,False,False,False,False,False,False
2018-07-19,Amritsar,18.52,53.06,10.44,8.73,15.41,7.65,0.25,3.39,41.53,1.69,1.05,4.41,,,False,False,False,False,False,False,False,False,False,False,False,False,True
2018-07-20,Amritsar,26.85,65.56,10.29,8.06,18.35,6.96,0.41,9.02,27.54,2.02,1.51,6.09,67.0,Satisfactory,False,False,False,False,False,False,False,False,False,False,False,False,False
2018-07-21,Amritsar,27.89,60.21,9.6,5.99,15.59,4.69,0.42,6.07,30.64,2.21,1.69,8.48,64.0,Satisfactory,False,False,False,False,False,False,False,False,False,False,False,False,False
2018-07-22,Amritsar,25.89,27.13,9.36,6.06,15.42,4.71,0.34,3.75,34.04,1.76,1.34,8.49,54.0,Satisfactory,False,False,False,False,False,False,False,False,False,False,False,False,False
2018-07-23,Amritsar,23.24,40.44,9.38,6.02,12.91,4.71,0.36,4.05,39.98,1.54,0.93,6.25,50.0,Good,False,False,False,False,False,False,False,False,False,False,False,False,False
2018-07-24,Amritsar,24.15,48.14,10.29,5.21,10.99,6.2,0.37,3.71,38.48,1.16,0.9,3.58,74.0,Satisfactory,False,False,False,False,False,False,False,False,False,False,False,False,False
2018-07-25,Amritsar,28.38,51.05,10.73,4.85,14.59,6.7,0.37,3.45,31.95,1.54,1.19,4.75,54.0,Satisfactory,False,False,False,False,False,False,False,False,False,False,False,False,False
2018-07-26,Amritsar,14.82,31.86,10.62,4.83,7.46,6.71,0.13,3.45,27.37,0.93,0.63,1.92,50.0,Good,False,False,False,False,False,False,False,False,False,False,False,False,False
2018-07-27,Amritsar,10.8,29.2,11.29,5.6,13.59,6.06,0.2,2.63,31.03,1.37,0.89,3.61,,,False,False,False,False,False,False,False,False,False,False,False,False,True
2018-07-28,Amritsar,11.164800000000001,28.23,12.49,6.7,19.19,5.32,0.24,1.95,27.33,1.84,1.39,7.89,25.0,Good,True,False,False,False,False,False,False,False,False,False,False,False,False
2018-07-29,Amritsar,11.5296,38.77,12.69,6.65,19.32,5.31,0.37,1.92,26.45,1.99,1.55,10.86,46.0,Good,True,False,False,False,False,False,False,False,False,False,False,False,False
2018-07-30,Amritsar,11.894400000000001,49.86,12.67,6.6,19.3,5.31,0.33,2.04,32.44,2.18,1.69,12.12,68.0,Satisfactory,True,False,False,False,False,False,False,False,False,False,False,False,False
2018-07-31,Amritsar,12.259200000000002,59.9,12.42,6.63,19.05,5.34,0.3,2.12,36.58,2.19,1.6,7.91,59.0,Satisfactory,True,False,False,False,False,False,False,False,False,False,False,False,False
2018-08-01,Amritsar,12.624,63.84,12.7,7.14,19.81,5.77,0.17,2.21,39.25,2.0,1.49,7.34,71.0,Satisfactory,True,False,False,False,False,False,False,False,False,False,False,False,False
2018-08-02,Amritsar,12.988800000000001,61.34,14.06,8.58,22.66,7.14,0.5,3.89,42.72,1.87,1.36,7.84,62.0,Satisfactory,True,False,False,False,False,False,False,False,False,False,False,False,False
2018-08-03,Amritsar,13.3536,147.2,14.18,8.94,23.12,7.08,0.23,2.77,30.38,2.08,1.55,11.38,67.0,Satisfactory,True,False,False,False,False,False,False,False,False,False,False,False,False
2018-08-04,Amritsar,13.7184,127.95,12.49,8.67,21.08,5.64,0.14,4.57,38.44,1.84,1.22,5.86,126.0,Moderate,True,False,False,False,False,False,False,False,False,False,False,False,False
2018-08-05,Amritsar,14.083200000000001,83.64,11.48,8.11,19.59,4.03,0.15125000000000002,5.08,33.16,1.85,1.28,8.64,100.0,Satisfactory,True,False,False,False,False,False,True,False,False,False,False,False,False
2018-08-06,Amritsar,14.448,47.79,11.72,8.08,19.81,3.92,0.1625,6.87,34.94,1.76,1.19,7.62,66.0,Satisfactory,True,False,False,False,False,False,True,False,False,False,False,False,False
2018-08-07,Amritsar,14.812800000000001,19.9,12.57,7.92,20.49,3.58,0.17375000000000002,8.37,34.38,1.72,1.27,7.2,39.0,Good,True,False,False,False,False,False,True,False,False,False,False,False,False
2018-08-08,Amritsar,15.177600000000002,18.23,13.32,6.56,17.81,3.21,0.185,6.67,33.25,1.94,1.4,6.75,37.0,Good,True,False,False,False,False,False,True,False,False,False,False,False,False
2018-08-09,Amritsar,15.5424,19.99,5.55,7.11,12.66,7.71,0.19625,7.22,35.4,1.99,1.39,5.88,40.0,Good,True,False,False,False,False,False,True,False,False,False,False,False,False
2018-08-10,Amritsar,15.907200000000001,38.43,5.69,7.67,13.36,7.56,0.20750000000000002,8.7,34.38,2.02,1.63,9.18,42.0,Good,True,False,False,False,False,False,True,False,False,False,False,False,False
2018-08-11,Amritsar,,38.21,5.73,7.76,13.49,7.43,0.21875,8.69,29.83,2.32,2.04,11.65,42.0,Good,True,False,False,False,False,False,True,False,False,False,False,False,False
2018-08-12,Amritsar,,65.08,5.52,7.83,13.35,7.46,0.23,8.41,28.86,2.07,1.73,11.65,43.0,Good,True,False,False,False,False,False,True,False,False,False,False,False,False
2018-08-13,Amritsar,,47.75,6.32,8.79,14.95,7.22,0.24125000000000002,6.75,29.1,1.88,1.45,8.93,64.0,Satisfactory,True,False,False,False,False,False,True,False,False,False,False,False,False
2018-08-14,Amritsar,,35.59,9.76,10.34,20.11,5.91,0.2525,7.25,38.17,1.8,1.36,10.34,44.0,Good,True,False,False,False,False,False,True,False,False,False,False,False,False
2018-08-15,Amritsar,,31.42,9.59,10.37,19.96,5.94,0.26375000000000004,9.04,33.88,2.0,1.67,11.11,,,True,False,False,False,False,False,True,False,False,False,False,False,True
2018-08-16,Amritsar,,61.22,7.73,10.24,18.08,6.2,0.275,6.69,36.6,1.92,1.24,7.36,,,True,False,False,False,False,False,True,False,False,False,False,False,True
2018-08-17,Amritsar,,50.07,7.37,9.47,16.84,5.62,0.28625,3.14,33.74,1.97,1.35,10.23,,,True,False,False,False,False,False,True,False,False,False,False,False,True
2018-08-18,Amritsar,,28.55,7.22,9.46,16.69,5.66,0.2975,6.39,39.73,1.89,1.49,11.03,64.0,Satisfactory,True,False,False,False,False,False,True,False,False,False,False,False,False
2018-08-19,Amritsar,,24.03,7.16,9.47,16.62,5.68,,5.18,32.67,1.9,1.45,10.81,40.0,Good,True,False,False,False,False,False,True,False,False,False,False,False,False
2018-08-20,Amritsar,,39.04,9.14,10.14,19.27,6.17,0.32,5.76,34.69,1.97,1.34,8.03,61.0,Satisfactory,True,False,False,False,False,False,False,False,False,False,False,False,False
2018-08-21,Amritsar,19.92,37.9,13.48,12.06,25.24,6.42,1.01,8.09,32.38,2.35,1.35,4.98,42.0,Good,False,False,False,False,False,False,False,False,False,False,False,False,False
2018-08-22,Amritsar,20.281803278688525,43.11,14.16,13.5,27.66,6.56,0.04,6.63,29.55,5.83,3.1,6.46,,,True,False,False,False,False,False,False,False,False,False,False,False,True
2018-08-23,Amritsar,20.64360655737705,30.87,12.46,12.01,21.0,7.26,0.0,5.23,25.65,4.85,2.54,7.12,40.0,Good,True,False,False,False,False,False,False,False,False,False,False,False,False
2018-08-24,Amritsar,21.005409836065574,47.04,14.88,13.39,25.88,6.29,0.0,6.56,31.61,4.72,2.57,9.67,39.0,Good,True,False,False,False,False,False,False,False,False,False,False,False,False
2018-08-25,Amritsar,21.3672131147541,55.11,32.86333333333334,19.853333333333335,37.379999999999995,10.68,0.0,13.5,30.946666666666665,3.8366666666666664,2.0633333333333335,7.516666666666667,,,True,True,True,True,True,True,True,True,True,True,True,True,True
2018-08-26,Amritsar,21.729016393442624,63.18,50.84666666666667,26.31666666666667,48.879999999999995,15.07,0.0,20.44,30.283333333333335,2.953333333333333,1.5566666666666666,5.363333333333333,,,True,True,True,True,True,True,True,True,True,True,True,True,True
2018-08-27,Amritsar,22.09081967213115,71.25,68.83,32.78,60.38,19.46,0.0,27.38,29.62,2.07,1.05,3.21,,,True,False,False,False,False,False,False,False,False,False,False,False,True
2018-08-28,Amritsar,22.452622950819674,92.29,15.11,11.84,23.56,5.75,0.04,6.1,36.0,5.0,2.65,5.75,,,True,False,False,False,False,False,False,False,False,False,False,False,True
2018-08-29,Amritsar,22.8144262295082,99.16,12.38,11.74,23.74,3.62,0.03923076923076923,4.98,15.3,5.83,3.35,11.83,98.0,Satisfactory,True,False,False,False,False,False,True,False,False,False,False,False,False
2018-08-30,Amritsar,23.176229508196723,73.84,11.03,10.68,20.6,4.86,0.038461538461538464,5.32,20.33,5.38,2.93,7.52,86.0,Satisfactory,True,False,False,False,False,False,True,False,False,False,False,False,False
2018-08-31,Amritsar,23.538032786885246,86.23,11.92,9.68,16.05,5.98,0.03769230769230769,5.79,29.21,4.26,3.5,4.19,72.0,Satisfactory,True,False,False,False,False,False,True,False,False,False,False,False,False
2018-09-01,Amritsar,23.899836065573773,74.16,15.86,18.0,23.87,11.87,0.036923076923076927,5.43,33.67,4.68,4.88,7.26,78.0,Satisfactory,True,False,False,False,False,False,True,False,False,False,False,False,False
2018-09-02,Amritsar,24.261639344262296,48.94,12.55,10.27,18.51,5.76,0.036153846153846154,2.36,13.52,4.17,2.15,1.93,,,True,False,False,False,False,False,True,False,False,False,False,False,True
2018-09-03,Amritsar,24.623442622950822,36.88,18.56,12.7,13.82,8.53,0.03538461538461538,3.28,20.52,4.05,4.03,5.56,,,True,False,False,False,False,False,True,False,False,False,False,False,True
2018-09-04,Amritsar,24.985245901639345,39.17,21.61,11.55,29.63,7.67,0.03461538461538462,2.99,23.02,4.88,5.88,5.25,39.0,Good,True,False,False,False,False,False,True,False,False,False,False,False,False
2018-09-05,Amritsar,,64.29,12.35,10.75,19.65,5.99,0.033846153846153845,2.33,32.89,4.92,4.77,4.11,53.0,Satisfactory,True,False,False,False,False,False,True,False,False,False,False,False,False
2018-09-06,Amritsar,,82.86,11.14,8.52,19.66,5.36,0.03307692307692308,2.4,22.94,6.81,7.62,6.87,70.0,Satisfactory,True,False,False,False,False,False,True,False,False,False,False,False,False
2018-09-07,Amritsar,,56.13,9.57,7.29,16.86,4.69,0.03230769230769231,2.74,19.52,6.66,8.47,7.52,72.0,Satisfactory,True,False,False,False,False,False,True,False,False,False,False,False,False
2018-09-08,Amritsar,,24.89,10.26,7.84,18.1,4.47,0.031538461538461536,3.13,22.58,5.02,7.59,8.23,40.0,Good,True,False,False,False,False,False,True,False,False,False,False,False,False
2018-09-09,Amritsar,,34.62,10.88,10.65,21.4,4.37,0.03076923076923077,2.87,17.87,5.23,7.87,11.46,33.0,Good,True,False,False,False,False,False,True,False,False,False,False,False,False
2018-09-10,Amritsar,,43.28,10.47,10.85,21.24,4.34,0.03,4.32,19.64,5.43,8.11,11.24,36.0,Good,True,False,False,False,False,False,True,False,False,False,False,False,False
2018-09-11,Amritsar,,42.87,15.68,15.46,31.14,10.81,0.02923076923076923,2.74,21.88,5.44,8.16,11.58,45.0,Good,True,False,False,False,False,False,True,False,False,False,False,False,False
2018-09-12,Amritsar,,47.01,17.18,14.9,32.09,13.52,,2.81,21.21,4.66,6.9,9.22,46.0,Good,True,False,False,False,False,False,True,False,False,False,False,False,False
2018-09-13,Amritsar,,84.37,14.76,10.91,25.66,9.91,,3.09,19.33,4.03,5.85,8.54,56.0,Satisfactory,True,False,False,False,False,False,True,False,False,False,False,False,False
2018-09-14,Amritsar,,44.41,15.63,11.35,26.98,9.42,,2.15,20.13,3.94,5.77,9.74,77.0,Satisfactory,True,False,False,False,False,False,True,False,False,False,False,False,False
2018-09-15,Amritsar,,36.96,15.74,11.61,27.34,9.31,,3.01,19.82,4.08,5.91,10.03,38.0,Good,True,False,False,False,False,False,True,False,False,False,False,False,False
2018-09-16,Amritsar,,41.76,15.74,11.37,27.11,9.31,,2.28,22.39,4.09,6.0,10.48,39.0,Good,True,False,False,False,False,False,True,False,False,False,False,False,False
2018-09-17,Amritsar,,56.83,15.24,11.48,26.72,9.5,,3.49,25.12,4.27,6.1,10.36,48.0,Good,True,False,False,False,False,False,True,False,False,False,False,False,False
2018-09-18,Amritsar,,67.86,15.55,11.79,27.34,9.32,,2.03,25.65,4.4,6.25,10.57,63.0,Satisfactory,True,False,False,False,False,False,True,False,False,False,False,False,False
2018-09-19,Amritsar,,81.95,15.34,11.69,27.03,9.42,,3.25,25.84,4.58,6.39,10.75,76.0,Satisfactory,True,False,False,False,False,False,True,False,False,False,False,False,False
2018-09-20,Amritsar,,88.29,14.89,11.32,26.21,9.68,,2.78,27.92,4.37,6.23,10.58,84.0,Satisfactory,True,False,False,False,False,False,True,False,False,False,False,False,False
2018-09-21,Amritsar,,73.77,14.78,11.04,25.82,9.81,,2.57,24.4,4.24,5.97,10.26,86.0,Satisfactory,True,False,False,False,False,False,True,False,False,False,False,False,False
2018-09-22,Amritsar,,33.3,15.34,10.85,24.48,9.66,,4.17,18.28,4.0,5.81,9.23,52.0,Satisfactory,True,False,False,False,False,False,True,False,False,False,False,False,False
2018-09-23,Amritsar,,10.81,18.2,3.94,22.06,7.38,0.02,5.15,10.8,3.87,5.72,7.31,32.0,Good,True,False,False,False,False,False,False,False,False,False,False,False,False
2018-09-24,Amritsar,,17.01,5.52,0.79,6.29,6.7,0.03,4.9,16.19,5.77,3.68,6.79,22.0,Good,True,False,False,False,False,False,True,False,False,False,False,False,False
2018-09-25,Amritsar,,27.65,6.39,1.41,7.8,4.63,0.039999999999999994,3.16,12.47,12.5,0.73,12.25,20.0,Good,True,False,False,False,False,False,True,False,False,False,False,False,False
2018-09-26,Amritsar,,84.37,5.0,1.41,6.41,4.17,0.05,6.76,10.35,18.6,1.82,15.71,56.0,Satisfactory,True,False,False,False,False,False,True,False,False,False,False,False,False
2018-09-27,Amritsar,,93.59,5.79,4.82,10.6,6.58,0.06,4.37,16.55,17.04,1.13,13.8,91.0,Satisfactory,True,False,False,False,False,False,False,False,False,False,False,False,False
2018-09-28,Amritsar,,94.38,10.47,11.77,22.26,12.22,0.06166666666666666,5.97,19.15,22.43,1.15,15.15,94.0,Satisfactory,True,False,False,False,False,False,True,False,False,False,False,False,False
2018-09-29,Amritsar,,43.79,13.44,14.45,27.88,11.18,0.06333333333333332,6.46,18.06,15.48,0.91,14.48,67.0,Satisfactory,True,False,False,False,False,False,True,False,False,False,False,False,False
2018-09-30,Amritsar,,84.29,12.2,14.12,26.33,10.97,0.065,6.29,19.94,16.68,1.6,15.52,68.0,Satisfactory,True,False,False,False,False,False,True,False,False,False,False,False,False
2018-10-01,Amritsar,,119.97,10.65,14.79,25.44,11.08,0.06666666666666667,6.5,20.78,18.14,1.67,15.25,100.0,Satisfactory,True,False,False,False,False,False,True,False,False,False,False,False,False
2018-10-02,Amritsar,,130.41,10.67,15.03,25.7,10.88,0.06833333333333333,5.83,21.03,16.96,1.56,15.23,119.0,Moderate,True,False,False,False,False,False,True,False,False,False,False,False,False
2018-10-03,Amritsar,,134.54,10.62,14.44,25.04,10.64,0.06999999999999999,6.65,17.06,16.32,1.48,14.76,122.0,Moderate,True,False,False,False,False,False,True,False,False,False,False,False,False
2018-10-04,Amritsar,,79.33,12.77,18.87,31.65,10.07,0.07166666666666667,6.61,20.1,14.45,1.04,13.28,104.0,Moderate,True,False,False,False,False,False,True,False,False,False,False,False,False
2018-10-05,Amritsar,,65.32,11.02,17.17,28.2,9.51,0.07333333333333333,6.18,21.78,9.74,0.85,8.32,78.0,Satisfactory,True,False,False,False,False,False,True,False,False,False,False,False,False
2018-10-06,Amritsar,,95.99,12.69,15.89,28.58,9.8,0.075,6.16,18.11,14.31,1.29,12.6,83.0,Satisfactory,True,False,False,False,False,False,True,False,False,False,False,False,False
2018-10-07,Amritsar,,194.56,11.01,15.38,26.39,9.96,0.07666666666666666,6.75,23.54,17.31,1.64,14.68,133.0,Moderate,True,False,False,False,False,False,True,False,False,False,False,False,False
2018-10-08,Amritsar,,154.77,10.98,12.72,23.7,11.46,0.07833333333333334,5.05,20.87,16.63,1.3,10.72,157.0,Moderate,True,False,False,False,False,False,True,False,False,False,False,False,False
2018-10-09,Amritsar,,87.81,12.7,10.99,23.68,13.5,0.08,3.72,9.48,21.28,0.68,8.76,106.0,Moderate,True,False,False,False,False,False,True,False,False,False,False,False,False
2018-10-10,Amritsar,,132.12,15.73,14.43,30.16,16.85,0.08166666666666667,4.15,17.22,18.53,1.19,10.38,93.0,Satisfactory,True,False,False,False,False,False,True,False,False,False,False,False,False
2018-10-11,Amritsar,,152.34,22.22,21.74,43.96,24.05,0.08333333333333333,6.05,21.4,20.64,1.1,7.66,146.0,Moderate,True,False,False,False,False,False,True,False,False,False,False,False,False
2018-10-12,Amritsar,,152.55,28.01,27.25,55.27,25.23,,6.43,17.28,16.96,1.29,12.73,129.0,Moderate,True,False,False,False,False,False,True,False,False,False,False,False,False
2018-10-13,Amritsar,,211.81,27.51,26.32,53.83,24.88,,5.77,18.01,20.31,1.76,14.86,150.0,Moderate,True,False,False,False,False,False,True,False,False,False,False,False,False
2018-10-14,Amritsar,,271.06,25.75,26.49,52.24,24.71,,6.71,18.63,14.99,2.02,14.5,209.0,Poor,True,False,False,False,False,False,True,False,False,False,False,False,False
2018-10-15,Amritsar,,228.06,18.97,23.23,42.76,20.99,0.09,6.47,24.57,13.21,1.81,10.83,203.0,Poor,True,False,False,False,False,False,False,False,False,False,False,False,False
2018-10-16,Amritsar,,125.47,12.31,18.58,31.89,17.99,0.0,6.07,30.09,9.97,1.16,7.83,145.0,Moderate,True,False,False,False,False,False,False,False,False,False,False,False,False
2018-10-17,Amritsar,,121.94,14.24,19.97,35.21,18.55,0.0,6.19,24.0,11.77,1.35,9.42,106.0,Moderate,True,False,False,False,False,False,False,False,False,False,False,False,False
2018-10-18,Amritsar,,106.02,15.1,20.95,37.05,18.81,0.01,5.43,22.76,14.28,1.62,10.72,118.0,Moderate,True,False,False,False,False,False,False,False,False,False,False,False,False
2018-10-19,Amritsar,,112.9,16.77,22.89,40.66,18.72,0.0,6.5,21.61,11.69,1.58,10.52,106.0,Moderate,True,False,False,False,False,False,False,False,False,False,False,False,False
2018-10-20,Amritsar,,85.78,17.65,25.08,43.72,18.52,0.0,6.11,18.43,13.02,1.16,9.03,96.0,Satisfactory,True,False,False,False,False,False,False,False,False,False,False,False,False
2018-10-21,Amritsar,41.99,143.94,23.68,29.28,41.44,17.11,0.01,5.58,18.68,13.33,1.7,12.19,115.0,Moderate,False,False,False,False,False,False,False,False,False,False,False,False,False
2018-10-22,Amritsar,59.95,182.15,31.6,29.53,59.14,16.11,0.0,5.17,18.41,15.45,1.97,11.45,145.0,Moderate,False,False,False,False,False,False,False,False,False,False,False,False,False
2018-10-23,Amritsar,48.96,144.84,25.22,23.73,48.5,14.59,0.0,6.21,22.47,12.74,1.72,9.5,137.0,Moderate,False,False,False,False,False,False,False,False,False,False,False,False,False
2018-10-24,Amritsar,61.79,184.57,25.79,24.41,49.42,14.69,0.01,6.63,21.24,12.82,1.46,8.39,152.0,Moderate,False,False,False,False,False,False,False,False,False,False,False,False,False
2018-10-25,Amritsar,37.17,106.31,35.32,26.8,63.12,16.05,0.0,6.35,20.92,13.54,1.98,10.25,119.0,Moderate,False,False,False,False,False,False,False,False,False,False,False,False,False
2018-10-26,Amritsar,42.12,120.38,31.86,27.04,59.9,15.65,0.01,6.02,22.48,18.73,2.63,11.32,107.0,Moderate,False,False,False,False,False,False,False,False,False,False,False,False,False
2018-10-27,Amritsar,48.55,138.69,31.37,26.26,58.63,15.68,0.0,5.78,25.03,10.51,2.57,11.77,124.0,Moderate,False,False,False,False,False,False,False,False,False,False,False,False,False
2018-10-28,Amritsar,45.78,130.79,33.67,28.65,63.32,16.09,0.0,5.84,15.61,15.23,2.52,13.46,122.0,Moderate,False,False,False,False,False,False,False,False,False,False,False,False,False
2018-10-29,Amritsar,57.31,175.25,31.74,26.18,58.62,15.28,0.02,5.98,21.27,14.68,2.54,11.44,138.0,Moderate,False,False,False,False,False,False,False,False,False,False,False,False,False
2018-10-30,Amritsar,57.94,171.82,23.42,20.66,42.66,12.92,0.0,6.3,24.7,12.43,1.96,9.24,144.0,Moderate,False,False,False,False,False,False,False,False,False,False,False,False,False
2018-10-31,Amritsar,49.3,143.96,27.24,22.59,46.82,13.69,0.01,6.08,21.03,13.24,2.35,11.31,140.0,Moderate,False,False,False,False,False,False,False,False,False,False,False,False,False
2018-11-01,Amritsar,116.63,306.18,23.71,21.4,41.97,13.08,0.0,6.32,19.98,13.12,2.22,9.26,251.0,Poor,False,False,False,False,False,False,False,False,False,False,False,False,False
2018-11-02,Amritsar,33.74,87.84,20.17,21.19,41.35,12.48,0.01,6.0,15.41,8.35,1.12,6.98,137.0,Moderate,False,False,False,False,False,False,False,False,False,False,False,False,False
2018-11-03,Amritsar,48.76,139.29,22.89,27.79,50.66,13.46,0.07200000000000001,6.47,14.1,7.09,0.91,8.81,112.0,Moderate,False,False,False,False,False,False,True,False,False,False,False,False,False
2018-11-04,Amritsar,27.22,102.81,29.63,32.62,20.68,15.0,0.134,5.88,11.15,2.19,0.28,2.86,124.0,Moderate,False,False,False,False,False,False,True,False,False,False,False,False,False
2018-11-05,Amritsar,27.75,106.09,20.97,27.03,34.54,13.25,0.196,6.01,25.27,7.04,1.01,5.01,,,False,False,False,False,False,False,True,False,False,False,False,False,True
2018-11-06,Amritsar,31.86,90.9,25.7,38.29,63.98,14.88,0.258,12.569999999999999,13.28,11.08,1.32,11.73,74.0,Satisfactory,False,False,False,False,False,False,True,True,False,False,False,False,False
2018-11-07,Amritsar,73.92,213.3,34.67,43.28,75.25,16.74,0.32,19.13,11.34,11.65,2.66,14.0,146.0,Moderate,False,False,False,False,False,False,False,False,False,False,False,False,False
2018-11-08,Amritsar,96.85,215.67,29.06,32.62,54.79,14.69,1.13,9.91,30.02,4.68,1.57,6.07,237.0,Poor,False,False,False,False,False,False,False,False,False,False,False,False,False
2018-11-09,Amritsar,60.41,112.53,32.1,38.15,70.0,14.92,0.81,3.2,27.13,5.89,2.74,11.45,124.0,Moderate,False,False,False,False,False,False,False,False,False,False,False,False,False
2018-11-10,Amritsar,54.89,157.76,33.43,38.02,69.43,9.8,0.01,3.8,26.42,6.97,3.05,13.02,114.0,Moderate,False,False,False,False,False,False,False,False,False,False,False,False,False
2018-11-11,Amritsar,62.42,178.25,30.03,34.95,62.91,8.94,0.012,3.59,22.36,6.25,2.07,9.36,158.0,Moderate,False,False,False,False,False,False,True,False,False,False,False,False,False
2018-11-12,Amritsar,33.74,96.43,29.16,37.24,64.4,9.23,0.014,2.31,17.17,6.32,1.55,8.87,120.0,Moderate,False,False,False,False,False,False,True,False,False,False,False,False,False
2018-11-13,Amritsar,45.16,129.04,29.69,38.7,66.33,9.46,0.016,2.836666666666667,15.79,6.13,1.34,9.11,101.0,Moderate,False,False,False,False,False,False,True,True,False,False,False,False,False
2018-11-14,Amritsar,42.61,121.76,28.13,36.97,31.55,9.12,0.018000000000000002,3.3633333333333333,15.82,6.02,0.5,4.13,129.0,Moderate,False,False,False,False,False,False,True,True,False,False,False,False,False
2018-11-15,Amritsar,38.93,111.3,15.73,23.5,34.36,6.05,0.02,3.89,27.39,5.61,0.86,4.33,,,False,False,False,False,False,False,False,False,False,False,False,False,True
2018-11-16,Amritsar,49.87,142.45,24.72,35.8,58.53,8.49,0.0175,5.0575,19.76,6.06,1.03,8.72,115.0,Moderate,False,False,False,False,False,False,True,True,False,False,False,False,False
2018-11-17,Amritsar,71.74,205.11,27.67,38.24,63.92,9.03,0.015000000000000001,6.225,18.19,6.27,1.61,10.12,156.0,Moderate,False,False,False,False,False,False,True,True,False,False,False,False,False
2018-11-18,Amritsar,54.93,152.6,27.31,38.26,63.69,9.08,0.0125,7.3925,19.12,6.48,1.64,10.09,158.0,Moderate,False,False,False,False,False,False,True,True,False,False,False,False,False
2018-11-19,Amritsar,48.16,128.53,21.63,29.8,49.43,7.38,0.01,8.56,24.92,6.41,1.62,7.84,117.0,Moderate,False,False,False,False,False,False,False,False,False,False,False,False,False
2018-11-20,Amritsar,52.3,139.23,18.8,27.98,44.79,6.7,0.01,0.71,19.59,5.43,1.91,8.36,125.0,Moderate,False,False,False,False,False,False,False,False,False,False,False,False,False
2018-11-21,Amritsar,93.43,147.22,19.47,28.7,46.17,6.87,0.01,5.36,14.99,5.65,1.94,7.91,140.0,Moderate,False,False,False,False,False,False,False,False,False,False,False,False,False
2018-11-22,Amritsar,112.18,162.8,26.15,34.1,58.25,8.48,0.01,6.94,11.73,8.95,2.95,11.97,306.0,Very Poor,False,False,False,False,False,False,True,False,False,False,False,False,False
2018-11-23,Amritsar,46.38,102.86,18.97,31.23,48.19,7.14,0.01,6.3825,8.3,5.56,1.49,8.49,134.0,Moderate,False,False,False,False,False,False,True,True,False,False,False,False,False
2018-11-24,Amritsar,45.32,100.78,21.0,33.26,52.26,7.63,0.01,5.825,8.07,6.6,1.61,9.28,91.0,Satisfactory,False,False,False,False,False,False,True,True,False,False,False,False,False
2018-11-25,Amritsar,68.66,152.57,25.88,36.7,60.58,8.69,0.01,5.2675,8.86,6.98,2.99,13.36,121.0,Moderate,False,False,False,False,False,False,True,True,False,False,False,False,False
2018-11-26,Amritsar,63.86,142.12,24.13,33.08,55.21,8.12,0.01,4.71,16.83,7.99,2.81,12.22,135.0,Moderate,False,False,False,False,False,False,False,False,False,False,False,False,False
2018-11-27,Amritsar,69.37,154.01,26.61,36.36,60.97,8.73,0.0,4.216666666666667,20.57,6.95,2.81,13.63,132.0,Moderate,False,False,False,False,False,False,False,True,False,False,False,False,False
2018-11-28,Amritsar,63.2,140.32,23.81,33.88,55.69,8.06,0.0,3.723333333333333,19.47,5.39,2.12,11.14,127.0,Moderate,False,False,False,False,False,False,False,True,False,False,False,False,False
2018-11-29,Amritsar,65.15,144.93,26.81,33.27,58.08,8.5,0.01,3.23,21.4,6.16,2.62,11.75,130.0,Moderate,False,False,False,False,False,False,False,False,False,False,False,False,False
2018-11-30,Amritsar,62.87,139.7,25.09,31.37,54.46,8.06,0.0,7.56,20.76,5.99,2.37,9.59,135.0,Moderate,False,False,False,False,False,False,False,False,False,False,False,False,False
2018-12-01,Amritsar,62.95,140.07,29.56,36.7,64.23,9.16,0.01,5.91,16.61,6.47,3.3,12.07,125.0,Moderate,False,False,False,False,False,False,False,False,False,False,False,False,False
2018-12-02,Amritsar,41.91,93.07,28.89,38.0,64.86,9.19,0.0,7.7,17.04,6.18,2.65,12.0,109.0,Moderate,False,False,False,False,False,False,False,True,False,False,False,False,False
2018-12-03,Amritsar,53.8,123.95,28.33,33.28,47.57,8.6,0.01,9.49,23.99,6.18,1.8,8.0,101.0,Moderate,False,False,False,False,False,False,False,False,False,False,False,False,False
2018-12-04,Amritsar,76.21,168.2,21.75,26.18,39.31,7.04,0.02,7.11,23.88,4.83,2.22,7.97,115.0,Moderate,False,False,False,False,False,False,False,False,False,False,False,False,False
2018-12-05,Amritsar,61.69,137.47,27.29,33.08,55.41,8.51,0.01,4.06,19.18,5.55,2.84,10.88,127.0,Moderate,False,False,False,False,False,False,False,False,False,False,False,False,False
2018-12-06,Amritsar,70.49,156.56,40.56,43.85,82.42,11.49,0.0,4.773333333333333,15.79,6.32,2.84,14.09,139.0,Moderate,False,False,False,False,False,False,False,True,False,False,False,False,False
2018-12-07,Amritsar,63.57,141.24,29.04,33.89,60.93,8.88,0.0,5.486666666666666,20.74,6.36,1.94,9.04,130.0,Moderate,False,False,False,False,False,False,False,True,False,False,False,False,False
2018-12-08,Amritsar,69.19,153.63,34.65,37.59,70.23,9.95,0.01,6.2,16.57,6.52,2.25,9.91,131.0,Moderate,False,False,False,False,False,False,False,False,False,False,False,False,False
2018-12-09,Amritsar,73.15,162.47,35.13,41.33,74.45,10.41,0.0,4.85,15.49,6.14,2.95,12.65,144.0,Moderate,False,False,False,False,False,False,False,True,False,False,False,False,False
2018-12-10,Amritsar,54.54,121.13,36.59,41.71,76.3,10.68,0.01,3.5,14.76,6.15,2.11,10.59,131.0,Moderate,False,False,False,False,False,False,False,False,False,False,False,False,False
2018-12-11,Amritsar,23.84,52.99,35.43,40.65,74.09,10.39,0.01,3.75,15.1,7.13,0.91,8.26,94.0,Satisfactory,False,False,False,False,False,False,False,False,False,False,False,False,False
2018-12-12,Amritsar,34.41,76.5,32.68,39.35,70.02,9.81,0.01,0.87,14.24,8.47,0.86,7.87,91.0,Satisfactory,False,False,False,False,False,False,False,False,False,False,False,False,False
2018-12-13,Amritsar,35.39,78.62,35.57,41.28,74.85,10.47,0.0,3.605,13.71,8.66,0.83,7.89,90.0,Satisfactory,False,False,False,False,False,False,False,True,False,False,False,False,False
2018-12-14,Amritsar,43.93,100.62,25.34,30.82,44.51,7.94,0.02,6.34,16.43,6.22,0.97,5.19,99.0,Satisfactory,False,False,False,False,False,False,False,False,False,False,False,False,False
2018-12-15,Amritsar,37.55,84.08,23.99,30.34,47.92,7.68,0.0,5.613333333333333,15.08,5.71,1.17,5.52,87.0,Satisfactory,False,False,False,False,False,False,False,True,False,False,False,False,False
2018-12-16,Amritsar,49.82,120.8,24.1,31.61,49.1,7.89,0.0,4.886666666666667,15.12,6.21,1.29,5.91,102.0,Moderate,False,False,False,False,False,False,False,True,False,False,False,False,False
2018-12-17,Amritsar,61.91,138.56,24.94,31.59,53.92,7.86,0.02,4.16,15.63,6.76,2.0,7.42,118.0,Moderate,False,False,False,False,False,False,False,False,False,False,False,False,False
2018-12-18,Amritsar,72.97,163.05,30.79,35.39,64.18,9.06,0.01,4.08,13.45,6.28,2.81,9.47,138.0,Moderate,False,False,False,False,False,False,False,False,False,False,False,False,False
2018-12-19,Amritsar,81.51,181.02,35.66,37.44,71.01,10.04,0.01,2.73,15.76,6.88,3.4,11.26,160.0,Moderate,False,False,False,False,False,False,False,False,False,False,False,False,False
2018-12-20,Amritsar,56.93,126.56,33.91,35.26,67.16,9.44,0.02,4.48,15.72,12.51,2.61,9.35,143.0,Moderate,False,False,False,False,False,False,False,False,False,False,False,False,False
2018-12-21,Amritsar,56.6,125.74,32.79,37.83,68.56,9.47,0.0,3.4400000000000004,13.44,6.18,2.12,9.05,110.0,Moderate,False,False,False,False,False,False,False,True,False,False,False,False,False
2018-12-22,Amritsar,62.09,138.1,30.94,29.75,56.49,8.44,0.02,2.4,16.41,7.86,2.59,8.49,126.0,Moderate,False,False,False,False,False,False,False,False,False,False,False,False,False
2018-12-23,Amritsar,75.18,166.81,27.1,20.86,47.96,7.31,0.0,2.235,7.26,6.22,2.12,7.06,127.0,Moderate,False,False,False,False,False,False,False,True,False,False,False,False,False
2018-12-24,Amritsar,64.23,141.23,24.99,22.13,47.12,7.2,0.01,2.07,9.64,7.54,2.0,6.72,149.0,Moderate,False,False,False,False,False,False,False,False,False,False,False,False,False
2018-12-25,Amritsar,68.66,152.5,22.67,22.59,45.26,6.71,0.0,1.6949999999999998,8.62,6.28,2.36,6.83,137.0,Moderate,False,False,False,False,False,False,False,True,False,False,False,False,False
2018-12-26,Amritsar,74.91,178.86,23.65,24.35,45.11,7.13,0.01,1.32,10.14,7.1,2.57,7.22,144.0,Moderate,False,False,False,False,False,False,False,False,False,False,False,False,False
2018-12-27,Amritsar,72.08,160.38,26.59,27.11,53.7,8.02,0.01,1.97,9.16,11.8,2.76,8.33,154.0,Moderate,False,False,False,False,False,False,False,False,False,False,False,False,False
2018-12-28,Amritsar,70.27,155.08,25.57,27.48,53.03,7.86,0.01,4.17,4.93,6.92,2.19,6.44,131.0,Moderate,False,False,False,False,False,False,False,False,False,False,False,False,False
2018-12-29,Amritsar,98.32,218.44,35.3,37.03,72.33,10.92,0.0,3.7733333333333334,4.3,26.09,3.82,11.8,200.0,Moderate,False,False,False,False,False,False,False,True,False,False,False,False,False
2018-12-30,Amritsar,78.83,175.0,30.13,32.62,62.66,9.42,0.0,3.3766666666666665,6.46,8.48,2.38,9.25,174.0,Moderate,False,False,False,False,False,False,False,True,False,False,False,False,False
2018-12-31,Amritsar,78.42,186.41,31.71,33.79,59.08,9.96,0.05,2.98,5.43,9.62,2.41,9.09,184.0,Moderate,False,False,False,False,False,False,False,False,False,False,False,False,False
2019-01-01,Amritsar,92.38,205.42,21.66,21.67,44.01,6.61,0.17,2.87,9.65,10.0,2.81,6.66,170.0,Moderate,False,False,False,False,False,False,False,False,False,False,False,False,False
2019-01-02,Amritsar,77.42,171.98,38.64,19.65,55.01,9.43,0.05,3.41,6.05,5.49,2.78,9.93,176.0,Moderate,False,False,False,False,False,False,False,False,False,False,False,False,False
2019-01-03,Amritsar,45.44,100.89,31.86,27.8,59.66,9.29,0.01,3.54,5.79,6.53,2.44,8.12,131.0,Moderate,False,False,False,False,False,False,False,False,False,False,False,False,False
2019-01-04,Amritsar,34.45,76.48,30.01,32.28,62.28,9.37,0.012,3.49,5.19,6.94,1.74,8.44,81.0,Satisfactory,False,False,False,False,False,False,True,False,False,False,False,False,False
2019-01-05,Amritsar,28.29,62.82,26.76,29.28,56.04,8.38,0.014,2.33,5.0,7.48,1.6,7.0,77.0,Satisfactory,False,False,False,False,False,False,True,False,False,False,False,False,False
2019-01-06,Amritsar,14.54,32.35,27.74,31.28,59.01,8.89,0.016,1.61,5.47,7.69,0.76,6.12,70.0,Satisfactory,False,False,False,False,False,False,True,False,False,False,False,False,False
2019-01-07,Amritsar,24.39,55.75,25.4,27.86,46.04,8.11,0.018000000000000002,1.83,5.24,6.69,1.05,5.53,69.0,Satisfactory,False,False,False,False,False,False,True,False,False,False,False,False,False
2019-01-08,Amritsar,27.89,61.97,22.75,25.9,47.27,7.37,0.02,2.92,8.92,6.38,1.26,5.34,64.0,Satisfactory,False,False,False,False,False,False,False,False,False,False,False,False,False
2019-01-09,Amritsar,37.34,88.8,16.81,21.51,32.36,5.7,0.04,3.2,9.01,5.14,1.19,4.32,75.0,Satisfactory,False,False,False,False,False,False,False,False,False,False,False,False,False
2019-01-10,Amritsar,45.99,102.22,19.81,25.32,44.54,6.57,0.03,2.85,8.68,6.08,1.8,6.18,98.0,Satisfactory,False,False,False,False,False,False,False,False,False,False,False,False,False
2019-01-11,Amritsar,69.5,159.89,25.14,28.99,45.0,7.93,0.029375,3.76,4.87,5.05,1.9,7.25,101.0,Moderate,False,False,False,False,False,False,True,False,False,False,False,False,False
2019-01-12,Amritsar,52.22,115.98,22.07,24.15,45.96,8.42,0.028749999999999998,3.48,8.24,5.84,1.44,4.91,118.0,Moderate,False,False,False,False,False,False,True,False,False,False,False,False,False
2019-01-13,Amritsar,27.56,61.73,33.82,36.82,66.33,15.16,0.028124999999999997,2.83,5.6,7.21,0.76,5.02,83.0,Satisfactory,False,False,False,False,False,False,True,False,False,False,False,False,False
2019-01-14,Amritsar,28.1,73.28,24.32,28.07,45.63,12.34,0.0275,2.893103448275862,7.37,6.41,0.77,3.56,80.0,Satisfactory,False,False,False,False,False,False,True,True,False,False,False,False,False
2019-01-15,Amritsar,47.88,114.7,25.43,30.98,48.25,12.91,0.026875,2.9562068965517243,5.09,6.32,1.13,5.08,73.0,Satisfactory,False,False,False,False,False,False,True,True,False,False,False,False,False
2019-01-16,Amritsar,70.18,163.27,30.51,35.91,63.7,14.45,0.02625,3.0193103448275864,4.91,8.92,1.77,6.95,133.0,Moderate,False,False,False,False,False,False,True,True,False,False,False,False,False
2019-01-17,Amritsar,64.8,148.01,24.63,28.05,50.91,9.91,0.025625,3.0824137931034485,8.02,7.04,1.91,6.77,135.0,Moderate,False,False,False,False,False,False,True,True,False,False,False,False,False
2019-01-18,Amritsar,34.37,82.02,17.31,25.3,37.45,6.53,0.025,3.14551724137931,8.96,5.7,1.39,5.41,131.0,Moderate,False,False,False,False,False,False,True,True,False,False,False,False,False
2019-01-19,Amritsar,2.85,11.43,17.77,26.75,41.86,6.53,0.024375,3.2086206896551723,6.11,7.34,1.47,6.21,56.0,Satisfactory,False,False,False,False,False,False,True,True,False,False,False,False,False
2019-01-20,Amritsar,15.53,54.85,19.33,26.29,42.17,7.2,0.02375,3.2717241379310344,5.23,7.84,1.47,5.76,54.0,Satisfactory,False,False,False,False,False,False,True,True,False,False,False,False,False
2019-01-21,Amritsar,14.88,35.71,18.18,18.29,32.3,9.36,0.023125,3.3348275862068966,6.58,4.95,0.52,2.56,50.0,Good,False,False,False,False,False,False,True,True,False,False,False,False,False
2019-01-22,Amritsar,9.17,25.17,19.78,18.35,38.13,6.91,0.0225,3.3979310344827587,9.17,6.1,0.35,2.36,48.0,Good,False,False,False,False,False,False,True,True,False,False,False,False,False
2019-01-23,Amritsar,10.42,29.31,17.8,20.46,38.27,4.58,0.021875,3.461034482758621,5.93,6.12,0.37,2.76,42.0,Good,False,False,False,False,False,False,True,True,False,False,False,False,False
2019-01-24,Amritsar,39.63,71.3,14.74,20.8,35.54,6.73,0.021249999999999998,3.524137931034483,9.45,5.33,4.04,0.0,,,False,False,False,False,False,False,True,True,False,False,False,False,True
2019-01-25,Amritsar,73.78,119.03,16.16,23.99,40.15,6.75,,3.587241379310345,5.35,5.39,2.96,0.23,142.0,Moderate,False,False,False,False,False,False,True,True,False,False,False,False,False
2019-01-26,Amritsar,44.72,98.2,16.8,26.97,43.77,6.84,,3.650344827586207,4.54,9.18,2.46,0.01,122.0,Moderate,False,False,False,False,False,False,True,True,False,False,False,False,False
2019-01-27,Amritsar,34.14,73.32,13.76,24.26,38.02,6.8,,3.713448275862069,4.84,5.36,3.03,1.0,76.0,Satisfactory,False,False,False,False,False,False,True,True,False,False,False,False,False
2019-01-28,Amritsar,58.49,104.54,14.92,21.57,36.4,6.01,,,8.94,5.27,3.41,2.71,90.0,Satisfactory,False,False,False,False,False,False,True,True,False,False,False,False,False
2019-01-29,Amritsar,56.89,94.19,16.31,22.23,38.57,6.6,,,5.5,5.39,2.87,3.49,98.0,Satisfactory,False,False,False,False,False,False,True,True,False,False,False,False,False
2019-01-30,Amritsar,70.78,114.9,19.24,22.67,41.92,6.33,,,4.99,5.63,2.74,0.64,113.0,Moderate,False,False,False,False,False,False,True,True,False,False,False,False,False
2019-01-31,Amritsar,33.66,52.12,16.11,16.6,32.73,5.05,,,6.87,5.32,2.02,0.38,83.0,Satisfactory,False,False,False,False,False,False,True,True,False,False,False,False,False
2019-02-01,Amritsar,34.5,50.39,11.47,13.56,24.78,3.98,,,7.77,5.26,1.24,0.22,58.0,Satisfactory,False,False,False,False,False,False,True,True,False,False,False,False,False
2019-02-02,Amritsar,40.16,68.34,11.01,15.32,26.34,1.55,,,4.31,5.3,0.26,0.08,62.0,Satisfactory,False,False,False,False,False,False,True,True,False,False,False,False,False
2019-02-03,Amritsar,47.96,88.1,15.4,13.39,28.79,2.18,,,8.42,5.3,0.0,0.0,84.0,Satisfactory,False,False,False,False,False,False,True,True,False,False,False,False,False
2019-02-04,Amritsar,67.94,156.16,18.46,14.99,33.44,2.33,,,9.61,5.08,0.49,1.1,113.0,Moderate,False,False,False,False,False,False,True,True,False,False,False,False,False
2019-02-05,Amritsar,48.54,154.64,18.18,15.21,31.56,3.36,,,12.19,4.02,2.11,4.79,146.0,Moderate,False,False,False,False,False,False,True,True,False,False,False,False,False
2019-02-06,Amritsar,82.06,113.3,16.11,14.76,30.87,4.22,,,7.35,4.29,2.25,5.11,154.0,Moderate,False,False,False,False,False,False,True,True,False,False,False,False,False
2019-02-07,Amritsar,45.96,60.92,15.23,14.65,29.88,4.11,,,8.81,4.29,2.25,5.11,98.0,Satisfactory,False,False,False,False,False,False,True,True,False,False,False,False,False
2019-02-08,Amritsar,30.86,53.32,11.87,12.28,24.14,3.83,,,18.45,3.52,2.05,3.51,71.0,Satisfactory,False,False,False,False,False,False,True,True,False,False,False,False,False
2019-02-09,Amritsar,36.56,73.1,12.28,15.88,28.16,4.63,,,8.52,2.56,1.81,1.52,59.0,Satisfactory,False,False,False,False,False,False,True,True,False,False,False,False,False
2019-02-10,Amritsar,72.25,152.76,14.04,18.54,32.58,5.45,,,9.73,2.56,1.81,1.52,126.0,Moderate,False,False,False,False,False,False,True,True,False,False,False,False,False
2019-02-11,Amritsar,41.63,133.64,14.03,18.15,32.18,5.83,0.01,4.66,16.8,2.56,1.81,1.52,132.0,Moderate,False,False,False,False,False,False,False,False,False,False,False,False,False
2019-02-12,Amritsar,72.66,138.2,16.61,19.13,35.75,7.3,0.01,7.15,12.12,3.44,2.75,4.54,121.0,Moderate,False,False,False,False,False,False,False,False,False,False,False,False,False
2019-02-13,Amritsar,77.14,132.69,18.51,19.67,38.19,7.32,0.0,5.5,13.82,3.64,2.97,6.46,164.0,Moderate,False,False,False,False,False,False,False,True,False,False,False,False,False
2019-02-14,Amritsar,47.29,84.07,19.34,16.36,33.57,6.89,0.01,3.85,9.04,2.93,2.24,5.26,119.0,Moderate,False,False,False,False,False,False,False,False,False,False,False,False,False
2019-02-15,Amritsar,16.68,45.69,17.87,14.11,31.98,5.34,0.01,5.487500000000001,10.45,3.19,2.44,5.73,51.0,Satisfactory,False,False,False,False,False,False,True,True,False,False,False,False,False
2019-02-16,Amritsar,34.55,73.44,16.61,13.75,30.37,5.4,0.01,7.125,20.75,3.19,2.44,5.73,62.0,Satisfactory,False,False,False,False,False,False,True,True,False,False,False,False,False
2019-02-17,Amritsar,61.25,130.3,14.68,15.41,30.1,5.38,0.01,8.762500000000001,27.31,3.19,2.44,5.73,99.0,Satisfactory,False,False,False,False,False,False,True,True,False,False,False,False,False
2019-02-18,Amritsar,21.95,46.79,13.04,15.49,28.53,6.76,0.01,10.4,26.48,4.12,1.56,5.21,85.0,Satisfactory,False,False,False,False,False,False,False,False,False,False,False,False,False
2019-02-19,Amritsar,25.43,54.23,11.04,17.56,28.61,5.87,0.07125000000000001,9.53111111111111,24.43,5.41,0.75,4.26,44.0,Good,False,False,False,False,False,False,True,True,False,False,False,False,False
2019-02-20,Amritsar,36.81,81.97,12.33,17.47,28.03,4.93,0.1325,8.662222222222223,20.42,5.7,2.0,3.92,79.0,Satisfactory,False,False,False,False,False,False,True,True,False,False,False,False,False
2019-02-21,Amritsar,44.38,41.67,16.52,16.96,33.48,5.01,0.19375,7.793333333333333,14.83,3.51,4.59,2.91,60.0,Satisfactory,False,False,False,False,False,False,True,True,False,False,False,False,False
2019-02-22,Amritsar,41.11,64.08,15.11,18.64,33.76,5.01,0.255,6.924444444444445,16.15,4.3,5.47,3.33,92.0,Satisfactory,False,False,False,False,False,False,True,True,False,False,False,False,False
2019-02-23,Amritsar,40.75,90.57,12.45,20.52,32.97,4.98,0.31625000000000003,6.055555555555555,19.68,4.99,8.43,4.56,78.0,Satisfactory,False,False,False,False,False,False,True,True,False,False,False,False,False
2019-02-24,Amritsar,63.67,141.48,12.75,22.04,34.8,4.97,0.3775,5.1866666666666665,18.78,6.89,8.85,4.75,120.0,Moderate,False,False,False,False,False,False,True,True,False,False,False,False,False
2019-02-25,Amritsar,63.92,144.54,12.67,22.06,34.37,5.07,0.43875000000000003,4.317777777777778,17.68,7.21,8.33,4.47,128.0,Moderate,False,False,False,False,False,False,True,True,False,False,False,False,False
2019-02-26,Amritsar,36.2,75.43,8.77,15.32,27.56,7.37,0.5,3.448888888888889,27.49,3.24,6.98,3.79,96.0,Satisfactory,False,False,False,False,False,False,False,True,False,False,False,False,False
2019-02-27,Amritsar,35.6,79.37,6.31,13.73,20.04,8.96,0.36,2.58,23.62,3.62,7.03,3.38,74.0,Satisfactory,False,False,False,False,False,False,False,False,False,False,False,False,False
2019-02-28,Amritsar,37.12,80.11,6.09,9.66,15.73,8.61,0.86,2.5608333333333335,25.86,3.49,6.14,2.54,82.0,Satisfactory,False,False,False,False,False,False,False,True,False,False,False,False,False
2019-03-01,Amritsar,57.28,122.07,10.4,10.54,20.93,9.16,0.51,2.541666666666667,21.55,4.57,6.41,2.65,109.0,Moderate,False,False,False,False,False,False,False,True,False,False,False,False,False
2019-03-02,Amritsar,19.68,52.76,9.33,9.87,19.2,9.03,0.0,2.5225,19.45,4.3,6.12,2.56,76.0,Satisfactory,False,False,False,False,False,False,False,True,False,False,False,False,False
2019-03-03,Amritsar,19.43,42.71,10.75,12.18,22.94,7.85,0.1,2.5033333333333334,20.07,3.52,6.03,2.52,46.0,Good,False,False,False,False,False,False,False,True,False,False,False,False,False
2019-03-04,Amritsar,23.77,56.26,8.52,16.42,24.89,6.13,0.21,2.484166666666667,17.42,4.41,6.03,2.57,48.0,Good,False,False,False,False,False,False,False,True,False,False,False,False,False
2019-03-05,Amritsar,37.84,82.52,12.44,18.54,28.68,11.75,0.5,2.465,33.85,1.52,2.17,3.56,,,False,False,False,False,False,False,False,True,False,False,False,False,True
2019-03-06,Amritsar,46.13,113.27,13.2,19.22,32.1,11.89,0.43,2.4458333333333333,31.78,1.27,1.73,4.28,111.0,Moderate,False,False,False,False,False,False,False,True,False,False,False,False,False
2019-03-07,Amritsar,74.7,125.2,11.29,13.91,22.8,10.05,0.46,2.4266666666666667,30.3,1.43,1.76,4.76,135.0,Moderate,False,False,False,False,False,False,False,True,False,False,False,False,False
2019-03-08,Amritsar,44.85,82.82,7.37,7.4,12.9,18.93,0.72,2.4075,21.07,1.05,1.74,4.26,96.0,Satisfactory,False,False,False,False,False,False,False,True,False,False,False,False,False
2019-03-09,Amritsar,37.6,67.05,56.64,24.41,46.82,36.48,0.6,2.3883333333333336,33.0,1.3,1.84,4.39,77.0,Satisfactory,False,False,False,False,False,False,False,True,False,False,False,False,False
2019-03-10,Amritsar,67.44,106.6,11.1,7.98,19.05,12.04,0.86,2.3691666666666666,32.44,2.62,2.15,5.84,99.0,Satisfactory,False,False,False,False,False,False,False,True,False,False,False,False,False
2019-03-11,Amritsar,37.63,63.42,11.26,10.68,21.68,8.38,0.67,2.35,27.01,2.14,2.1,5.47,85.0,Satisfactory,False,False,False,False,False,False,False,False,False,False,False,False,False
2019-03-12,Amritsar,37.63,77.26,12.21,11.79,23.62,9.69,0.8,3.3017307692307694,32.35,2.7,2.1,7.53,60.0,Satisfactory,False,False,False,False,False,False,False,True,False,False,False,False,False
2019-03-13,Amritsar,69.9,115.62,19.65,20.84,39.47,12.98,0.72,4.253461538461538,36.71,4.05,2.15,11.08,114.0,Moderate,False,False,False,False,False,False,False,True,False,False,False,False,False
2019-03-14,Amritsar,49.28,78.65,12.11,12.85,24.78,10.83,0.43,5.2051923076923075,27.47,4.07,2.19,10.09,106.0,Moderate,False,False,False,False,False,False,False,True,False,False,False,False,False
2019-03-15,Amritsar,43.24,71.85,11.8,11.91,23.47,11.21,0.57,6.156923076923077,32.28,4.4,2.2,12.65,74.0,Satisfactory,False,False,False,False,False,False,False,True,False,False,False,False,False
2019-03-16,Amritsar,43.63,68.04,11.74,10.72,22.26,10.45,0.6,7.108653846153846,36.99,4.25,2.19,13.13,71.0,Satisfactory,False,False,False,False,False,False,False,True,False,False,False,False,False
2019-03-17,Amritsar,74.37,112.38,10.84,10.48,21.32,10.15,0.86,8.060384615384615,36.2,5.63,2.22,14.22,119.0,Moderate,False,False,False,False,False,False,False,True,False,False,False,False,False
2019-03-18,Amritsar,70.64,116.4,12.84,11.9,24.51,9.6,0.62,9.012115384615385,33.02,5.03,2.23,11.72,136.0,Moderate,False,False,False,False,False,False,False,True,False,False,False,False,False
2019-03-19,Amritsar,71.22,113.04,18.58,24.78,41.14,17.76,0.67,9.963846153846154,24.12,4.93,2.23,9.83,142.0,Moderate,False,False,False,False,False,False,False,True,False,False,False,False,False
2019-03-20,Amritsar,30.74,55.69,11.71,16.47,27.48,8.25,0.33,10.915576923076923,26.54,2.97,2.09,7.95,86.0,Satisfactory,False,False,False,False,False,False,False,True,False,False,False,False,False
2019-03-21,Amritsar,40.85,59.79,12.13,16.42,27.64,8.96,0.5,11.867307692307692,22.98,3.55,2.16,11.45,61.0,Satisfactory,False,False,False,False,False,False,False,True,False,False,False,False,False
2019-03-22,Amritsar,36.84,66.44,11.88,19.48,30.17,11.02,0.42,12.819038461538462,28.92,3.76,2.15,9.46,69.0,Satisfactory,False,False,False,False,False,False,False,True,False,False,False,False,False
2019-03-23,Amritsar,54.1,82.51,10.36,16.2,26.41,10.61,0.67,13.77076923076923,19.14,5.12,2.2,12.51,82.0,Satisfactory,False,False,False,False,False,False,False,True,False,False,False,False,False
2019-03-24,Amritsar,43.03,66.96,10.08,14.85,24.93,9.38,0.61,14.7225,15.38,4.77,2.18,12.22,71.0,Satisfactory,False,False,False,False,False,False,False,True,False,False,False,False,False
2019-03-25,Amritsar,52.6,85.3,10.05,14.9,24.95,9.26,0.76,15.67423076923077,20.49,5.26,2.16,12.59,89.0,Satisfactory,False,False,False,False,False,False,False,True,False,False,False,False,False
2019-03-26,Amritsar,66.24,97.35,12.44,15.14,27.57,9.54,0.76,,23.32,5.35,2.23,10.25,95.0,Satisfactory,False,False,False,False,False,False,False,True,False,False,False,False,False
2019-03-27,Amritsar,88.86,143.79,24.35,26.09,37.5,27.77,0.88,,20.32,7.79,2.36,12.0,148.0,Moderate,False,False,False,False,False,False,False,True,False,False,False,False,False
2019-03-28,Amritsar,86.36,127.89,20.67,26.89,37.36,25.56,0.72,,23.48,7.4,2.33,9.69,230.0,Poor,False,False,False,False,False,False,False,True,False,False,False,False,False
2019-03-29,Amritsar,73.09,113.95,15.57,16.56,26.54,15.67,0.74,,22.04,6.44,2.23,10.15,139.0,Moderate,False,False,False,False,False,False,False,True,False,False,False,False,False
2019-03-30,Amritsar,60.48,106.94,9.9,10.8,19.4,5.71,0.47,,24.02,4.97,2.1,7.92,135.0,Moderate,False,False,False,False,False,False,False,True,False,False,False,False,False
2019-03-31,Amritsar,28.25,67.71,11.09,13.03,23.98,10.74,0.42,,19.17,3.8,2.16,11.82,83.0,Satisfactory,False,False,False,False,False,False,False,True,False,False,False,False,False
2019-04-01,Amritsar,43.8,95.73,39.15,35.03,44.67,25.8,0.75,,18.12,4.69,1.96,8.73,87.0,Satisfactory,False,False,False,False,False,False,False,True,False,False,False,False,False
2019-04-02,Amritsar,71.36,120.11,85.38,81.76,70.69,92.54,0.53,,24.38,5.9,2.24,11.17,118.0,Moderate,False,False,False,False,False,False,False,True,False,False,False,False,False
2019-04-03,Amritsar,54.24,94.69,87.13,138.35,132.09,126.12,0.76,,27.24,5.81,2.22,13.28,139.0,Moderate,False,False,False,False,False,False,False,True,False,False,False,False,False
2019-04-04,Amritsar,66.98,111.23,23.01,66.24,78.47,42.74,0.73,,29.25,5.57,2.19,10.8,110.0,Moderate,False,False,False,False,False,False,False,True,False,False,False,False,False
2019-04-05,Amritsar,84.64,139.75,26.32,66.81,88.46,32.63,0.83,,25.79,7.19,2.33,12.88,167.0,Moderate,False,False,False,False,False,False,False,True,False,False,False,False,False
2019-04-06,Amritsar,92.19,167.42,9.8,22.71,32.14,9.58,0.77,,26.43,6.33,2.22,10.46,182.0,Moderate,False,False,False,False,False,False,False,True,False,False,False,False,False
2019-04-07,Amritsar,28.98,72.15,9.91,20.28,30.18,9.14,0.56,,13.72,4.41,2.18,9.02,122.0,Moderate,False,False,False,False,False,False,False,True,False,False,False,False,False
2019-04-08,Amritsar,34.9,94.52,12.05,22.68,34.11,10.6,0.32,,15.59,3.76,2.12,7.3,90.0,Satisfactory,False,False,False,False,False,False,False,True,False,False,False,False,False
2019-04-09,Amritsar,70.98,129.01,13.6,19.69,33.29,10.49,0.98,,25.69,5.12,2.21,7.33,122.0,Moderate,False,False,False,False,False,False,False,True,False,False,False,False,False
2019-04-10,Amritsar,53.72,112.19,14.37,17.95,32.32,10.73,0.76,,28.67,4.41,2.18,7.89,114.0,Moderate,False,False,False,False,False,False,False,True,False,False,False,False,False
2019-04-11,Amritsar,53.68,81.89,16.13,17.4,32.6,11.7,0.94,,31.66,4.25,2.14,7.71,97.0,Satisfactory,False,False,False,False,False,False,False,True,False,False,False,False,False
2019-04-12,Amritsar,35.58,83.38,15.88,15.89,31.36,12.46,0.61,,24.17,3.7,2.13,8.04,89.0,Satisfactory,False,False,False,False,False,False,False,True,False,False,False,False,False
2019-04-13,Amritsar,33.04,85.15,15.38,17.82,30.08,10.67,0.82,,20.66,3.86,1.98,6.49,78.0,Satisfactory,False,False,False,False,False,False,False,True,False,False,False,False,False
2019-04-14,Amritsar,43.46,90.03,17.36,19.46,36.82,12.85,1.11,,17.91,4.5,2.24,8.05,93.0,Satisfactory,False,False,False,False,False,False,False,True,False,False,False,False,False
2019-04-15,Amritsar,49.03,122.91,15.45,18.11,32.28,11.81,0.62,,22.24,4.71,2.12,7.05,111.0,Moderate,False,False,False,False,False,False,False,True,False,False,False,False,False
2019-04-16,Amritsar,38.2,105.68,12.61,14.0,26.07,9.8,0.69,,26.08,2.72,2.06,7.45,126.0,Moderate,False,False,False,False,False,False,False,True,False,False,False,False,False
2019-04-17,Amritsar,30.8,54.33,12.33,12.97,23.63,8.87,0.59,,19.07,2.57,1.97,7.02,65.0,Satisfactory,False,False,False,False,False,False,False,True,False,False,False,False,False
2019-04-18,Amritsar,31.83,60.62,14.63,16.91,25.02,10.11,0.62,,23.27,3.07,1.7,7.17,58.0,Satisfactory,False,False,False,False,False,False,False,True,False,False,False,False,False
2019-04-19,Amritsar,43.3,81.48,17.41,19.0,36.61,12.32,0.93,,27.6,4.32,2.21,9.54,87.0,Satisfactory,False,False,False,False,False,False,False,True,False,False,False,False,False
2019-04-20,Amritsar,47.63,96.05,17.24,15.44,31.27,12.44,1.21,,26.86,5.28,2.23,10.68,101.0,Moderate,False,False,False,False,False,False,False,True,False,False,False,False,False
2019-04-21,Amritsar,64.79,125.99,17.26,15.45,32.71,12.46,1.02,,28.61,6.52,2.39,12.83,124.0,Moderate,False,False,False,False,False,False,False,True,False,False,False,False,False
2019-04-22,Amritsar,79.94,147.5,17.26,15.45,32.71,12.46,0.93,,27.8,6.43,2.33,14.66,158.0,Moderate,False,False,False,False,False,False,False,True,False,False,False,False,False
2019-04-23,Amritsar,62.45,130.58,17.26,15.45,32.71,12.46,1.52,,35.21,5.83,2.36,10.89,129.0,Moderate,False,False,False,False,False,False,False,True,False,False,False,False,False
2019-04-24,Amritsar,35.46,150.77,14.97,17.48,30.51,11.09,0.39,,28.05,4.38,2.08,9.15,149.0,Moderate,False,False,False,False,False,False,False,True,False,False,False,False,False
2019-04-25,Amritsar,36.93,76.91,14.29,16.89,30.26,9.5,1.04,,25.33,3.58,2.09,9.04,91.0,Satisfactory,False,False,False,False,False,False,False,True,False,False,False,False,False
2019-04-26,Amritsar,38.07,79.67,15.37,13.76,29.13,8.41,0.8,,30.27,3.33,2.17,11.01,82.0,Satisfactory,False,False,False,False,False,False,False,True,False,False,False,False,False
2019-04-27,Amritsar,60.35,110.87,15.37,13.76,29.13,8.41,0.78,,28.28,4.16,2.18,12.91,93.0,Satisfactory,False,False,False,False,False,False,False,True,False,False,False,False,False
2019-04-28,Amritsar,61.59,151.49,15.37,13.76,29.13,8.41,0.96,,25.11,4.21,2.19,12.61,125.0,Moderate,False,False,False,False,False,False,False,True,False,False,False,False,False
2019-04-29,Amritsar,58.58,131.1,19.03,16.09,35.12,10.79,1.0,,23.26,4.49,2.23,9.75,129.0,Moderate,False,False,False,False,False,False,False,True,False,False,False,False,False
2019-04-30,Amritsar,47.27,135.19,22.64,18.39,41.03,13.15,0.63,,25.34,4.05,2.21,6.79,124.0,Moderate,False,False,False,False,False,False,False,True,False,False,False,False,False
2019-05-01,Amritsar,43.45,95.71,18.09,17.41,35.08,11.63,1.0,,31.28,3.96,2.19,7.32,106.0,Moderate,False,False,False,False,False,False,False,True,False,False,False,False,False
2019-05-02,Amritsar,38.35,110.64,14.47,16.64,30.1,10.42,0.5,51.84,33.26,3.74,2.13,10.26,109.0,Moderate,False,False,False,False,False,False,False,False,False,False,False,False,False
2019-05-03,Amritsar,30.74,80.8,14.47,16.64,31.11,10.42,0.89,62.24,37.59,3.24,2.17,8.21,97.0,Satisfactory,False,False,False,False,False,False,False,False,False,False,False,False,False
2019-05-04,Amritsar,43.75,100.92,34.72,28.21,57.07,34.44,0.87,36.35,30.69,3.87,2.05,8.83,97.0,Satisfactory,False,False,False,False,False,False,False,False,False,False,False,False,False
2019-05-05,Amritsar,74.98,145.44,103.44,69.8,44.3,62.39,0.94,7.94,33.14,4.78,2.2,10.98,114.0,Moderate,False,False,False,False,False,False,False,False,False,False,False,False,False
2019-05-06,Amritsar,59.63,118.65,33.67,64.12,48.79,43.0,1.03,14.18,27.67,5.02,2.3,10.06,147.0,Moderate,False,False,False,False,False,False,False,False,False,False,False,False,False
2019-05-07,Amritsar,65.93,129.11,33.11,38.61,54.08,50.39,0.97,45.27,29.9,6.59,2.31,10.58,119.0,Moderate,False,False,False,False,False,False,False,False,False,False,False,False,False
2019-05-08,Amritsar,54.21,110.82,73.43,72.44,95.37,129.46,1.29,67.26,29.01,4.83,2.2,9.16,120.0,Moderate,False,False,False,False,False,False,False,False,False,False,False,False,False
2019-05-09,Amritsar,84.41,144.68,24.93,29.71,45.5,67.89,0.83,32.97,27.53,5.9,2.32,12.03,147.0,Moderate,False,False,False,False,False,False,False,False,False,False,False,False,False
2019-05-10,Amritsar,97.06,176.04,40.72,31.61,60.06,78.96,0.96,14.65,33.36,3.95,2.07,8.36,198.0,Moderate,False,False,False,False,False,False,False,False,False,False,False,False,False
2019-05-11,Amritsar,93.87,135.68,13.96,15.08,25.84,30.65,1.07,27.27,19.58,4.58,2.21,9.82,244.0,Poor,False,False,False,False,False,False,False,False,False,False,False,False,False
2019-05-12,Amritsar,37.95,76.21,22.15,18.64,35.84,49.09,0.79,26.86,20.99,4.89,2.25,13.61,116.0,Moderate,False,False,False,False,False,False,False,False,False,False,False,False,False
2019-05-13,Amritsar,90.72,142.79,10.98,12.11,21.62,18.23,1.03,26.99,19.67,5.46,2.22,10.66,174.0,Moderate,False,False,False,False,False,False,False,False,False,False,False,False,False
2019-05-14,Amritsar,36.44,63.95,12.05,10.57,22.38,7.22,0.82,4.84,25.14,4.05,2.19,8.65,99.0,Satisfactory,False,False,False,False,False,False,False,False,False,False,False,False,False
2019-05-15,Amritsar,69.3,135.22,12.01,9.09,21.09,6.89,0.8,26.79,19.53,4.88,2.25,9.3,112.0,Moderate,False,False,False,False,False,False,False,False,False,False,False,False,False
2019-05-16,Amritsar,34.17,70.38,71.16,39.57,81.04,76.27,0.66,11.66,18.37,3.76,2.12,8.13,101.0,Moderate,False,False,False,False,False,False,False,False,False,False,False,False,False
2019-05-17,Amritsar,38.31,96.81,20.38,14.91,34.47,11.92,0.73,16.1,12.17,4.09,2.22,9.45,99.0,Satisfactory,False,False,False,False,False,False,False,False,False,False,False,False,False
2019-05-18,Amritsar,31.87,61.91,15.01,9.74,24.64,7.88,1.06,20.38,19.92,3.72,2.19,11.06,76.0,Satisfactory,False,False,False,False,False,False,False,False,False,False,False,False,False
2019-05-19,Amritsar,49.54,105.25,14.5,9.31,23.29,7.51,0.9,22.3,26.86,4.09,2.13,9.87,100.0,Satisfactory,False,False,False,False,False,False,False,False,False,False,False,False,False
2019-05-20,Amritsar,37.44,95.69,13.83,10.04,22.93,6.88,0.84,13.1,26.11,3.22,2.08,8.32,102.0,Moderate,False,False,False,False,False,False,False,False,False,False,False,False,False
2019-05-21,Amritsar,46.62,98.1,33.16,30.3,54.34,37.7,0.76,23.13,25.32,3.44,1.91,7.14,90.0,Satisfactory,False,False,False,False,False,False,False,False,False,False,False,False,False
2019-05-22,Amritsar,58.24,114.75,61.77,47.67,67.32,52.8,1.09,25.23,26.95,4.66,2.16,8.64,106.0,Moderate,False,False,False,False,False,False,False,False,False,False,False,False,False
2019-05-23,Amritsar,38.7,93.26,73.32,63.38,95.71,50.53,0.76,12.84,19.33,3.53,2.12,7.57,108.0,Moderate,False,False,False,False,False,False,False,False,False,False,False,False,False
2019-05-24,Amritsar,26.47,62.35,15.67,11.18,23.35,14.65,0.91,17.6,20.92,3.16,1.97,6.72,79.0,Satisfactory,False,False,False,False,False,False,False,False,False,False,False,False,False
2019-05-25,Amritsar,22.15,55.39,13.77,8.36,21.59,9.65,0.89,16.45,25.08,3.14,2.16,8.45,71.0,Satisfactory,False,False,False,False,False,False,False,False,False,False,False,False,False
2019-05-26,Amritsar,34.8,75.58,14.26,8.64,22.57,9.16,1.0,17.25,25.44,4.38,2.2,9.71,77.0,Satisfactory,False,False,False,False,False,False,False,False,False,False,False,False,False
2019-05-27,Amritsar,32.11,71.02,18.58,13.58,30.02,12.53,0.99,15.4,25.75,3.86,1.97,8.95,77.0,Satisfactory,False,False,False,False,False,False,False,False,False,False,False,False,False
2019-05-28,Amritsar,38.02,79.34,34.12,32.18,53.48,36.31,0.86,25.47,26.91,4.16,1.98,9.36,81.0,Satisfactory,False,False,False,False,False,False,False,False,False,False,False,False,False
2019-05-29,Amritsar,43.03,101.54,28.09,22.68,42.36,33.68,1.42,24.33,26.36,5.25,2.14,7.03,100.0,Satisfactory,False,False,False,False,False,False,False,False,False,False,False,False,False
2019-05-30,Amritsar,57.3,130.38,45.29,27.38,48.35,36.81,0.94,33.42,30.14,6.64,2.34,11.0,123.0,Moderate,False,False,False,False,False,False,False,False,False,False,False,False,False
2019-05-31,Amritsar,55.89,132.32,32.08,20.02,42.14,26.23,1.19,21.88,31.89,6.19,2.23,10.94,122.0,Moderate,False,False,False,False,False,False,False,False,False,False,False,False,False
2019-06-01,Amritsar,58.44,141.53,23.22,13.55,30.28,22.5,0.84,25.04,31.93,6.41,2.27,13.48,121.0,Moderate,False,False,False,False,False,False,False,False,False,False,False,False,False
2019-06-02,Amritsar,49.65,120.56,17.6,11.27,24.49,16.26,1.2,19.91,22.67,6.29,2.33,13.2,124.0,Moderate,False,False,False,False,False,False,False,False,False,False,False,False,False
2019-06-03,Amritsar,63.82,181.11,17.18,10.54,23.38,14.2,0.39,14.4,24.17,6.36,2.26,11.55,135.0,Moderate,False,False,False,False,False,False,False,False,False,False,False,False,False
2019-06-04,Amritsar,38.14,123.69,14.94,7.91,16.64,17.73,0.58,6.54,31.2,3.88,1.8,8.7,148.0,Moderate,False,False,False,False,False,False,False,False,False,False,False,False,False
2019-06-05,Amritsar,51.45,115.44,16.52,9.43,17.31,19.86,0.68,16.63,27.17,4.76,1.81,10.42,104.0,Moderate,False,False,False,False,False,False,False,False,False,False,False,False,False
2019-06-06,Amritsar,46.72,88.35,18.38,9.22,21.0,21.43,0.53,12.95,40.67,4.4,2.03,11.59,103.0,Moderate,False,False,False,False,False,False,False,False,False,False,False,False,False
2019-06-07,Amritsar,35.52,68.81,16.51,9.41,20.08,18.25,0.7,22.39,38.58,3.81,1.93,8.94,79.0,Satisfactory,False,False,False,False,False,False,False,False,False,False,False,False,False
2019-06-08,Amritsar,39.76,97.33,14.99,9.65,21.39,14.95,0.86,19.92,28.88,5.35,2.21,10.58,90.0,Satisfactory,False,False,False,False,False,False,False,False,False,False,False,False,False
2019-06-09,Amritsar,39.17,86.77,16.07,10.66,19.45,11.16,1.09,20.21,25.17,4.65,1.92,9.68,94.0,Satisfactory,False,False,False,False,False,False,False,False,False,False,False,False,False
2019-06-10,Amritsar,34.67,95.14,17.29,10.5,20.93,12.81,0.73,21.96,31.75,5.31,1.89,8.38,98.0,Satisfactory,False,False,False,False,False,False,False,False,False,False,False,False,False
2019-06-11,Amritsar,50.27,146.22,53.67,22.83,64.27,39.57,0.69,22.77,24.11,5.44,2.23,9.93,113.0,Moderate,False,False,False,False,False,False,False,False,False,False,False,False,False
2019-06-12,Amritsar,52.25,116.06,24.07,13.75,30.02,20.25,0.62,9.37,30.66,3.58,2.02,7.28,122.0,Moderate,False,False,False,False,False,False,False,False,False,False,False,False,False
2019-06-13,Amritsar,40.12,96.78,15.33,11.14,18.0,14.48,0.55,15.21,30.7,3.24,1.82,6.81,101.0,Moderate,False,False,False,False,False,False,False,False,False,False,False,False,False
2019-06-14,Amritsar,41.37,96.26,12.73,10.38,13.38,10.57,0.61,35.25,32.36,3.22,1.55,6.45,98.0,Satisfactory,False,False,False,False,False,False,False,False,False,False,False,False,False
2019-06-15,Amritsar,71.78,157.84,16.8,11.13,22.12,13.4,1.17,33.19,19.86,6.78,2.22,11.36,126.0,Moderate,False,False,False,False,False,False,False,False,False,False,False,False,False
2019-06-16,Amritsar,44.71,79.43,13.34,10.76,16.12,10.13,0.79,9.81,26.84,4.48,1.84,8.94,106.0,Moderate,False,False,False,False,False,False,False,False,False,False,False,False,False
2019-06-17,Amritsar,62.47,113.81,16.54,11.16,20.55,13.83,0.78,9.02,22.76,4.23,2.03,8.09,104.0,Moderate,False,False,False,False,False,False,False,False,False,False,False,False,False
2019-06-18,Amritsar,52.47,124.04,16.64,9.73,16.56,14.85,0.56,5.29,23.74,3.01,1.66,5.28,91.0,Satisfactory,False,False,False,False,False,False,False,False,False,False,False,False,False
2019-06-19,Amritsar,55.22,177.85,11.61,8.66,16.39,11.57,0.76,18.32,24.29,3.52,1.97,7.14,153.0,Moderate,False,False,False,False,False,False,False,False,False,False,False,False,False
2019-06-20,Amritsar,31.45,79.17,12.1,8.29,16.71,13.32,0.84,6.59,19.06,3.77,1.95,7.62,121.0,Moderate,False,False,False,False,False,False,False,False,False,False,False,False,False
2019-06-21,Amritsar,22.63,78.34,21.12,11.89,22.7,19.54,1.01,13.58,23.74,4.25,2.0,9.01,81.0,Satisfactory,False,False,False,False,False,False,False,False,False,False,False,False,False
2019-06-22,Amritsar,30.66,93.25,31.34,16.42,33.89,38.17,0.77,13.33,25.78,5.12,2.14,10.41,94.0,Satisfactory,False,False,False,False,False,False,False,False,False,False,False,False,False
2019-06-23,Amritsar,30.83,111.52,14.72,8.14,19.02,38.58,0.75,12.05,18.98,5.03,1.92,9.24,100.0,Satisfactory,False,False,False,False,False,False,False,False,False,False,False,False,False
2019-06-24,Amritsar,20.91,79.27,13.98,8.09,17.35,38.81,0.77,9.28,9.78,4.81,1.86,6.2,96.0,Satisfactory,False,False,False,False,False,False,False,False,False,False,False,False,False
2019-06-25,Amritsar,16.57,50.38,13.54,7.71,19.39,33.5,0.59,6.39,15.03,3.47,2.1,7.87,65.0,Satisfactory,False,False,False,False,False,False,False,False,False,False,False,False,False
2019-06-26,Amritsar,24.92,72.1,13.23,8.78,19.14,30.49,0.42,5.53,22.65,3.59,1.92,8.02,66.0,Satisfactory,False,False,False,False,False,False,False,False,False,False,False,False,False
2019-06-27,Amritsar,22.93,102.56,18.58,10.12,20.53,32.47,0.29,11.97,32.73,3.73,1.83,8.68,100.0,Satisfactory,False,False,False,False,False,False,False,False,False,False,False,False,False
2019-06-28,Amritsar,39.66,110.23,12.71,10.55,20.67,19.73,0.72,12.92,25.16,5.22,2.06,9.38,94.0,Satisfactory,False,False,False,False,False,False,False,False,False,False,False,False,False
2019-06-29,Amritsar,39.39,148.72,12.05,10.47,21.7,19.41,0.43,9.23,23.02,4.41,2.18,10.21,127.0,Moderate,False,False,False,False,False,False,False,False,False,False,False,False,False
2019-06-30,Amritsar,34.2,121.47,11.64,10.6,20.98,19.41,0.37,10.98,31.58,4.1,2.09,9.86,126.0,Moderate,False,False,False,False,False,False,False,False,False,False,False,False,False
2019-07-01,Amritsar,38.51,95.89,11.8,10.58,21.27,19.43,0.49,12.69,25.22,4.52,2.12,10.62,93.0,Satisfactory,False,False,False,False,False,False,False,False,False,False,False,False,False
2019-07-02,Amritsar,35.45,85.48,11.67,10.73,21.03,19.23,0.46,7.28,28.92,3.99,2.05,9.95,86.0,Satisfactory,False,False,False,False,False,False,False,False,False,False,False,False,False
2019-07-03,Amritsar,39.52,101.22,11.6,10.62,17.19,19.09,0.38,6.6,17.15,3.67,1.7,9.08,98.0,Satisfactory,False,False,False,False,False,False,False,False,False,False,False,False,False
2019-07-04,Amritsar,39.29,104.66,11.42,10.8,16.89,19.43,0.38,6.95,15.28,3.71,1.61,6.96,105.0,Moderate,False,False,False,False,False,False,False,False,False,False,False,False,False
2019-07-05,Amritsar,15.97,45.06,11.65,10.65,17.36,18.97,0.47,5.66,14.08,5.15,1.7,6.22,77.0,Satisfactory,False,False,False,False,False,False,False,False,False,False,False,False,False
2019-07-06,Amritsar,33.24,67.52,12.19,10.16,19.89,19.88,0.37,6.76,15.75,4.6,2.08,9.27,73.0,Satisfactory,False,False,False,False,False,False,False,False,False,False,False,False,False
2019-07-07,Amritsar,23.68,49.41,14.59,8.8,18.37,18.25,0.59,2.13,17.59,4.11,1.79,8.63,59.0,Satisfactory,False,False,False,False,False,False,False,False,False,False,False,False,False
2019-07-08,Amritsar,38.8,110.12,13.85,9.07,15.9,16.02,0.47,5.1,25.15,3.47,1.9,8.07,67.0,Satisfactory,False,False,False,False,False,False,False,False,False,False,False,False,False
2019-07-09,Amritsar,25.52,67.57,12.78,9.21,10.32,3.77,0.45,1.71,36.79,3.0,1.26,6.12,69.0,Satisfactory,False,False,False,False,False,False,False,False,False,False,False,False,False
2019-07-10,Amritsar,52.38,135.9,22.33,16.7,25.97,11.78,0.34,7.4,23.79,2.27,0.86,5.37,89.0,Satisfactory,False,False,False,False,False,False,False,False,False,False,False,False,False
2019-07-11,Amritsar,60.87,154.12,49.82,27.4,42.48,24.11,0.24,7.78,23.29,3.11,0.82,10.43,146.0,Moderate,False,False,False,False,False,False,False,False,False,False,False,False,False
2019-07-12,Amritsar,48.44,135.54,41.18,25.05,47.83,33.67,0.48,4.99,21.32,3.19,1.09,9.54,110.0,Moderate,False,False,False,False,False,False,False,False,False,False,False,False,False
2019-07-13,Amritsar,50.87,122.29,25.26,15.78,23.76,49.94,0.3,5.78,28.65,2.94,0.87,10.68,142.0,Moderate,False,False,False,False,False,False,False,False,False,False,False,False,False
2019-07-14,Amritsar,24.63,44.26,40.95,26.07,35.88,83.09,0.2,4.37,26.3,3.32,0.84,10.17,60.0,Satisfactory,False,False,False,False,False,False,False,False,False,False,False,False,False
2019-07-15,Amritsar,41.52,67.16,35.12,18.92,32.67,63.6,0.32,5.2,22.48,2.22,0.81,9.36,51.0,Satisfactory,False,False,False,False,False,False,False,False,False,False,False,False,False
2019-07-16,Amritsar,32.36,55.29,17.81,10.18,25.52,14.76,0.3,7.66,16.87,3.19,1.08,9.33,73.0,Satisfactory,False,False,False,False,False,False,False,False,False,False,False,False,False
2019-07-17,Amritsar,24.46,48.21,16.32,10.4,25.54,11.47,0.29,8.03,19.29,3.32,1.11,6.4,52.0,Satisfactory,False,False,False,False,False,False,False,False,False,False,False,False,False
2019-07-18,Amritsar,31.59,62.79,31.8,20.49,41.64,22.79,0.39,5.37,18.33,3.13,1.08,8.1,53.0,Satisfactory,False,False,False,False,False,False,False,False,False,False,False,False,False
2019-07-19,Amritsar,29.65,57.49,17.25,14.02,26.67,13.26,0.4,4.57,20.27,3.68,1.13,7.96,64.0,Satisfactory,False,False,False,False,False,False,False,False,False,False,False,False,False
2019-07-20,Amritsar,36.65,64.81,13.68,11.3,21.67,12.08,0.53,8.0,18.76,3.59,1.14,9.62,61.0,Satisfactory,False,False,False,False,False,False,False,False,False,False,False,False,False
2019-07-21,Amritsar,34.1,60.06,11.67,10.68,20.93,11.57,0.47,17.74,22.13,4.25,1.14,7.74,60.0,Satisfactory,False,False,False,False,False,False,False,False,False,False,False,False,False
2019-07-22,Amritsar,43.15,76.76,14.02,10.4,17.86,11.33,0.31,11.1,16.24,3.4,1.25,13.71,71.0,Satisfactory,False,False,False,False,False,False,False,False,False,False,False,False,False
2019-07-23,Amritsar,48.85,74.56,7.77,9.49,17.26,10.22,0.17,12.12,22.14,4.4,1.15,14.56,75.0,Satisfactory,False,False,False,False,False,False,False,False,False,False,False,False,False
2019-07-24,Amritsar,43.72,69.77,7.82,9.53,17.1,10.2,0.38,15.18,27.31,4.18,1.14,13.14,79.0,Satisfactory,False,False,False,False,False,False,False,False,False,False,False,False,False
2019-07-25,Amritsar,28.22,53.0,8.29,9.31,16.63,10.16,0.27,12.54,21.49,3.5,1.06,10.07,70.0,Satisfactory,False,False,False,False,False,False,False,False,False,False,False,False,False
2019-07-26,Amritsar,24.73,49.38,9.45,9.94,18.63,10.66,0.5,11.8,14.03,3.7,1.12,13.25,46.0,Good,False,False,False,False,False,False,False,False,False,False,False,False,False
2019-07-27,Amritsar,27.5,48.96,9.94,10.97,18.41,10.72,0.43,15.86,16.11,3.91,1.14,12.61,55.0,Satisfactory,False,False,False,False,False,False,False,False,False,False,False,False,False
2019-07-28,Amritsar,26.73,47.19,13.19,13.84,21.83,11.87,0.63,16.16,7.2,5.0,1.15,11.83,55.0,Satisfactory,False,False,False,False,False,False,False,False,False,False,False,False,False
2019-07-29,Amritsar,29.12,48.46,12.49,14.06,20.12,11.88,0.26,14.42,9.09,4.03,1.1,12.32,51.0,Satisfactory,False,False,False,False,False,False,False,False,False,False,False,False,False
2019-07-30,Amritsar,25.95,51.61,16.38,14.3,23.36,13.78,0.08,11.39,13.14,4.32,1.18,13.25,48.0,Good,False,False,False,False,False,False,False,False,False,False,False,False,False
2019-07-31,Amritsar,17.41,41.49,9.36,9.96,17.13,10.51,0.35,12.07,14.03,3.58,1.09,8.2,47.0,Good,False,False,False,False,False,False,False,False,False,False,False,False,False
2019-08-01,Amritsar,23.92,45.63,8.83,10.22,17.6,10.46,0.51,21.06,11.71,3.73,1.13,5.79,47.0,Good,False,False,False,False,False,False,False,False,False,False,False,False,False
2019-08-02,Amritsar,16.58,37.38,9.06,9.41,17.4,10.23,0.1,9.62,18.66,3.33,1.12,4.83,42.0,Good,False,False,False,False,False,False,False,False,False,False,False,False,False
2019-08-03,Amritsar,24.34,49.36,9.15,9.82,17.87,10.23,0.54,5.44,16.52,3.32,1.11,8.31,45.0,Good,False,False,False,False,False,False,False,False,False,False,False,False,False
2019-08-04,Amritsar,41.6,63.19,7.75,9.07,16.81,10.07,0.54,5.36,13.28,4.21,1.16,3.18,67.0,Satisfactory,False,False,False,False,False,False,False,False,False,False,False,False,False
2019-08-05,Amritsar,31.11,54.02,8.11,9.13,15.87,10.09,0.24,4.81,10.51,3.88,1.09,8.74,59.0,Satisfactory,False,False,False,False,False,False,False,False,False,False,False,False,False
2019-08-06,Amritsar,33.02,56.3,8.78,9.18,17.56,10.12,0.28,5.25,16.48,3.67,1.15,12.32,56.0,Satisfactory,False,False,False,False,False,False,False,False,False,False,False,False,False
2019-08-07,Amritsar,27.95,50.61,7.85,8.96,16.73,10.06,0.5,5.53,17.22,3.35,1.13,12.05,52.0,Satisfactory,False,False,False,False,False,False,False,False,False,False,False,False,False
2019-08-08,Amritsar,27.18,64.55,8.85,8.96,16.41,10.13,0.48,2.96,14.03,3.75,1.11,13.8,61.0,Satisfactory,False,False,False,False,False,False,False,False,False,False,False,False,False
2019-08-09,Amritsar,21.42,44.31,8.6,9.28,17.6,10.27,0.15,5.62,12.0,3.85,1.16,4.09,54.0,Satisfactory,False,False,False,False,False,False,False,False,False,False,False,False,False
2019-08-10,Amritsar,21.94,49.35,8.25,9.3,17.08,10.06,0.51,7.89,13.87,3.59,1.13,2.47,43.0,Good,False,False,False,False,False,False,False,False,False,False,False,False,False
2019-08-11,Amritsar,27.52,52.67,8.47,9.0,16.78,10.12,0.49,4.6,14.89,3.32,1.11,3.37,53.0,Satisfactory,False,False,False,False,False,False,False,False,False,False,False,False,False
2019-08-12,Amritsar,32.26,59.32,7.63,9.02,16.62,10.05,0.27,7.12,12.27,3.51,1.14,3.88,54.0,Satisfactory,False,False,False,False,False,False,False,False,False,False,False,False,False
2019-08-13,Amritsar,20.54,44.11,9.32,8.87,18.19,10.08,0.28,6.38,14.61,2.8,1.12,4.31,53.0,Satisfactory,False,False,False,False,False,False,False,False,False,False,False,False,False
2019-08-14,Amritsar,23.62,49.13,12.23,9.02,21.25,10.42,0.76,5.33,10.8,2.93,1.13,2.0,50.0,Good,False,False,False,False,False,False,False,False,False,False,False,False,False
2019-08-15,Amritsar,23.28,50.89,13.5,9.19,22.46,10.72,0.62,5.42,10.12,3.24,1.13,1.98,58.0,Satisfactory,False,False,False,False,False,False,False,False,False,False,False,False,False
2019-08-16,Amritsar,22.43,46.17,13.5,9.19,22.22,10.72,0.57,5.57,10.14,3.0,1.1,2.7,50.0,Good,False,False,False,False,False,False,False,False,False,False,False,False,False
2019-08-17,Amritsar,19.43,39.75,13.5,9.19,22.69,10.72,0.42,6.13,14.29,3.16,1.13,2.0,44.0,Good,False,False,False,False,False,False,False,False,False,False,False,False,False
2019-08-18,Amritsar,11.69,37.87,13.5,9.19,22.69,10.72,0.56,9.05,16.87,2.86,1.13,2.15,39.0,Good,False,False,False,False,False,False,False,False,False,False,False,False,False
2019-08-19,Amritsar,16.58,35.71,13.46,9.16,21.71,10.68,0.29,6.64,18.05,2.74,1.06,2.92,45.0,Good,False,False,False,False,False,False,False,False,False,False,False,False,False
2019-08-20,Amritsar,25.06,53.57,13.5,9.19,22.69,10.72,0.53,6.39,24.63,3.15,1.14,2.0,48.0,Good,False,False,False,False,False,False,False,False,False,False,False,False,False
2019-08-21,Amritsar,42.78,75.93,13.3,9.07,22.38,10.76,0.29,6.24,25.9,3.16,1.14,2.0,68.0,Satisfactory,False,False,False,False,False,False,False,False,False,False,False,False,False
2019-08-22,Amritsar,34.69,70.15,12.91,8.91,21.82,10.92,0.22,6.12,22.01,2.63,1.13,2.0,77.0,Satisfactory,False,False,False,False,False,False,False,False,False,False,False,False,False
2019-08-23,Amritsar,34.9,72.3,13.1,8.83,21.94,11.05,0.24,9.0,28.31,2.25,1.02,2.0,69.0,Satisfactory,False,False,False,False,False,False,False,False,False,False,False,False,False
2019-08-24,Amritsar,42.01,80.46,13.17,8.87,22.01,11.03,0.28,5.79,24.41,2.43,1.12,2.0,77.0,Satisfactory,False,False,False,False,False,False,False,False,False,False,False,False,False
2019-08-25,Amritsar,39.095,63.105,13.7,9.725,21.8,10.89,0.365,7.78,20.115000000000002,2.085,1.05,1.935,80.0,Satisfactory,True,True,True,True,True,True,True,True,True,True,True,True,False
2019-08-26,Amritsar,36.18,45.75,14.23,10.58,21.59,10.75,0.45,9.77,15.82,1.74,0.98,1.87,,,False,False,False,False,False,False,False,False,False,False,False,False,True
2019-08-27,Amritsar,36.3,63.21,14.22,9.14,22.63,11.17,0.55,6.49,18.33,2.49,1.13,2.0,68.0,Satisfactory,False,False,False,False,False,False,False,False,False,False,False,False,False
2019-08-28,Amritsar,44.57,73.97,13.1,8.95,21.55,11.12,0.18,8.7,19.26,2.76,1.12,1.98,84.0,Satisfactory,False,False,False,False,False,False,False,False,False,False,False,False,False
2019-08-29,Amritsar,35.47,62.21,14.53,9.47,22.6,11.18,0.3,5.48,20.87,2.2,1.1,1.98,64.0,Satisfactory,False,False,False,False,False,False,False,False,False,False,False,False,False
2019-08-30,Amritsar,37.27,62.08,22.98,11.54,31.46,12.7,0.47,6.96,18.45,2.12,1.11,2.0,60.0,Satisfactory,False,False,False,False,False,False,False,False,False,False,False,False,False
2019-08-31,Amritsar,42.27,66.27,21.96,19.49,37.54,11.58,0.61,6.46,19.43,2.34,1.12,2.0,70.0,Satisfactory,False,False,False,False,False,False,False,False,False,False,False,False,False
2019-09-01,Amritsar,41.31,67.58,13.2,8.82,21.98,11.05,0.38,5.8,17.12,2.5,1.12,2.0,80.0,Satisfactory,False,False,False,False,False,False,False,False,False,False,False,False,False
2019-09-02,Amritsar,29.85,53.6,13.17,8.92,22.06,11.09,0.57,9.33,15.45,2.21,1.11,2.0,54.0,Satisfactory,False,False,False,False,False,False,False,False,False,False,False,False,False
2019-09-03,Amritsar,41.67,71.05,13.23,8.81,21.81,11.06,1.49,21.08,29.75,2.45,1.42,1.96,79.0,Satisfactory,False,False,False,False,False,False,False,False,False,False,False,False,False
2019-09-04,Amritsar,43.4,142.24,13.25,8.81,22.06,11.07,0.82,5.98,34.02,1.99,1.11,2.0,144.0,Moderate,False,False,False,False,False,False,False,False,False,False,False,False,False
2019-09-05,Amritsar,20.82,36.97,13.25,8.81,22.06,11.07,0.68,5.7,21.35,1.72,1.1,2.0,64.0,Satisfactory,False,False,False,False,False,False,False,False,False,False,False,False,False
2019-09-06,Amritsar,32.17,53.74,13.24,8.81,21.81,11.07,0.94,6.19,13.45,1.79,1.09,1.98,55.0,Satisfactory,False,False,False,False,False,False,False,False,False,False,False,False,False
2019-09-07,Amritsar,32.83,58.77,13.26,8.77,22.03,11.08,1.0,6.3,13.84,1.97,1.11,2.0,70.0,Satisfactory,False,False,False,False,False,False,False,False,False,False,False,False,False
2019-09-08,Amritsar,28.54,56.86,16.3,12.06,25.35,11.66,0.84,5.78,14.57,2.03,1.11,2.0,68.0,Satisfactory,False,False,False,False,False,False,False,False,False,False,False,False,False
2019-09-09,Amritsar,38.61,76.3,22.78,16.01,32.96,12.24,1.17,7.33,17.04,2.06,1.1,1.98,70.0,Satisfactory,False,False,False,False,False,False,False,False,False,False,False,False,False
2019-09-10,Amritsar,39.22,75.57,14.89,11.7,24.65,9.68,0.94,9.5,14.2,2.08,1.13,2.0,81.0,Satisfactory,False,False,False,False,False,False,False,False,False,False,False,False,False
2019-09-11,Amritsar,41.36,79.85,13.16,11.2,23.58,9.48,0.3,9.68,15.6,2.04,1.11,2.0,77.0,Satisfactory,False,False,False,False,False,False,False,False,False,False,False,False,False
2019-09-12,Amritsar,40.96,75.26,13.75,10.7,23.86,9.46,0.86,9.26,19.2,1.9,1.11,2.0,79.0,Satisfactory,False,False,False,False,False,False,False,False,False,False,False,False,False
2019-09-13,Amritsar,35.44,63.1,13.54,10.91,23.88,9.48,1.13,12.01,29.03,1.74,1.1,2.0,84.0,Satisfactory,False,False,False,False,False,False,False,False,False,False,False,False,False
2019-09-14,Amritsar,45.56,70.58,17.74,14.37,30.73,9.51,1.52,16.32,19.24,1.92,1.18,1.98,103.0,Moderate,False,False,False,False,False,False,False,False,False,False,False,False,False
2019-09-15,Amritsar,42.86,69.71,16.53,10.58,23.69,9.61,0.67,7.64,22.4,2.07,1.1,1.98,85.0,Satisfactory,False,False,False,False,False,False,False,False,False,False,False,False,False
2019-09-16,Amritsar,33.95,61.35,18.8,17.21,28.34,10.34,0.47,12.85,24.2,1.92,1.08,1.96,79.0,Satisfactory,False,False,False,False,False,False,False,False,False,False,False,False,False
2019-09-17,Amritsar,37.32,65.85,15.01,11.66,25.01,9.59,0.09,15.59,28.21,2.02,1.11,2.0,56.0,Satisfactory,False,False,False,False,False,False,False,False,False,False,False,False,False
2019-09-18,Amritsar,43.51,74.09,13.95,10.94,24.26,9.55,0.35,12.01,26.59,2.04,1.22,2.0,75.0,Satisfactory,False,False,False,False,False,False,False,False,False,False,False,False,False
2019-09-19,Amritsar,31.24,54.09,14.64,11.3,24.58,9.65,1.37,15.55,23.48,1.78,1.1,2.0,91.0,Satisfactory,False,False,False,False,False,False,False,False,False,False,False,False,False
2019-09-20,Amritsar,27.76,52.71,14.0,11.15,24.29,9.29,1.29,20.75,24.46,1.85,1.11,2.0,97.0,Satisfactory,False,False,False,False,False,False,False,False,False,False,False,False,False
2019-09-21,Amritsar,33.91,61.33,13.95,11.05,23.54,9.45,1.42,43.86,21.75,1.93,1.08,1.95,90.0,Satisfactory,False,False,False,False,False,False,False,False,False,False,False,False,False
2019-09-22,Amritsar,46.92,76.58,13.6,10.93,23.48,9.62,0.69,41.56,36.57,2.25,1.11,2.0,87.0,Satisfactory,False,False,False,False,False,False,False,False,False,False,False,False,False
2019-09-23,Amritsar,29.63,55.14,13.39,10.91,23.32,9.5,0.51,6.26,32.18,1.83,1.15,1.98,66.0,Satisfactory,False,False,False,False,False,False,False,False,False,False,False,False,False
2019-09-24,Amritsar,29.2,55.32,13.75,10.56,23.89,9.34,0.6,10.52,27.3,1.96,1.11,2.0,61.0,Satisfactory,False,False,False,False,False,False,False,False,False,False,False,False,False
2019-09-25,Amritsar,60.23,82.57,13.29,10.91,23.27,9.46,1.17,20.53,25.56,2.18,1.11,2.0,87.0,Satisfactory,False,False,False,False,False,False,False,False,False,False,False,False,False
2019-09-26,Amritsar,78.08,97.22,13.34,10.88,23.3,9.51,0.96,10.46,13.97,2.18,1.08,1.95,146.0,Moderate,False,False,False,False,False,False,False,False,False,False,False,False,False
2019-09-27,Amritsar,35.0,62.07,13.04,10.44,23.08,9.32,0.81,13.46,11.17,1.94,1.1,1.98,96.0,Satisfactory,False,False,False,False,False,False,False,False,False,False,False,False,False
2019-09-28,Amritsar,21.75,50.58,13.42,10.49,23.87,9.41,0.68,8.25,11.7,1.81,1.11,2.0,60.0,Satisfactory,False,False,False,False,False,False,False,False,False,False,False,False,False
2019-09-29,Amritsar,12.58,41.81,12.94,10.51,23.2,9.34,0.57,9.96,14.39,1.68,1.09,1.98,63.0,Satisfactory,False,False,False,False,False,False,False,False,False,False,False,False,False
2019-09-30,Amritsar,16.26,48.02,13.12,10.54,23.63,9.32,0.56,16.98,11.52,1.66,1.1,2.0,48.0,Good,False,False,False,False,False,False,False,False,False,False,False,False,False
2019-10-01,Amritsar,18.15,51.03,13.16,10.58,23.71,9.36,0.62,21.48,15.92,1.72,1.11,2.0,57.0,Satisfactory,False,False,False,False,False,False,False,False,False,False,False,False,False
2019-10-02,Amritsar,27.76,65.44,13.38,10.66,23.26,9.41,0.82,49.41,18.07,1.88,1.07,1.99,67.0,Satisfactory,False,False,False,False,False,False,False,False,False,False,False,False,False
2019-10-03,Amritsar,28.07,69.46,12.93,10.32,22.75,9.29,0.58,10.21,21.01,2.58,1.09,2.93,84.0,Satisfactory,False,False,False,False,False,False,False,False,False,False,False,False,False
2019-10-04,Amritsar,24.0,51.78,13.19,10.56,23.62,9.32,0.09,6.6,15.08,3.58,1.18,2.91,55.0,Satisfactory,False,False,False,False,False,False,False,False,False,False,False,False,False
2019-10-05,Amritsar,30.18,54.28,12.51,10.3,22.68,8.98,0.21,4.8,27.04,4.02,1.19,2.15,60.0,Satisfactory,False,False,False,False,False,False,False,False,False,False,False,False,False
2019-10-06,Amritsar,66.88,95.67,11.96,12.09,20.86,30.09,0.32,4.7,39.06,5.13,1.2,1.98,86.0,Satisfactory,False,False,False,False,False,False,False,False,False,False,False,False,False
2019-10-07,Amritsar,34.53,75.78,10.57,11.41,20.97,30.69,0.23,3.05,36.75,3.45,1.15,2.0,94.0,Satisfactory,False,False,False,False,False,False,False,False,False,False,False,False,False
2019-10-08,Amritsar,48.2,73.6,12.29,11.35,21.7,31.13,0.28,1.51,35.6,4.2,1.18,2.0,132.0,Moderate,False,False,False,False,False,False,False,False,False,False,False,False,False
2019-10-09,Amritsar,47.82,71.06,27.37,12.56,25.77,37.76,0.33,4.19,32.11,3.2,1.07,2.48,81.0,Satisfactory,False,False,False,False,False,False,False,False,False,False,False,False,False
2019-10-10,Amritsar,36.76,64.47,10.5,11.64,20.98,30.77,0.31,1.64,42.89,3.24,1.15,2.0,77.0,Satisfactory,False,False,False,False,False,False,False,False,False,False,False,False,False
2019-10-11,Amritsar,67.93,112.42,12.37,12.05,20.91,30.03,0.33,7.35,39.8725,4.06,1.11,1.83,154.0,Moderate,False,False,False,False,False,False,False,False,True,False,False,False,False
2019-10-12,Amritsar,80.09,134.52,10.82,11.5,20.77,34.63,0.2,2.59,36.855,4.72,1.2,2.11,155.0,Moderate,False,False,False,False,False,False,False,False,True,False,False,False,False
2019-10-13,Amritsar,89.61,136.04,12.1,11.33,22.42,29.97,0.28,5.1,33.8375,4.56,1.22,2.0,179.0,Moderate,False,False,False,False,False,False,False,False,True,False,False,False,False
2019-10-14,Amritsar,76.11,136.64,12.66,12.01,22.6,30.9,0.4,4.86,30.82,4.08,2.2,2.0,205.0,Poor,False,False,False,False,False,False,False,False,True,False,False,False,False
2019-10-15,Amritsar,45.01,102.57,11.17,11.41,21.58,30.38,0.48,7.11,27.8025,3.29,4.19,2.0,104.0,Moderate,False,False,False,False,False,False,False,False,True,False,False,False,False
2019-10-16,Amritsar,60.98,88.71,11.89,11.4,21.93,30.31,0.34,10.91,24.785,2.98,4.01,1.99,117.0,Moderate,False,False,False,False,False,False,False,False,True,False,False,False,False
2019-10-17,Amritsar,58.05,81.17,12.25,11.65,21.66,30.47,0.47,16.53,21.7675,2.53,3.64,1.95,95.0,Satisfactory,False,False,False,False,False,False,False,False,True,False,False,False,False
2019-10-18,Amritsar,38.85,74.0,11.12,11.53,20.3,30.37,0.39,11.45,18.75,1.84,2.59,1.88,94.0,Satisfactory,False,False,False,False,False,False,False,False,False,False,False,False,False
2019-10-19,Amritsar,22.66,54.08,11.13,11.53,21.65,30.36,0.63,9.21,20.6,2.01,3.51,2.0,58.0,Satisfactory,False,False,False,False,False,False,False,False,False,False,False,False,False
2019-10-20,Amritsar,42.86,107.14,11.16,11.51,21.67,30.36,0.52,7.06,24.61,2.21,3.67,2.0,87.0,Satisfactory,False,False,False,False,False,False,False,False,False,False,False,False,False
2019-10-21,Amritsar,62.48,136.27,11.15,11.51,21.67,30.36,0.54,7.47,27.11,2.31,3.76,2.0,110.0,Moderate,False,False,False,False,False,False,False,False,False,False,False,False,False
2019-10-22,Amritsar,80.27,181.64,11.27,14.51,24.08,29.79,0.54,12.37,22.51,2.36,3.33,1.96,147.0,Moderate,False,False,False,False,False,False,False,False,False,False,False,False,False
2019-10-23,Amritsar,96.33,172.08,11.63,18.14,28.97,28.99,0.46,13.85,16.81,2.9,3.57,1.96,227.0,Poor,False,False,False,False,False,False,False,False,False,False,False,False,False
2019-10-24,Amritsar,84.31,132.9,11.04,11.56,21.66,31.4,0.36,13.78,22.45,2.49,3.3,1.92,179.0,Moderate,False,False,False,False,False,False,False,False,False,False,False,False,False
2019-10-25,Amritsar,90.71,135.6,12.5,13.12,23.71,31.44,0.87,15.28,19.52,3.07,3.83,1.96,198.0,Moderate,False,False,False,False,False,False,False,False,False,False,False,False,False
2019-10-26,Amritsar,107.98,161.15,11.28,8.57,19.43,32.46,0.56,15.87,19.54,3.09,3.77,1.98,234.0,Poor,False,False,False,False,False,False,False,False,False,False,False,False,False
2019-10-27,Amritsar,116.05,181.67,13.78,9.11,22.22,32.83,0.79,17.71,19.78,3.39,3.83,2.03,212.0,Poor,False,False,False,False,False,False,False,False,False,False,False,False,False
2019-10-28,Amritsar,249.1,303.33,43.34,19.85,55.39,20.44,0.31,34.17,17.9,3.43,4.01,2.06,399.0,Very Poor,False,False,False,False,False,False,False,False,False,False,False,False,False
2019-10-29,Amritsar,111.47,189.73,29.45,10.03,39.44,13.06,0.46,11.65,18.13,3.7,4.4,2.0,309.0,Very Poor,False,False,False,False,False,False,False,False,False,False,False,False,False
2019-10-30,Amritsar,127.13,245.27,17.07,9.78,21.98,13.16,0.57,13.88,21.7,2.92,2.91,1.64,247.0,Poor,False,False,False,False,False,False,False,False,False,False,False,False,False
2019-10-31,Amritsar,139.65,226.33,17.01,10.01,26.75,13.1,0.31,10.92,16.02,3.44,4.23,1.98,321.0,Very Poor,False,False,False,False,False,False,False,False,False,False,False,False,False
2019-11-01,Amritsar,154.49,235.28,17.73,9.94,27.64,12.81,0.37,19.27,15.38,3.53,4.21,2.0,313.0,Very Poor,False,False,False,False,False,False,False,False,False,False,False,False,False
2019-11-02,Amritsar,110.95,181.95,17.66,9.91,27.24,12.97,0.52,10.06,11.35,2.69,3.27,2.0,313.0,Very Poor,False,False,False,False,False,False,False,False,False,False,False,False,False
2019-11-03,Amritsar,155.83,305.4,17.13,10.98,27.05,13.26,0.34,9.75,14.51,2.75,3.41,2.0,302.0,Very Poor,False,False,False,False,False,False,False,False,False,False,False,False,False
2019-11-04,Amritsar,104.21,207.47,18.27,10.64,24.48,12.38,0.71,12.97,12.72,1.79,2.42,1.84,288.0,Poor,False,False,False,False,False,False,False,False,False,False,False,False,False
2019-11-05,Amritsar,97.09,186.99,41.45,32.85,51.49,24.67,0.53,10.5,16.23,2.2,2.58,1.98,261.0,Poor,False,False,False,False,False,False,False,False,False,False,False,False,False
2019-11-06,Amritsar,137.13,221.46,16.97,9.95,26.71,12.99,0.48,10.68,18.85,2.14,2.49,2.0,254.0,Poor,False,False,False,False,False,False,False,False,False,False,False,False,False
2019-11-07,Amritsar,34.94,71.87,17.16,9.95,26.82,13.01,0.55,8.74,15.72,1.59,1.94,1.98,212.0,Poor,False,False,False,False,False,False,False,False,False,False,False,False,False
2019-11-08,Amritsar,24.18,61.24,17.21,10.04,27.25,13.03,0.8,10.71,16.33,1.56,1.99,2.0,54.0,Satisfactory,False,False,False,False,False,False,False,False,False,False,False,False,False
2019-11-09,Amritsar,42.84,81.33,17.28,10.04,27.28,13.0,0.78,9.2,12.92,2.02,2.7,2.0,72.0,Satisfactory,False,False,False,False,False,False,False,False,False,False,False,False,False
2019-11-10,Amritsar,84.92,143.08,17.28,10.24,27.46,13.05,0.41,10.17,22.42,2.18,2.92,2.0,140.0,Moderate,False,False,False,False,False,False,False,False,False,False,False,False,False
2019-11-11,Amritsar,84.63,158.85,17.16,10.25,27.34,13.06,0.8,11.04,27.87,2.16,2.65,2.0,160.0,Moderate,False,False,False,False,False,False,False,False,False,False,False,False,False
2019-11-12,Amritsar,168.71,313.31,17.19,10.31,27.43,12.92,0.78,12.55,19.71,2.74,3.16,2.0,285.0,Poor,False,False,False,False,False,False,False,False,False,False,False,False,False
2019-11-13,Amritsar,189.44,339.69,17.22,10.0,27.22,13.0,0.48,16.3,15.22,3.13,3.65,2.0,358.0,Very Poor,False,False,False,False,False,False,False,False,False,False,False,False,False
2019-11-14,Amritsar,148.61,260.33,17.22,10.09,27.31,12.99,0.56,20.51,10.01,2.81,3.2,2.0,334.0,Very Poor,False,False,False,False,False,False,False,False,False,False,False,False,False
2019-11-15,Amritsar,103.87,180.68,17.23,10.0,27.24,12.98,0.65,29.92,9.71,2.41,2.72,2.0,317.0,Very Poor,False,False,False,False,False,False,False,False,False,False,False,False,False
2019-11-16,Amritsar,86.49,164.0,17.17,9.91,27.08,13.0,0.36,13.01,11.08,2.31,3.22,2.0,259.0,Poor,False,False,False,False,False,False,False,False,False,False,False,False,False
2019-11-17,Amritsar,42.18,105.92,17.22,10.01,27.23,12.99,0.66,7.93,16.02,1.92,3.16,2.0,110.0,Moderate,False,False,False,False,False,False,False,False,False,False,False,False,False
2019-11-18,Amritsar,101.44,190.56,17.24,10.01,26.96,13.01,0.65,11.37,20.02,2.12,2.83,1.98,162.0,Moderate,False,False,False,False,False,False,False,False,False,False,False,False,False
2019-11-19,Amritsar,147.55,263.97,17.23,10.0,27.23,13.0,0.56,11.86,12.65,3.55,4.6,2.01,322.0,Very Poor,False,False,False,False,False,False,False,False,False,False,False,False,False
2019-11-20,Amritsar,91.41,253.95,17.22,9.98,27.2,13.0,0.47,13.04,13.14,3.38,4.5,2.01,235.0,Poor,False,False,False,False,False,False,False,False,False,False,False,False,False
2019-11-21,Amritsar,112.55,180.08,13.18,9.99,23.17,12.99,0.66,18.42,10.24,2.55,2.93,2.0,280.0,Poor,False,False,False,False,False,False,False,False,False,False,False,False,False
2019-11-22,Amritsar,57.31,122.03,9.51,10.01,19.52,13.0,0.59,13.92,7.19,2.37,2.96,2.0,157.0,Moderate,False,False,False,False,False,False,False,False,False,False,False,False,False
2019-11-23,Amritsar,24.07,59.83,9.5,9.99,19.5,13.0,0.67,8.75,13.37,1.91,2.89,2.0,85.0,Satisfactory,False,False,False,False,False,False,False,False,False,False,False,False,False
2019-11-24,Amritsar,32.98,88.49,9.5,9.99,19.49,13.01,0.67,10.45,16.72,2.24,3.26,2.0,74.0,Satisfactory,False,False,False,False,False,False,False,False,False,False,False,False,False
2019-11-25,Amritsar,39.29,146.1,9.5,9.99,19.49,13.0,0.48,10.74,16.08,2.83,3.9,2.01,108.0,Moderate,False,False,False,False,False,False,False,False,False,False,False,False,False
2019-11-26,Amritsar,30.77,80.76,9.53,10.03,19.56,13.08,0.48,16.2,13.5,2.42,3.18,1.98,113.0,Moderate,False,False,False,False,False,False,False,False,False,False,False,False,False
2019-11-27,Amritsar,31.91,46.08,9.51,10.02,19.54,13.0,0.63,14.87,11.14,1.81,2.17,2.0,64.0,Satisfactory,False,False,False,False,False,False,False,False,False,False,False,False,False
2019-11-28,Amritsar,25.36,39.49,9.52,9.85,19.31,13.04,0.65,12.42,11.47,1.7,2.08,2.0,44.0,Good,False,False,False,False,False,False,False,False,False,False,False,False,False
2019-11-29,Amritsar,26.37,51.37,9.83,10.32,19.82,9.12,0.74,13.18,15.19,1.84,2.44,2.0,47.0,Good,False,False,False,False,False,False,False,False,False,False,False,False,False
2019-11-30,Amritsar,41.64,69.84,9.6,10.15,19.52,5.02,0.64,8.22,19.66,1.99,2.77,2.0,60.0,Satisfactory,False,False,False,False,False,False,False,False,False,False,False,False,False
2019-12-01,Amritsar,60.29,99.83,9.54,10.06,19.6,4.93,0.71,8.9,24.19,2.41,3.08,2.0,89.0,Satisfactory,False,False,False,False,False,False,False,False,False,False,False,False,False
2019-12-02,Amritsar,84.89,137.8,9.65,9.93,19.5,5.01,0.5,9.17,26.53,2.93,3.45,2.0,145.0,Moderate,False,False,False,False,False,False,False,False,False,False,False,False,False
2019-12-03,Amritsar,87.69,140.27,9.51,10.05,19.2,5.1,0.59,10.68,22.89,3.1,3.37,1.98,183.0,Moderate,False,False,False,False,False,False,False,False,False,False,False,False,False
2019-12-04,Amritsar,90.75,145.52,10.45,10.6,19.15,5.34,0.16,13.24,23.74,2.99,3.19,1.96,220.0,Poor,False,False,False,False,False,False,False,False,False,False,False,False,False
2019-12-05,Amritsar,66.85,103.82,11.81,13.89,20.33,5.53,0.5,9.82,21.56,2.38,2.82,1.9,147.0,Moderate,False,False,False,False,False,False,False,False,False,False,False,False,False
2019-12-06,Amritsar,54.62,84.09,10.47,11.54,20.38,5.25,0.24,11.64,17.87,2.42,2.96,2.0,106.0,Moderate,False,False,False,False,False,False,False,False,False,False,False,False,False
2019-12-07,Amritsar,74.16,111.95,10.88,10.78,18.86,5.19,0.82,18.45,17.24,2.74,3.28,1.85,121.0,Moderate,False,False,False,False,False,False,False,False,False,False,False,False,False
2019-12-08,Amritsar,67.0,114.79,11.94,12.9,21.4,5.63,0.74,12.39,20.02,3.23,3.99,1.98,123.0,Moderate,False,False,False,False,False,False,False,False,False,False,False,False,False
2019-12-09,Amritsar,103.57,162.16,14.29,15.08,23.71,6.76,0.7,12.35,19.0,3.15,3.69,2.0,187.0,Moderate,False,False,False,False,False,False,False,False,False,False,False,False,False
2019-12-10,Amritsar,128.64,202.77,11.96,14.02,21.02,6.05,0.66,10.06,19.17,2.99,3.0,2.0,291.0,Poor,False,False,False,False,False,False,False,False,False,False,False,False,False
2019-12-11,Amritsar,86.0,132.04,11.49,12.72,20.34,5.63,0.54,13.79,17.99,2.62,2.7,2.0,245.0,Poor,False,False,False,False,False,False,False,False,False,False,False,False,False
2019-12-12,Amritsar,28.77,44.31,11.17,12.31,17.56,5.95,0.72,4.02,13.14,1.61,1.62,1.93,186.0,Moderate,False,False,False,False,False,False,False,False,False,False,False,False,False
2019-12-13,Amritsar,24.95,35.96,12.59,14.74,22.04,6.11,0.77,4.81,16.97,1.6,1.8,1.98,43.0,Good,False,False,False,False,False,False,False,False,False,False,False,False,False
2019-12-14,Amritsar,39.26,47.36,12.76,13.75,21.92,6.29,0.71,7.47,16.45,1.77,2.09,2.0,59.0,Satisfactory,False,False,False,False,False,False,False,False,False,False,False,False,False
2019-12-15,Amritsar,30.72,38.24,10.88,11.28,20.2,5.37,0.64,6.67,22.0,1.76,2.1,1.96,58.0,Satisfactory,False,False,False,False,False,False,False,False,False,False,False,False,False
2019-12-16,Amritsar,41.03,51.31,12.58,12.41,21.73,5.8,0.81,5.42,24.54,1.74,1.98,1.98,55.0,Satisfactory,False,False,False,False,False,False,False,False,False,False,False,False,False
2019-12-17,Amritsar,49.45,64.66,13.29,13.0,21.65,6.2,0.65,5.64,23.2,1.89,1.81,1.98,74.0,Satisfactory,False,False,False,False,False,False,False,False,False,False,False,False,False
2019-12-18,Amritsar,58.96,85.25,13.08,14.96,21.71,6.77,0.72,6.09,24.27,2.1,2.03,1.98,95.0,Satisfactory,False,False,False,False,False,False,False,False,False,False,False,False,False
2019-12-19,Amritsar,63.18,80.52,12.08,12.09,21.16,5.65,0.68,5.98,19.51,1.68,1.58,1.93,107.0,Moderate,False,False,False,False,False,False,False,False,False,False,False,False,False
2019-12-20,Amritsar,108.34,125.24,11.99,11.94,21.0,5.61,0.62,7.66,20.05,2.09,1.91,2.0,171.0,Moderate,False,False,False,False,False,False,False,False,False,False,False,False,False
2019-12-21,Amritsar,52.95,69.41,13.13,13.09,21.88,5.98,0.63,6.56,26.89,2.08,2.13,2.0,184.0,Moderate,False,False,False,False,False,False,False,False,False,False,False,False,False
2019-12-22,Amritsar,62.11,84.25,11.19,12.12,20.52,5.7,0.61,5.04,23.21,2.0,2.0,2.0,96.0,Satisfactory,False,False,False,False,False,False,False,False,False,False,False,False,False
2019-12-23,Amritsar,69.27,101.77,12.78,13.24,21.79,5.93,0.53,7.18,23.26,2.02,1.84,1.98,108.0,Moderate,False,False,False,False,False,False,False,False,False,False,False,False,False
2019-12-24,Amritsar,97.42,128.35,9.53,9.83,18.23,5.18,0.64,7.05,32.52,1.78,1.63,1.9,210.0,Poor,False,False,False,False,False,False,False,False,False,False,False,False,False
2019-12-25,Amritsar,52.73,76.1,10.3,10.53,19.5,5.3,0.74,6.27,48.65,1.72,1.74,2.0,141.0,Moderate,False,False,False,False,False,False,False,False,False,False,False,False,False
2019-12-26,Amritsar,58.57,84.32,10.44,10.62,20.2,4.87,0.8,6.96,46.13,1.69,1.65,1.96,91.0,Satisfactory,False,False,False,False,False,False,False,False,False,False,False,False,False
2019-12-27,Amritsar,77.3,105.41,10.48,10.73,19.7,5.17,0.73,11.3,53.99,1.68,1.62,1.98,126.0,Moderate,False,False,False,False,False,False,False,False,False,False,False,False,False
2019-12-28,Amritsar,80.31,106.95,9.62,10.78,19.14,5.07,0.64,11.47,66.65,1.59,1.57,1.96,156.0,Moderate,False,False,False,False,False,False,False,False,False,False,False,False,False
2019-12-29,Amritsar,80.8,107.95,10.05,10.88,19.25,5.15,0.75,10.01,66.7,1.62,1.62,1.98,193.0,Moderate,False,False,False,False,False,False,False,False,False,False,False,False,False
2019-12-30,Amritsar,71.17,97.83,9.78,10.78,17.36,4.97,0.4,7.65,31.33,1.56,1.34,1.75,155.0,Moderate,False,False,False,False,False,False,False,False,False,False,False,False,False
2019-12-31,Amritsar,71.0,98.3,9.93,10.0,19.75,5.04,0.59,8.42,24.9,1.75,1.47,2.0,111.0,Moderate,False,False,False,False,False,False,False,False,False,False,False,False,False
2020-01-01,Amritsar,94.38,137.93,9.91,10.38,18.95,5.1,0.42,15.79,40.21,2.62,2.4,1.98,184.0,Moderate,False,False,False,False,False,False,False,False,False,False,False,False,False
2020-01-02,Amritsar,80.8,115.13,9.91,10.44,18.85,8.93,0.3,12.54,7.82,2.77,2.78,1.9,196.0,Moderate,False,False,False,False,False,False,False,False,False,False,False,False,False
2020-01-03,Amritsar,78.22,110.89,9.63,10.03,18.02,11.99,0.62,11.43,27.0,2.61,2.97,1.82,160.0,Moderate,False,False,False,False,False,False,False,False,False,False,False,False,False
2020-01-04,Amritsar,96.86,134.78,9.35,10.02,19.27,11.99,0.11,8.12,36.13,3.43,3.81,2.0,221.0,Poor,False,False,False,False,False,False,False,False,False,False,False,False,False
2020-01-05,Amritsar,65.12,95.22,9.51,9.67,17.61,12.16,0.28,11.92,32.48,2.25,2.44,1.85,156.0,Moderate,False,False,False,False,False,False,False,False,False,False,False,False,False
2020-01-06,Amritsar,33.39,47.36,10.21,10.43,20.35,11.87,0.6,6.75,38.56,1.74,1.8,2.0,88.0,Satisfactory,False,False,False,False,False,False,False,False,False,False,False,False,False
2020-01-07,Amritsar,36.74,46.3,9.75,9.77,19.28,11.99,0.57,7.53,8.63,1.76,1.7,2.0,58.0,Satisfactory,False,False,False,False,False,False,False,False,False,False,False,False,False
2020-01-08,Amritsar,24.14,31.7,9.89,10.12,18.84,12.01,0.62,6.32,22.11,1.51,1.52,1.9,46.0,Good,False,False,False,False,False,False,False,False,False,False,False,False,False
2020-01-09,Amritsar,56.17,80.34,9.68,10.05,19.07,11.94,0.68,20.5,23.77,2.11,1.84,1.92,66.0,Satisfactory,False,False,False,False,False,False,False,False,False,False,False,False,False
2020-01-10,Amritsar,55.79,76.73,9.78,9.74,19.48,12.02,0.47,6.87,39.56,2.14,2.09,2.0,103.0,Moderate,False,False,False,False,False,False,False,False,False,False,False,False,False
2020-01-11,Amritsar,55.64,80.28,9.37,10.19,19.5,11.99,0.73,10.87,36.72,2.02,2.14,2.0,87.0,Satisfactory,False,False,False,False,False,False,False,False,False,False,False,False,False
2020-01-12,Amritsar,44.56,73.05,9.55,9.99,18.76,12.1,0.8,17.99,17.71,2.29,2.78,1.94,87.0,Satisfactory,False,False,False,False,False,False,False,False,False,False,False,False,False
2020-01-13,Amritsar,47.0,61.51,9.67,10.01,19.68,12.06,0.4,6.24,25.62,1.83,2.09,2.0,74.0,Satisfactory,False,False,False,False,False,False,False,False,False,False,False,False,False
2020-01-14,Amritsar,31.25,83.72,9.17,9.89,17.82,11.99,0.66,6.54,20.19,1.45,1.55,1.86,64.0,Satisfactory,False,False,False,False,False,False,False,False,False,False,False,False,False
2020-01-15,Amritsar,54.01,187.66,9.84,9.78,19.38,12.02,0.72,7.23,19.48166666666667,1.99,1.86,1.94,166.0,Moderate,False,False,False,False,False,False,False,False,True,False,False,False,False
2020-01-16,Amritsar,45.32,81.67,9.43,9.85,19.25,12.0,0.91,7.72,18.773333333333333,2.27,2.14,2.0,85.0,Satisfactory,False,False,False,False,False,False,False,False,True,False,False,False,False
2020-01-17,Amritsar,77.37,110.41,9.63,10.03,19.65,12.06,0.89,7.44,18.065,2.55,2.49,2.0,121.0,Moderate,False,False,False,False,False,False,False,False,True,False,False,False,False
2020-01-18,Amritsar,68.12,98.08,9.46,9.98,18.75,12.01,0.61,6.68,17.356666666666666,2.13,2.24,1.93,153.0,Moderate,False,False,False,False,False,False,False,False,True,False,False,False,False
2020-01-19,Amritsar,57.46,82.99,9.3,10.02,19.25,11.94,0.63,6.57,16.648333333333333,2.07,2.2,2.0,111.0,Moderate,False,False,False,False,False,False,False,False,True,False,False,False,False
2020-01-20,Amritsar,64.93,108.1,9.57,10.17,19.06,11.96,0.68,7.84,15.94,2.09,2.01,1.94,111.0,Moderate,False,False,False,False,False,False,False,False,False,False,False,False,False
2020-01-21,Amritsar,37.05,69.74,9.44,10.04,19.14,12.0,0.63,15.16,22.56,1.87,1.92,1.95,98.0,Satisfactory,False,False,False,False,False,False,False,False,False,False,False,False,False
2020-01-22,Amritsar,21.05,40.05,9.72,10.07,19.58,11.92,0.8,7.78,39.9,1.59,1.84,2.0,63.0,Satisfactory,False,False,False,False,False,False,False,False,False,False,False,False,False
2020-01-23,Amritsar,27.42,50.66,9.68,10.01,17.86,11.99,0.73,7.05,40.09,1.5,1.54,1.83,63.0,Satisfactory,False,False,False,False,False,False,False,False,False,False,False,False,False
2020-01-24,Amritsar,43.96,77.9,9.54,9.93,19.14,12.01,0.6,8.46,43.35,1.85,1.82,2.0,70.0,Satisfactory,False,False,False,False,False,False,False,False,False,False,False,False,False
2020-01-25,Amritsar,71.6,130.66,10.19,10.17,20.05,11.96,0.7,11.04,43.22,2.35,2.3,2.0,108.0,Moderate,False,False,False,False,False,False,False,False,False,False,False,False,False
2020-01-26,Amritsar,45.03,82.9,9.88,10.69,18.16,11.83,0.73,15.78,38.27,1.88,2.08,1.83,107.0,Moderate,False,False,False,False,False,False,False,False,False,False,False,False,False
2020-01-27,Amritsar,61.56,94.0,10.19,10.77,19.76,12.31,0.64,11.17,32.32,2.11,2.12,2.0,90.0,Satisfactory,False,False,False,False,False,False,False,False,False,False,False,False,False
2020-01-28,Amritsar,42.4,55.89,10.76,10.82,20.45,11.96,0.64,10.61,23.37,1.66,1.67,2.0,96.0,Satisfactory,False,False,False,False,False,False,False,False,False,False,False,False,False
2020-01-29,Amritsar,20.48,36.13,9.53,10.7,19.55,11.84,0.98,6.87,28.73,1.64,1.87,2.0,55.0,Satisfactory,False,False,False,False,False,False,False,False,False,False,False,False,False
2020-01-30,Amritsar,27.36,57.69,10.0,10.35,19.39,11.8,0.55,6.8,31.21,1.69,1.81,1.96,60.0,Satisfactory,False,False,False,False,False,False,False,False,False,False,False,False,False
2020-01-31,Amritsar,21.43,139.43,10.12,10.15,19.02,12.09,0.47,9.95,27.1,1.96,1.7,1.93,102.0,Moderate,False,False,False,False,False,False,False,False,False,False,False,False,False
2020-02-01,Amritsar,18.773333333333333,102.82,26.46,37.76,35.17333333333333,15.196666666666665,0.7933333333333332,11.19,23.636666666666667,2.296666666666667,2.2666666666666666,1.8566666666666667,127.0,Moderate,True,True,True,True,True,True,True,True,True,True,True,True,False
2020-02-02,Amritsar,16.116666666666667,66.21,42.8,65.37,51.32666666666667,18.303333333333335,1.1166666666666667,12.43,20.173333333333336,2.6333333333333337,2.833333333333333,1.7833333333333332,,,True,True,True,True,True,True,True,True,True,True,True,True,True
2020-02-03,Amritsar,13.46,29.6,59.14,92.98,67.48,21.41,1.44,13.67,16.71,2.97,3.4,1.71,,,False,False,False,False,False,False,False,False,False,False,False,False,True
2020-02-04,Amritsar,67.56,103.84,27.82,21.0,36.62,14.74,0.49,6.95,37.74,2.09,2.14,2.0,111.0,Moderate,False,False,False,False,False,False,False,False,False,False,False,False,False
2020-02-05,Amritsar,55.53,94.4,17.32,12.2,26.8,12.12,0.54,7.43,33.11,1.74,1.7,2.05,99.0,Satisfactory,False,False,False,False,False,False,False,False,False,False,False,False,False
2020-02-06,Amritsar,74.16,128.7,18.61,11.48,27.36,12.04,0.46,8.99,39.2,1.85,1.76,1.94,121.0,Moderate,False,False,False,False,False,False,False,False,False,False,False,False,False
2020-02-07,Amritsar,62.25,102.49,17.94,13.47,28.51,12.09,0.33,7.3,41.35,1.83,1.85,2.0,124.0,Moderate,False,False,False,False,False,False,False,False,False,False,False,False,False
2020-02-08,Amritsar,92.15,166.94,17.97,11.59,26.63,12.4,0.9,9.69,43.9,2.15,2.14,1.95,152.0,Moderate,False,False,False,False,False,False,False,False,False,False,False,False,False
2020-02-09,Amritsar,113.54,160.38,17.18,11.18,27.37,11.99,0.21,10.05,42.74,2.99,2.63,2.0,282.0,Poor,False,False,False,False,False,False,False,False,False,False,False,False,False
2020-02-10,Amritsar,63.68,115.75,17.14,10.13,26.59,12.03,1.03,7.86,42.74,1.94,2.09,1.98,144.0,Moderate,False,False,False,False,False,False,False,False,False,False,False,False,False
2020-02-11,Amritsar,84.93,187.15,17.48,10.4,26.72,12.02,0.3,9.07,35.77,2.31,2.22,2.0,190.0,Moderate,False,False,False,False,False,False,False,False,False,False,False,False,False
2020-02-12,Amritsar,38.88,136.28,18.01,13.17,27.73,12.36,0.5,2.5,37.25,1.71,1.79,2.0,133.0,Moderate,False,False,False,False,False,False,False,False,False,False,False,False,False
2020-02-13,Amritsar,42.33,117.43,17.64,11.27,26.66,12.13,0.76,10.04,35.09,1.63,1.63,2.05,112.0,Moderate,False,False,False,False,False,False,False,False,False,False,False,False,False
2020-02-14,Amritsar,33.14,100.08,16.9,10.48,27.0,11.82,0.66,8.33,39.73,1.58,1.68,2.0,107.0,Moderate,False,False,False,False,False,False,False,False,False,False,False,False,False
2020-02-15,Amritsar,41.33,123.92,17.35,10.41,27.39,11.92,0.78,10.64,43.24,1.91,2.19,2.0,106.0,Moderate,False,False,False,False,False,False,False,False,False,False,False,False,False
2020-02-16,Amritsar,69.4,154.93,17.22,10.43,26.33,12.04,0.44,10.13,45.83,2.41,2.76,1.98,132.0,Moderate,False,False,False,False,False,False,False,False,False,False,False,False,False
2020-02-17,Amritsar,66.39,145.96,18.06,11.42,27.62,12.09,0.87,9.98,45.62,2.11,2.42,1.96,139.0,Moderate,False,False,False,False,False,False,False,False,False,False,False,False,False
2020-02-18,Amritsar,59.59,144.61,17.56,11.48,27.13,12.19,0.74,11.15,50.25,2.0,2.07,2.0,128.0,Moderate,False,False,False,False,False,False,False,False,False,False,False,False,False
2020-02-19,Amritsar,57.33,142.11,16.93,10.83,27.02,11.95,0.53,10.47,47.66142857142857,1.9,2.09,2.0,127.0,Moderate,False,False,False,False,False,False,False,False,True,False,False,False,False
2020-02-20,Amritsar,49.81,123.28,18.38,10.75,27.53,12.12,0.76,14.83,45.072857142857146,1.75,1.97,1.98,124.0,Moderate,False,False,False,False,False,False,False,False,True,False,False,False,False
2020-02-21,Amritsar,16.41,73.67,17.35,11.36,27.52,12.0,0.81,10.72,42.48428571428572,1.5,1.82,2.0,92.0,Satisfactory,False,False,False,False,False,False,False,False,True,False,False,False,False
2020-02-22,Amritsar,34.54,101.2,28.08,25.44,38.34,16.9,0.68,10.19,39.89571428571429,1.65,2.12,1.88,94.0,Satisfactory,False,False,False,False,False,False,False,False,True,False,False,False,False
2020-02-23,Amritsar,42.49,109.4,24.45,19.65,35.85,14.03,0.72,9.64,37.30714285714286,1.76,2.06,2.0,101.0,Moderate,False,False,False,False,False,False,False,False,True,False,False,False,False
2020-02-24,Amritsar,54.38,132.54,19.87,12.86,27.54,12.57,0.63,14.43,34.71857142857143,1.73,2.05,1.9,113.0,Moderate,False,False,False,False,False,False,False,False,True,False,False,False,False
2020-02-25,Amritsar,58.55,134.7,19.04,13.05,29.17,12.23,0.76,9.63,32.13,1.8,1.93,2.0,121.0,Moderate,False,False,False,False,False,False,False,False,False,False,False,False,False
2020-02-26,Amritsar,71.27,156.66,21.07,14.77,29.73,12.55,0.31,9.85,30.07,1.79,1.9,1.9,134.0,Moderate,False,False,False,False,False,False,False,False,False,False,False,False,False
2020-02-27,Amritsar,58.17,133.37,19.01,13.89,27.62,12.37,1.33,7.4,27.53,1.72,2.12,2.0,127.0,Moderate,False,False,False,False,False,False,False,False,False,False,False,False,False
2020-02-28,Amritsar,67.24,142.34,17.4,11.73,26.33,12.18,0.64,11.92,29.72,1.7,1.97,1.96,128.0,Moderate,False,False,False,False,False,False,False,False,False,False,False,False,False
2020-02-29,Amritsar,26.4,83.14,19.15,12.31,29.03,12.12,0.62,11.35,30.35,1.53,1.92,2.0,108.0,Moderate,False,False,False,False,False,False,False,False,False,False,False,False,False
2020-03-01,Amritsar,22.15,83.69,17.9,12.55,27.8,12.16,0.83,21.92,29.65,1.44,1.86,1.98,76.0,Satisfactory,False,False,False,False,False,False,False,False,False,False,False,False,False
2020-03-02,Amritsar,32.33,97.38,17.54,11.96,27.44,12.02,0.78,9.91,29.66,1.55,1.83,1.98,92.0,Satisfactory,False,False,False,False,False,False,False,False,False,False,False,False,False
2020-03-03,Amritsar,33.46,103.81,18.06,11.38,27.5,11.77,0.61,10.78,30.09,1.61,1.81,1.98,101.0,Moderate,False,False,False,False,False,False,False,False,False,False,False,False,False
2020-03-04,Amritsar,55.5,135.96,17.43,10.82,26.5,11.8,0.44,13.85,32.2,1.81,1.85,1.94,118.0,Moderate,False,False,False,False,False,False,False,False,False,False,False,False,False
2020-03-05,Amritsar,22.09,74.89,17.71,11.96,28.12,11.84,0.72,14.65,30.07,1.44,1.56,2.0,97.0,Satisfactory,False,False,False,False,False,False,False,False,False,False,False,False,False
2020-03-06,Amritsar,17.61,61.51,17.42,11.14,26.82,12.0,0.74,11.49,27.23,1.38,1.47,1.98,68.0,Satisfactory,False,False,False,False,False,False,False,False,False,False,False,False,False
2020-03-07,Amritsar,17.0,61.08,17.79,11.2,27.07,12.16,0.82,8.51,29.45,1.39,1.51,1.98,59.0,Satisfactory,False,False,False,False,False,False,False,False,False,False,False,False,False
2020-03-08,Amritsar,25.44,77.68,17.05,11.41,26.88,12.1,0.82,11.62,30.24,1.46,1.76,2.0,70.0,Satisfactory,False,False,False,False,False,False,False,False,False,False,False,False,False
2020-03-09,Amritsar,20.71,72.89,17.35,11.81,26.87,12.14,0.82,6.74,32.77,1.43,1.75,2.0,75.0,Satisfactory,False,False,False,False,False,False,False,False,False,False,False,False,False
2020-03-10,Amritsar,43.24,115.85,18.82,12.66,28.37,12.29,0.73,9.44,34.08,1.66,2.02,2.0,96.0,Satisfactory,False,False,False,False,False,False,False,False,False,False,False,False,False
2020-03-11,Amritsar,40.15,107.64,18.14,13.18,28.04,11.88,0.62,8.1,30.16,1.65,1.99,1.96,107.0,Moderate,False,False,False,False,False,False,False,False,False,False,False,False,False
2020-03-12,Amritsar,18.34,74.72,17.92,10.99,27.31,12.21,0.71,7.79,35.57,1.3,1.37,1.89,,,False,False,False,False,False,False,False,False,False,False,False,False,True
2020-03-13,Amritsar,17.08,70.36,17.22,11.62,26.98,11.8,0.78,8.52,36.31,1.39,1.59,2.0,72.0,Satisfactory,False,False,False,False,False,False,False,False,False,False,False,False,False
2020-03-14,Amritsar,21.05,70.22,18.49,11.98,28.28,11.71,0.7,12.75,32.14,1.38,1.7,1.98,69.0,Satisfactory,False,False,False,False,False,False,False,False,False,False,False,False,False
2020-03-15,Amritsar,25.65,83.27,17.4,12.99,27.07,12.15,0.73,21.74,32.95,1.47,1.87,2.0,79.0,Satisfactory,False,False,False,False,False,False,False,False,False,False,False,False,False
2020-03-16,Amritsar,38.07,106.34,17.57,12.39,27.5,11.97,0.68,9.82,33.3,1.57,1.94,1.98,95.0,Satisfactory,False,False,False,False,False,False,False,False,False,False,False,False,False
2020-03-17,Amritsar,41.78,109.94,18.18,10.31,27.98,12.02,0.72,9.56,31.27,1.57,1.84,2.0,106.0,Moderate,False,False,False,False,False,False,False,False,False,False,False,False,False
2020-03-18,Amritsar,45.62,118.05,17.72,10.48,25.35,11.93,0.64,9.77,30.51,1.46,1.71,1.83,110.0,Moderate,False,False,False,False,False,False,False,False,False,False,False,False,False
2020-03-19,Amritsar,39.08,107.8,17.38,10.28,27.28,11.98,0.62,16.11,30.29,1.58,1.94,2.0,107.0,Moderate,False,False,False,False,False,False,False,False,False,False,False,False,False
2020-03-20,Amritsar,40.61,110.94,17.07,10.97,27.42,12.0,0.48,27.59,31.58,1.8,2.12,2.0,111.0,Moderate,False,False,False,False,False,False,False,False,False,False,False,False,False
2020-03-21,Amritsar,33.78,100.73,17.69,11.47,27.21,12.03,0.68,23.06,26.71,1.55,2.03,1.98,96.0,Satisfactory,False,False,False,False,False,False,False,False,False,False,False,False,False
2020-03-22,Amritsar,24.57,77.22,17.13,11.39,26.89,11.98,0.7,19.46,31.11,1.48,2.01,2.0,93.0,Satisfactory,False,False,False,False,False,False,False,False,False,False,False,False,False
2020-03-23,Amritsar,30.12,85.69,17.86,10.34,27.64,11.93,0.84,9.34,31.26,1.43,1.88,2.0,78.0,Satisfactory,False,False,False,False,False,False,False,False,False,False,False,False,False
2020-03-24,Amritsar,26.35,75.6,18.2,10.94,27.27,12.09,1.27,7.73,29.78,1.43,1.69,1.98,86.0,Satisfactory,False,False,False,False,False,False,False,False,False,False,False,False,False
2020-03-25,Amritsar,15.6,61.47,18.43,10.79,27.91,11.96,0.86,6.41,28.07,1.36,1.67,2.0,64.0,Satisfactory,False,False,False,False,False,False,False,False,False,False,False,False,False
2020-03-26,Amritsar,22.63,72.7,17.79,11.82,27.96,11.84,0.73,7.16,32.26,1.41,1.72,2.0,66.0,Satisfactory,False,False,False,False,False,False,False,False,False,False,False,False,False
2020-03-27,Amritsar,20.29,60.78,21.42,13.83,29.21,12.79,0.73,6.22,25.63,1.35,1.62,1.94,71.0,Satisfactory,False,False,False,False,False,False,False,False,False,False,False,False,False
2020-03-28,Amritsar,12.03,54.63,19.93,12.76,30.41,12.33,0.76,6.2,22.84,1.34,1.53,2.01,54.0,Satisfactory,False,False,False,False,False,False,False,False,False,False,False,False,False
2020-03-29,Amritsar,17.74,63.75,17.36,11.56,27.43,12.19,0.76,6.7,22.1,1.37,1.67,1.98,60.0,Satisfactory,False,False,False,False,False,False,False,False,False,False,False,False,False
2020-03-30,Amritsar,21.35,68.57,17.8,11.05,26.97,12.07,0.71,7.21,22.14,1.37,1.66,1.98,67.0,Satisfactory,False,False,False,False,False,False,False,False,False,False,False,False,False
2020-03-31,Amritsar,21.91,70.76,17.8,10.68,27.51,11.97,0.78,6.82,22.14,1.38,1.54,2.0,69.0,Satisfactory,False,False,False,False,False,False,False,False,False,False,False,False,False
2020-04-01,Amritsar,14.18,60.07,18.48,10.29,27.96,12.1,0.77,6.3,22.14,1.32,1.59,1.98,65.0,Satisfactory,False,False,False,False,False,False,False,False,False,False,False,False,False
2020-04-02,Amritsar,13.97,63.92,17.69,10.82,27.94,11.74,0.78,6.22,22.14,1.34,1.58,2.01,63.0,Satisfactory,False,False,False,False,False,False,False,False,False,False,False,False,False
2020-04-03,Amritsar,17.52,61.42,17.88,10.69,26.99,12.16,0.76,6.57,22.14,1.34,1.61,1.98,61.0,Satisfactory,False,False,False,False,False,False,False,False,False,False,False,False,False
2020-04-04,Amritsar,22.8,50.68,17.62,10.84,27.79,12.01,0.69,7.4,22.14,1.42,1.78,2.0,58.0,Satisfactory,False,False,False,False,False,False,False,False,False,False,False,False,False
2020-04-05,Amritsar,34.73,68.87,16.81,10.78,25.99,11.93,0.69,8.68,22.14,1.52,1.89,1.94,60.0,Satisfactory,False,False,False,False,False,False,False,False,False,False,False,False,False
2020-04-06,Amritsar,31.701666666666664,61.685,17.10333333333333,11.176666666666666,26.825,11.738333333333333,0.6416666666666666,8.411666666666667,22.14,1.38,1.69,1.7833333333333332,,,True,True,True,True,True,True,True,True,True,True,True,True,True
2020-04-07,Amritsar,28.673333333333332,54.50000000000001,17.396666666666665,11.573333333333332,27.66,11.546666666666667,0.5933333333333333,8.143333333333333,22.14,1.24,1.49,1.6266666666666667,,,True,True,True,True,True,True,True,True,True,True,True,True,True
2020-04-08,Amritsar,25.644999999999996,47.315000000000005,17.689999999999998,11.969999999999999,28.494999999999997,11.355,0.5449999999999999,7.875,22.14,1.1,1.29,1.47,,,True,True,True,True,True,True,True,True,True,True,True,True,True
2020-04-09,Amritsar,22.616666666666664,40.13000000000001,17.983333333333334,12.366666666666667,29.33,11.163333333333332,0.4966666666666667,7.6066666666666665,22.14,0.96,1.0899999999999999,1.3133333333333335,,,True,True,True,True,True,True,True,True,True,True,True,True,True
2020-04-10,Amritsar,19.58833333333333,32.94500000000001,18.276666666666667,12.763333333333334,30.165,10.971666666666666,0.44833333333333336,7.338333333333334,22.14,0.8200000000000001,0.8899999999999999,1.1566666666666667,,,True,True,True,True,True,True,True,True,True,True,True,True,True
2020-04-11,Amritsar,16.56,25.76,18.57,13.16,31.0,10.78,0.4,7.07,22.14,0.68,0.69,1.0,,,False,False,False,False,False,False,False,False,False,False,False,False,True
2020-04-12,Amritsar,20.09,34.55,18.33,11.21,28.01,12.03,0.85,8.49,22.14,1.4,1.55,2.0,45.0,Good,False,False,False,False,False,False,False,False,False,False,False,False,False
2020-04-13,Amritsar,29.47,59.84,17.65,11.55,27.61,12.12,0.59,9.63,22.14,1.65,1.98,2.0,52.0,Satisfactory,False,False,False,False,False,False,False,False,False,False,False,False,False
2020-04-14,Amritsar,22.37,50.46,17.34,10.67,23.17,12.09,0.64,6.33,22.14,1.21,1.4,1.79,59.0,Satisfactory,False,False,False,False,False,False,False,False,False,False,False,False,False
2020-04-15,Amritsar,32.05,75.31,20.86,18.96,28.66,15.16,0.73,6.55,23.62,1.26,1.5,1.83,68.0,Satisfactory,False,False,False,False,False,False,False,False,False,False,False,False,False
2020-04-16,Amritsar,22.61,48.2,23.03,17.01,33.2,14.86,0.73,7.65,36.07,1.39,1.75,2.0,61.0,Satisfactory,False,False,False,False,False,False,False,False,False,False,False,False,False
2020-04-17,Amritsar,17.45,38.01,18.7,11.4,28.05,12.66,0.7,7.76,42.81,1.38,1.47,1.98,45.0,Good,False,False,False,False,False,False,False,False,False,False,False,False,False
2020-04-18,Amritsar,8.8,18.03,21.51,11.43,31.09,12.4,0.8,5.88,43.02,1.32,1.42,2.0,43.0,Good,False,False,False,False,False,False,False,False,False,False,False,False,False
2020-04-19,Amritsar,11.33,30.5,18.12,11.33,27.79,12.74,0.82,8.85,43.02,1.35,1.54,2.0,44.0,Good,False,False,False,False,False,False,False,False,False,False,False,False,False
2020-04-20,Amritsar,16.35,56.92,17.86,12.25,28.27,11.95,0.68,9.64,43.02,1.37,1.54,2.0,51.0,Satisfactory,False,False,False,False,False,False,False,False,False,False,False,False,False
2020-04-21,Amritsar,9.84,39.79,19.48,13.03,29.25,12.24,0.79,13.02,43.02,1.33,1.43,2.0,47.0,Good,False,False,False,False,False,False,False,False,False,False,False,False,False
2020-04-22,Amritsar,13.72,51.33,21.63,14.02,31.4,12.69,0.74,9.17,43.02,1.36,1.6,2.0,48.0,Good,False,False,False,False,False,False,False,False,False,False,False,False,False
2020-04-23,Amritsar,14.67,59.48,23.49,16.84,33.39,12.8,0.84,8.59,43.02,1.31,1.15,2.0,56.0,Satisfactory,False,False,False,False,False,False,False,False,False,False,False,False,False
2020-04-24,Amritsar,20.68,78.36,20.44,16.25,32.22,12.53,0.67,8.94,43.02,1.3,1.1,2.0,68.0,Satisfactory,False,False,False,False,False,False,False,False,False,False,False,False,False
2020-04-25,Amritsar,15.74,67.22,22.04,16.48,30.38,13.38,0.77,17.19,43.02,1.29,1.09,1.98,74.0,Satisfactory,False,False,False,False,False,False,False,False,False,False,False,False,False
2020-04-26,Amritsar,14.78,54.18,19.74,15.44,29.59,12.11,0.69,11.17,43.02,1.3,1.1,5.05,60.0,Satisfactory,False,False,False,False,False,False,False,False,False,False,False,False,False
2020-04-27,Amritsar,11.2,42.21,38.1,32.33,46.31,19.36,0.75,6.42,44.12,1.25,1.06,8.48,51.0,Satisfactory,False,False,False,False,False,False,False,False,False,False,False,False,False
2020-04-28,Amritsar,13.63,52.77,28.22,21.57,37.97,14.54,0.79,7.08,43.57,1.3,1.1,8.81,56.0,Satisfactory,False,False,False,False,False,False,False,False,False,False,False,False,False
2020-04-29,Amritsar,24.61,86.73,26.75,19.19,36.02,14.53,0.76,9.0,43.57,1.3,1.1,8.72,72.0,Satisfactory,False,False,False,False,False,False,False,False,False,False,False,False,False
2020-04-30,Amritsar,23.98,112.59,25.07,17.26,34.95,13.57,0.76,8.5,43.57,1.3,1.1,8.81,102.0,Moderate,False,False,False,False,False,False,False,False,False,False,False,False,False
2020-05-01,Amritsar,32.01,141.16,20.93,14.93,30.16,12.8,0.78,9.5,43.57,1.3,1.1,8.72,118.0,Moderate,False,False,False,False,False,False,False,False,False,False,False,False,False
2020-05-02,Amritsar,28.37,114.11,20.75,16.36,29.69,12.73,0.63,8.45,43.57,1.29,1.09,8.72,118.0,Moderate,False,False,False,False,False,False,False,False,False,False,False,False,False
2020-05-03,Amritsar,15.46,65.47,23.93,18.66,35.6,13.06,0.78,7.07,26.82,1.29,1.09,8.72,91.0,Satisfactory,False,False,False,False,False,False,False,False,False,False,False,False,False
2020-05-04,Amritsar,19.64,72.31,19.2,16.05,28.92,12.8,0.81,8.64,27.11,1.29,1.09,8.67,61.0,Satisfactory,False,False,False,False,False,False,False,False,False,False,False,False,False
2020-05-05,Amritsar,18.81,74.73,19.59,14.69,29.97,12.13,0.73,7.44,27.1,1.3,1.1,8.72,77.0,Satisfactory,False,False,False,False,False,False,False,False,False,False,False,False,False
2020-05-06,Amritsar,23.32,76.19,19.26,12.39,28.6,12.35,0.82,10.3,27.11,1.3,1.1,8.72,75.0,Satisfactory,False,False,False,False,False,False,False,False,False,False,False,False,False
2020-05-07,Amritsar,18.39,48.21,33.61,26.95,39.88,18.62,0.73,8.99,37.82,1.23,1.04,8.23,60.0,Satisfactory,False,False,False,False,False,False,False,False,False,False,False,False,False
2020-05-08,Amritsar,34.0,83.68,30.38,24.27,39.73,15.15,0.83,10.06,43.77,1.3,1.1,8.81,71.0,Satisfactory,False,False,False,False,False,False,False,False,False,False,False,False,False
2020-05-09,Amritsar,37.31,87.52,22.45,18.78,31.81,13.86,0.75,10.47,43.73,1.29,1.09,8.72,87.0,Satisfactory,False,False,False,False,False,False,False,False,False,False,False,False,False
2020-05-10,Amritsar,39.62,91.93,20.3,13.69,30.2,12.41,0.7,10.16,43.77,1.3,1.1,8.82,94.0,Satisfactory,False,False,False,False,False,False,False,False,False,False,False,False,False
2020-05-11,Amritsar,32.14,70.6,20.67,15.65,30.08,12.66,0.67,7.82,43.77,1.3,1.1,8.72,75.0,Satisfactory,False,False,False,False,False,False,False,False,False,False,False,False,False
2020-05-12,Amritsar,24.59,49.58,21.79,16.79,30.38,13.27,0.82,9.74,43.77,1.3,1.1,8.82,61.0,Satisfactory,False,False,False,False,False,False,False,False,False,False,False,False,False
2020-05-13,Amritsar,44.76,86.65,19.55,15.63,30.07,12.96,0.74,9.08,43.77,1.27,1.08,8.63,67.0,Satisfactory,False,False,False,False,False,False,False,False,False,False,False,False,False
2020-05-14,Amritsar,42.22,78.34,21.56,15.84,32.32,12.57,0.61,9.03,43.77,1.3,1.1,8.81,95.0,Satisfactory,False,False,False,False,False,False,False,False,False,False,False,False,False
2020-05-15,Amritsar,21.61,43.74,22.88,15.94,32.43,12.76,0.91,9.9,43.77,1.3,1.1,8.72,52.0,Satisfactory,False,False,False,False,False,False,False,False,False,False,False,False,False
2020-05-16,Amritsar,35.91,69.27,20.01,14.83,29.75,12.49,0.75,9.26,43.77,1.3,1.1,8.81,61.0,Satisfactory,False,False,False,False,False,False,False,False,False,False,False,False,False
2020-05-17,Amritsar,39.96,77.29,20.35,15.98,30.7,12.66,0.75,11.8,43.77,1.3,1.1,8.81,75.0,Satisfactory,False,False,False,False,False,False,False,False,False,False,False,False,False
2020-05-18,Amritsar,44.56,76.97,22.31,17.48,27.56,12.49,0.67,26.68,43.77,1.06,0.89,6.88,76.0,Satisfactory,False,False,False,False,False,False,False,False,False,False,False,False,False
2020-05-19,Amritsar,34.55,59.21,21.5,14.96,30.21,12.55,0.69,22.25,52.91,1.3,1.1,8.81,65.0,Satisfactory,False,False,False,False,False,False,False,False,False,False,False,False,False
2020-05-20,Amritsar,43.35,68.58,21.26,15.0,30.04,12.84,0.69,11.86,64.78,1.3,1.1,8.72,68.0,Satisfactory,False,False,False,False,False,False,False,False,False,False,False,False,False
2020-05-21,Amritsar,52.58,81.31,20.08,15.55,30.04,12.53,0.68,10.76,64.78,1.3,1.1,8.82,80.0,Satisfactory,False,False,False,False,False,False,False,False,False,False,False,False,False
2020-05-22,Amritsar,68.2,113.31,19.12,13.29,29.59,12.35,0.62,23.16,41.89,1.29,1.09,8.72,115.0,Moderate,False,False,False,False,False,False,False,False,False,False,False,False,False
2020-05-23,Amritsar,54.78,96.64,18.45,12.8,28.26,11.97,0.48,18.35,17.0,1.3,1.1,8.82,106.0,Moderate,False,False,False,False,False,False,False,False,False,False,False,False,False
2020-05-24,Amritsar,29.01,55.05,18.64,11.41,26.45,12.15,0.61,19.01,17.0,1.22,1.03,8.26,74.0,Satisfactory,False,False,False,False,False,False,False,False,False,False,False,False,False
2020-05-25,Amritsar,16.29,72.17,17.69,10.6,27.18,12.27,0.76,17.75,17.0,1.3,1.1,8.82,69.0,Satisfactory,False,False,False,False,False,False,False,False,False,False,False,False,False
2020-05-26,Amritsar,51.47,90.41,18.07,10.31,27.12,12.29,0.97,34.05,17.0,1.29,1.09,8.63,81.0,Satisfactory,False,False,False,False,False,False,False,False,False,False,False,False,False
2020-05-27,Amritsar,37.21,66.23,16.63,10.97,26.78,11.95,0.56,14.45,17.0,1.3,1.1,8.81,77.0,Satisfactory,False,False,False,False,False,False,False,False,False,False,False,False,False
2020-05-28,Amritsar,43.68,108.29,17.75,10.33,27.66,12.14,0.49,10.98,17.0,1.3,1.1,8.72,81.0,Satisfactory,False,False,False,False,False,False,False,False,False,False,False,False,False
2020-05-29,Amritsar,29.99,77.22,19.41,11.22,28.95,11.92,0.73,12.3,17.0,1.3,1.1,8.72,67.0,Satisfactory,False,False,False,False,False,False,False,False,False,False,False,False,False
2020-05-30,Amritsar,24.14,51.65,20.17,14.87,31.03,12.57,0.66,6.28,17.0,1.3,1.1,8.82,63.0,Satisfactory,False,False,False,False,False,False,False,False,False,False,False,False,False
2020-05-31,Amritsar,13.33,25.58,27.84,22.14,37.92,14.22,0.63,8.09,17.0,1.3,1.1,8.72,48.0,Good,False,False,False,False,False,False,False,False,False,False,False,False,False
2020-06-01,Amritsar,19.12,33.74,30.02,39.8,34.58,17.15,0.71,11.8,22.8,1.23,1.04,8.33,43.0,Good,False,False,False,False,False,False,False,False,False,False,False,False,False
2020-06-02,Amritsar,26.84,152.97,23.06,21.62,34.76,13.99,0.68,17.71,28.48,1.3,1.1,8.81,65.0,Satisfactory,False,False,False,False,False,False,False,False,False,False,False,False,False
2020-06-03,Amritsar,26.72,486.99,20.32,12.54,29.09,12.08,0.58,10.48,36.15,1.3,1.1,8.72,478.0,Severe,False,False,False,False,False,False,False,False,False,False,False,False,False
2020-06-04,Amritsar,30.13,167.85,20.82,15.08,28.88,13.01,0.74,16.68,33.88,1.22,1.03,8.27,193.0,Moderate,False,False,False,False,False,False,False,False,False,False,False,False,False
2020-06-05,Amritsar,20.75,29.73,24.69,21.48,34.62,14.25,0.72,10.49,40.04,1.3,1.1,8.82,56.0,Satisfactory,False,False,False,False,False,False,False,False,False,False,False,False,False
2020-06-06,Amritsar,15.5,24.76,21.22,15.84,30.45,13.12,0.77,8.67,39.85,1.3,1.1,8.72,41.0,Good,False,False,False,False,False,False,False,False,False,False,False,False,False
2020-06-07,Amritsar,26.99,43.07,21.13,15.1,30.36,12.77,0.59,6.56,40.04,1.3,1.1,8.81,42.0,Good,False,False,False,False,False,False,False,False,False,False,False,False,False
2020-06-08,Amritsar,27.07,59.04,19.32,13.52,27.74,12.57,0.59,8.56,39.64,1.29,1.09,8.63,51.0,Satisfactory,False,False,False,False,False,False,False,False,False,False,False,False,False
2020-06-09,Amritsar,29.6,84.35,17.94,11.23,25.93,12.1,0.57,12.01,37.4275,1.3,1.1,8.82,77.0,Satisfactory,False,False,False,False,False,False,False,False,True,False,False,False,False
2020-06-10,Amritsar,28.73,76.37,17.59,10.65,25.98,12.21,0.55,13.47,35.215,1.3,1.1,8.72,80.0,Satisfactory,False,False,False,False,False,False,False,False,True,False,False,False,False
2020-06-11,Amritsar,31.56,87.65,16.76,9.4,25.22,11.99,0.72,11.08,33.0025,1.3,1.1,8.82,79.0,Satisfactory,False,False,False,False,False,False,False,False,True,False,False,False,False
2020-06-12,Amritsar,27.87,96.72,16.68,9.17,24.32,12.01,0.71,12.02,30.79,1.29,1.09,8.53,89.0,Satisfactory,False,False,False,False,False,False,False,False,False,False,False,False,False
2020-06-13,Amritsar,24.76,93.78,16.61,8.31,24.6,11.93,0.65,10.76,32.52,1.3,1.1,8.82,104.0,Moderate,False,False,False,False,False,False,False,False,False,False,False,False,False
2020-06-14,Amritsar,31.92,96.98,15.92,8.01,23.81,12.06,0.69,10.86,32.52,1.3,1.1,8.72,87.0,Satisfactory,False,False,False,False,False,False,False,False,False,False,False,False,False
2020-06-15,Amritsar,28.49,108.35,16.93,7.97,24.78,12.0,0.75,16.73,32.52,1.3,1.1,8.81,103.0,Moderate,False,False,False,False,False,False,False,False,False,False,False,False,False
2020-06-16,Amritsar,37.0,119.96,19.94,16.04,26.67,13.83,0.68,13.24,31.49,1.21,1.02,8.08,110.0,Moderate,False,False,False,False,False,False,False,False,False,False,False,False,False
2020-06-17,Amritsar,40.46,131.87,31.85,26.2,42.08,15.21,0.73,9.2,16.56,1.3,1.1,8.82,117.0,Moderate,False,False,False,False,False,False,False,False,False,False,False,False,False
2020-06-18,Amritsar,34.6,123.23,21.98,18.43,30.65,13.91,0.74,12.51,16.48,1.3,1.1,8.72,117.0,Moderate,False,False,False,False,False,False,False,False,False,False,False,False,False
2020-06-19,Amritsar,47.94,169.06,19.11,12.63,27.07,12.34,0.62,10.92,16.48,1.3,1.1,8.82,131.0,Moderate,False,False,False,False,False,False,False,False,False,False,False,False,False
2020-06-20,Amritsar,55.58,88.74,58.55,53.34,77.94,23.22,0.71,5.53,16.48,1.3,1.1,8.72,120.0,Moderate,False,False,False,False,False,False,False,False,False,False,False,False,False
2020-06-21,Amritsar,60.73,91.88,40.01,33.92,51.61,17.99,0.7,4.72,16.48,1.3,1.1,8.82,120.0,Moderate,False,True,False,False,False,False,False,False,False,False,False,False,False
2020-06-22,Amritsar,39.81,95.02,23.84,18.72,32.27,14.43,0.68,4.64,16.48,1.3,1.1,8.72,72.0,Satisfactory,False,False,False,False,False,False,False,False,False,False,False,False,False
2020-06-23,Amritsar,68.81,312.18,18.9,12.03,25.83,12.64,0.67,4.36,16.48,1.3,1.1,8.82,125.0,Moderate,False,False,False,False,False,False,False,False,False,False,False,False,False
2020-06-24,Amritsar,23.77,69.62,17.0,9.97,23.17,12.08,0.59,7.21,16.48,1.2,1.02,7.97,130.0,Moderate,False,False,False,False,False,False,False,False,False,False,False,False,False
2020-06-25,Amritsar,31.68,57.96,18.0,10.71,25.96,11.94,0.74,5.83,16.48,1.3,1.1,8.82,59.0,Satisfactory,False,False,False,False,False,False,False,False,False,False,False,False,False
2020-06-26,Amritsar,32.85,151.19,23.35,18.01,31.94,13.71,0.66,4.79,16.48,1.29,1.08,8.54,83.0,Satisfactory,False,False,False,False,False,False,False,False,False,False,False,False,False
2020-06-27,Amritsar,51.1,95.595,25.25,20.8,35.75,14.07,0.66,4.55,16.48,1.3,1.1,8.82,74.0,Satisfactory,False,True,False,False,False,False,False,False,False,False,False,False,False
2020-06-28,Amritsar,45.24,40.0,23.11,17.9,27.47,13.25,0.63,5.22,16.48,1.16,0.98,7.85,85.0,Satisfactory,False,False,False,False,False,False,False,False,False,False,False,False,False
2020-06-29,Amritsar,26.77,60.69,26.99,19.83,34.03,14.94,0.67,4.89,16.48,1.3,1.1,8.81,49.0,Good,False,False,False,False,False,False,False,False,False,False,False,False,False
2020-06-30,Amritsar,41.64,76.49,22.03,15.97,30.6,13.29,0.69,4.67,16.48,1.3,1.1,8.72,66.0,Satisfactory,False,False,False,False,False,False,False,False,False,False,False,False,False
2020-07-01,Amritsar,57.67,100.99,32.81,15.11,30.2,17.73,0.59,3.48,16.48,1.3,1.1,8.82,78.0,Satisfactory,False,False,False,False,False,False,False,False,False,False,False,False,False
