Date,City,PM2.5,PM10,NO,NO2,NOx,NH3,CO,SO2,O3,Benzene,Toluene,AQI,AQI_Bucket,PM2.5_was_missing,PM10_was_missing,NO_was_missing,NO2_was_missing,NOx_was_missing,NH3_was_missing,CO_was_missing,SO2_was_missing,O3_was_missing,Benzene_was_missing,Toluene_was_missing,Xylene_was_missing,AQI_was_missing
2015-01-01,Chennai,,,16.3,15.39,22.68,4.59,1.17,9.2,11.35,0.17,,,,True,True,False,False,False,False,False,False,False,False,True,True,True
2015-01-02,Chennai,,,16.49,13.42,23.09,7.83,1.23,8.61,9.16,0.13,,,,True,True,False,False,False,False,False,False,False,False,True,True,True
2015-01-03,Chennai,,,9.72,19.56,9.99,4.63,0.77,48.23,13.45,0.03,,,,True,True,False,False,False,False,False,False,False,False,True,True,True
2015-01-04,Chennai,,,9.6,16.2,11.71,5.23,1.0,27.96,10.33,0.20999999999999996,,,,True,True,False,False,False,False,False,False,False,True,True,True,True
2015-01-05,Chennai,,,9.16,16.3,12.94,5.5,0.9,16.6,9.36,0.3899999999999999,,,,True,True,False,False,False,False,False,False,False,True,True,True,True
2015-01-06,Chennai,,,30.58,35.6,13.42,5.46,0.91,21.98,12.61,0.57,,,,True,True,False,False,False,False,False,False,False,False,True,True,True
2015-01-07,Chennai,,,43.92,46.38,13.32,4.9,1.22,28.13,13.94,0.2,,,,True,True,False,False,False,False,False,False,False,False,True,True,True
2015-01-08,Chennai,,,26.74,37.79,10.98,3.71,1.15,21.26,38.29,0.97,3.54,,,True,True,False,False,False,False,False,False,False,False,False,True,True
2015-01-09,Chennai,,,39.24,42.65,10.52,5.81,1.31,22.82,27.34,3.1,14.68,,,True,True,False,False,False,False,False,False,False,False,False,True,True
2015-01-10,Chennai,,,10.2,19.17,11.15,3.96,0.98,17.36,27.19,0.04,11.25,,,True,True,False,False,False,False,False,False,False,False,True,True,True
2015-01-11,Chennai,,,55.04,49.87,14.65,3.77,0.8,21.75,19.04,0.39,7.82,,,True,True,False,False,False,False,False,False,False,False,True,True,True
2015-01-12,Chennai,,,23.78,30.31,15.71,4.16,1.07,28.51,18.32,0.1,4.390000000000001,,,True,True,False,False,False,False,False,False,False,False,True,True,True
2015-01-13,Chennai,,,48.95,64.35,12.73,6.06,0.97,16.44,17.25,0.78,0.96,,,True,True,False,False,False,False,False,False,False,False,False,True,True
2015-01-14,Chennai,,,29.88,38.23,15.74,8.79,1.22,20.32,23.68,2.67,1.4946666666666666,,,True,True,False,False,False,False,False,False,False,False,True,True,True
2015-01-15,Chennai,,,18.58,23.87,12.97,4.53,1.01,21.92,14.1,0.24,2.029333333333333,,,True,True,False,False,False,False,False,False,False,False,True,True,True
2015-01-16,Chennai,,,12.29,18.39,12.51,4.03,1.17,13.18,13.22,0.14,2.564,,,True,True,False,False,False,False,False,False,False,False,True,True,True
2015-01-17,Chennai,,,9.57,17.4,12.93,3.77,1.7,10.44,26.34,0.03,3.0986666666666665,,,True,True,False,False,False,False,False,False,False,False,True,True,True
2015-01-18,Chennai,,,24.48,30.7,9.26,3.63,1.12,11.33,29.08,0.09,3.6333333333333333,,,True,True,False,False,False,False,False,False,False,False,True,True,True
2015-01-19,Chennai,,,42.76,41.8,9.43,3.82,2.35,9.72,27.45,0.31,4.167999999999999,,,True,True,False,False,False,False,False,False,False,False,True,True,True
2015-01-20,Chennai,,,21.82,27.9,11.76,20.14,1.99,8.52,32.32,0.06,4.7026666666666666,,,True,True,False,False,False,False,False,False,False,False,True,True,True
2015-01-21,Chennai,,,43.8,59.26,8.54,3.85,1.79,9.28,18.84,9.48,5.237333333333333,,,True,True,False,False,False,False,False,False,False,False,True,True,True
2015-01-22,Chennai,,,45.63,46.77,8.85,4.6,1.43,7.64,24.98,12.58,5.771999999999999,,,True,True,False,False,False,False,False,False,False,False,True,True,True
2015-01-23,Chennai,,,34.64,37.55,10.49,4.01,3.43,10.57,42.33,7.99,6.306666666666667,,,True,True,False,False,False,False,False,False,False,False,True,True,True
2015-01-24,Chennai,,,12.39,9.89,14.62,4.36,0.84,7.39,37.17,8.24578947368421,6.841333333333333,,,True,True,False,False,False,False,False,False,False,True,True,True,True
2015-01-25,Chennai,,,34.39,10.14,14.56,3.98,0.85,7.16,17.11,8.50157894736842,7.3759999999999994,,,True,True,False,False,False,False,False,False,False,True,True,True,True
2015-01-26,Chennai,,,30.07,10.44,14.43,3.53,2.07,7.38,20.18,8.757368421052632,7.910666666666666,,,True,True,False,False,False,False,False,False,False,True,True,True,True
2015-01-27,Chennai,,,8.83,12.63,13.41,4.28,1.16,7.14,27.02,9.013157894736842,8.445333333333334,,,True,True,False,False,False,False,False,False,False,True,True,True,True
2015-01-28,Chennai,,,10.41,16.83,14.9,3.69,2.81,8.06,36.68,9.268947368421053,8.98,,,True,True,False,False,False,False,False,False,False,True,False,True,True
2015-01-29,Chennai,,,44.65,41.79,13.2,3.95,0.84,8.46,26.29,9.524736842105263,2.86,,,True,True,False,False,False,False,False,False,False,True,False,True,True
2015-01-30,Chennai,,,21.66,23.84,15.56,5.54,0.82,9.46,21.75,9.780526315789475,5.02,,,True,True,False,False,False,False,False,False,False,True,True,True,True
2015-01-31,Chennai,,,44.76,46.59,14.26,4.37,0.94,7.88,38.57,10.036315789473685,7.18,,,True,True,False,False,False,False,False,False,False,True,False,True,True
2015-02-01,Chennai,,,21.43,26.05,12.53,4.2,0.71,7.76,42.61,10.292105263157895,11.39,,,True,True,False,False,False,False,False,False,False,True,False,True,True
2015-02-02,Chennai,,,10.61,15.82,20.87,3.63,1.59,10.58,38.8,10.547894736842105,13.02,,,True,True,False,False,False,False,False,False,False,True,False,True,True
2015-02-03,Chennai,,,9.09,14.89,17.92,5.12,0.98,6.83,29.08,10.803684210526317,12.25,,,True,True,False,False,False,False,False,False,False,True,True,True,True
2015-02-04,Chennai,,,9.22,14.0,16.97,27.6,0.85,4.89,36.62,11.059473684210527,11.48,,,True,True,False,False,False,False,False,False,False,True,False,True,True
2015-02-05,Chennai,,,15.68,19.17,16.44,76.99,0.95,7.48,29.93,11.315263157894737,7.780000000000001,,,True,True,False,False,False,False,False,False,False,True,True,True,True
2015-02-06,Chennai,,,11.9,16.7,17.47,81.78,0.76,7.36,37.13,11.571052631578947,4.080000000000001,,,True,True,False,False,False,False,False,False,False,True,True,True,True
2015-02-07,Chennai,,,8.78,13.46,16.99,25.85,0.89,6.42,33.12,,0.38,,,True,True,False,False,False,False,False,False,False,True,False,True,True
2015-02-08,Chennai,,,8.35,12.98,17.84,46.65,1.16,6.21,33.17,,10.02,,,True,True,False,False,False,False,False,False,False,True,False,True,True
2015-02-09,Chennai,,,8.43,13.43,19.17,37.42,1.1,6.27,31.08,,9.321666666666665,,,True,True,False,False,False,False,False,False,False,True,True,True,True
2015-02-10,Chennai,,,8.99,13.2,16.15,58.69,1.0,6.64,40.77,,8.623333333333333,,,True,True,False,False,False,False,False,False,False,True,True,True,True
2015-02-11,Chennai,,,11.62,14.8,17.39,50.48,1.0,6.87,40.57,,7.925,,,True,True,False,False,False,False,False,False,False,True,True,True,True
2015-02-12,Chennai,,,10.77,14.27,16.47,47.94,0.97,6.79,47.85,,7.226666666666667,,,True,True,False,False,False,False,False,False,False,True,True,True,True
2015-02-13,Chennai,,,11.4,14.16,14.83,56.36,1.19,7.21,36.94,,6.528333333333333,,,True,True,False,False,False,False,False,False,False,True,True,True,True
2015-02-14,Chennai,,,9.83,12.97,15.28,56.06,1.43,7.84,31.32,,5.83,,,True,True,False,False,False,False,False,False,False,True,True,True,True
2015-02-15,Chennai,,,9.97,13.02,16.57,68.44,0.99,7.58,26.41,,5.131666666666667,,,True,True,False,False,False,False,False,False,False,True,True,True,True
2015-02-16,Chennai,,,9.55,12.63,15.2,82.48,0.98,7.38,30.87,,4.433333333333334,,,True,True,False,False,False,False,False,False,False,True,True,True,True
2015-02-17,Chennai,,,11.76,14.43,11.95,116.59,5.18,8.35,33.53,,3.7350000000000003,,,True,True,False,False,False,False,False,False,False,True,True,True,True
2015-02-18,Chennai,,,12.57,15.78,10.13,113.29,9.81,9.15,33.83,,3.036666666666667,,,True,True,False,False,False,False,False,False,False,True,True,True,True
2015-02-19,Chennai,,,12.62,15.2,10.55,85.61,9.99,9.42,19.3,,2.338333333333334,,,True,True,False,False,False,False,False,False,False,True,True,True,True
2015-02-20,Chennai,,,12.1,13.43,13.11,98.16,4.52,11.51,30.22,,1.64,,,True,True,False,False,False,False,False,False,False,True,False,True,True
2015-02-21,Chennai,,,9.33,11.56,14.85,103.03,0.85,7.04,24.91,,3.31,,,True,True,False,False,False,False,False,False,False,True,False,True,True
2015-02-22,Chennai,,,8.72,11.4,12.7,110.13,0.9,6.31,30.54,,8.04,,,True,True,False,False,False,False,False,False,False,True,False,True,True
2015-02-23,Chennai,,,13.54,15.81,13.57,105.68,0.9,6.13,25.03,,3.24,,,True,True,False,False,False,False,False,False,False,True,False,True,True
2015-02-24,Chennai,,,14.05,14.44,14.09,114.96,0.9,7.34,29.33,,3.5900000000000003,,,True,True,False,False,False,False,False,False,False,True,True,True,True
2015-02-25,Chennai,,,10.83,11.57,16.94,62.31,1.41,8.67,30.18,,3.94,,,True,True,False,False,False,False,False,False,False,True,True,True,True
2015-02-26,Chennai,,,7.97,13.22,15.59,60.18,3.42,6.31,29.46,,4.29,,,True,True,False,False,False,True,False,False,False,True,False,True,True
2015-02-27,Chennai,,,10.16,11.24,12.99,58.05,0.97,7.77,40.47,,6.49,,,True,True,False,False,False,False,False,False,False,True,False,True,True
2015-02-28,Chennai,,,8.73,11.7,11.08,29.87,1.15,6.09,25.91,,6.115,,,True,True,False,False,False,False,False,False,False,True,True,True,True
2015-03-01,Chennai,,,8.16,11.38,11.91,14.42,1.15,5.8,52.44,,5.74,,,True,True,False,False,False,False,False,False,False,True,False,True,True
2015-03-02,Chennai,,,8.66,10.95,12.26,14.83,10.6,5.29,93.22,17.71,5.74,,,True,True,False,False,False,False,False,False,False,False,False,True,True
2015-03-03,Chennai,,,10.02,12.29,11.48,63.64,5.33,8.15,47.22,6.65,6.04,,,True,True,False,False,False,False,False,False,False,False,False,True,True
2015-03-04,Chennai,,,9.25,11.37,11.41,58.57,2.82,6.77,41.26,6.86,6.02,,,True,True,False,False,False,False,False,False,False,False,False,True,True
2015-03-05,Chennai,,,10.67,14.04,8.45,40.55,9.85,7.59,63.26,5.93,7.34,,,True,True,False,False,False,False,False,False,False,False,False,True,True
2015-03-06,Chennai,,,11.44,16.34,8.46,74.0,11.02,10.07,105.13,6.77,6.045,,,True,True,False,False,False,False,False,False,False,True,True,True,True
2015-03-07,Chennai,,,11.05,18.61,11.19,10.8,10.12,8.04,85.37,7.61,4.75,,,True,True,False,False,False,False,False,False,False,False,True,True,True
2015-03-08,Chennai,,,10.26,18.9,10.12,10.89,9.77,5.5,64.65,10.22,3.4550000000000005,,,True,True,False,False,False,False,False,False,False,False,True,True,True
2015-03-09,Chennai,,,10.03,18.29,12.99,11.03,9.93,5.29,77.43,10.91,2.16,,,True,True,False,False,False,False,False,False,False,False,False,True,True
2015-03-10,Chennai,,,10.07,22.44,16.57,11.42,5.45,4.61,34.6,7.82,10.29,,,True,True,False,False,False,False,False,False,False,False,False,True,True
2015-03-11,Chennai,,,10.4,21.64,19.98,11.56,1.13,5.03,35.85,2.62,9.78,,,True,True,False,False,False,False,False,False,False,False,False,True,True
2015-03-12,Chennai,,,11.46,16.02,14.87,10.86,1.11,5.22,57.14,2.5246153846153847,8.195,,,True,True,False,False,False,False,False,False,False,True,True,True,True
2015-03-13,Chennai,,,11.18,16.2,13.81,13.77,2.8,8.43,52.68,2.4292307692307693,6.61,,,True,True,False,False,False,False,False,False,False,True,False,True,True
2015-03-14,Chennai,,,9.82,16.41,14.35,10.89,1.12,7.79,51.23,2.333846153846154,8.63,,,True,True,False,False,False,False,False,False,False,True,True,True,True
2015-03-15,Chennai,,,30.73,35.78,13.25,11.15,1.07,5.58,47.28,2.2384615384615385,10.65,,,True,True,False,False,False,False,False,False,False,True,False,True,True
2015-03-16,Chennai,,,17.08,24.87,14.08,11.16,1.09,5.63,52.19,2.143076923076923,8.19,,,True,True,False,False,False,False,False,False,False,True,False,True,True
2015-03-17,Chennai,,,35.48,48.6,17.67,10.54,1.07,10.75,73.63,2.0476923076923077,10.29,,,True,True,False,False,False,False,False,False,False,True,False,True,True
2015-03-18,Chennai,,,46.92,54.96,14.34,9.96,1.25,10.87,34.43,1.9523076923076923,10.24,,,True,True,False,False,False,False,False,False,False,True,False,True,True
2015-03-19,Chennai,,,14.24,22.4,16.37,9.99,1.02,12.45,48.82,1.856923076923077,9.96,,,True,True,False,False,False,False,False,False,False,True,False,True,True
2015-03-20,Chennai,,,14.93,22.22,13.62,10.04,1.05,10.7,35.5,1.7615384615384615,7.79,,,True,True,False,False,False,False,False,False,False,True,False,True,True
2015-03-21,Chennai,,,24.83,36.81,15.25,11.76,0.81,13.96,54.8,1.666153846153846,8.1,,,True,True,False,False,False,False,False,False,False,True,True,True,True
2015-03-22,Chennai,,,14.05,22.96,12.06,9.56,2.24,8.66,49.91,1.5707692307692307,8.41,,,True,True,False,False,False,False,False,False,False,True,True,True,True
2015-03-23,Chennai,173.51,,26.85,30.32,14.48,11.76,1.38,8.86,30.17,1.4753846153846155,8.72,,,False,True,False,False,False,False,False,False,False,True,False,True,True
2015-03-24,Chennai,149.04,,31.23,112.29,12.77,9.68,0.93,14.04,38.67,1.3800000000000001,8.39,333.0,Very Poor,False,True,False,False,False,False,False,False,False,True,False,True,False
2015-03-25,Chennai,205.65,,26.97,98.75,14.71,13.31,1.32,10.16,39.17,1.2846153846153847,7.5,,,False,True,False,False,False,False,False,False,False,True,False,True,True
2015-03-26,Chennai,140.21,,16.83,31.79,25.73,10.91,1.41,11.94,44.52,,8.02,318.0,Very Poor,False,True,False,False,False,False,False,False,False,True,False,True,False
2015-03-27,Chennai,266.29,,39.96,50.12,20.48,11.51,1.27,25.45,27.64,,8.35,408.0,Severe,False,True,False,False,False,False,False,False,False,True,False,True,False
2015-03-28,Chennai,88.65,,22.83,38.75,20.64,10.97,2.21,11.76,27.68,,7.523333333333333,448.0,Severe,False,True,False,False,False,False,False,False,False,True,True,True,False
2015-03-29,Chennai,81.34,,31.78,48.15,19.74,10.35,1.34,5.59,27.69,,6.696666666666667,,,False,True,False,False,False,False,False,False,False,True,True,True,True
2015-03-30,Chennai,144.46,,12.8,25.53,16.36,10.41,1.24,8.05,27.57,,5.87,,,False,True,False,False,False,False,False,False,False,True,False,True,True
2015-03-31,Chennai,51.69,,37.45,46.48,16.09,11.41,1.23,6.53,27.62,,6.94,312.0,Very Poor,False,True,False,False,False,False,False,False,False,True,False,True,False
2015-04-01,Chennai,103.75,,42.23,36.98,14.4,10.04,1.33,4.65,27.54,,7.37,289.0,Poor,False,True,False,False,False,False,False,False,False,True,False,True,False
2015-04-02,Chennai,106.27,,33.67,38.34,14.8,11.53,1.08,6.22,27.65,,4.72,206.0,Poor,False,True,False,False,False,False,False,False,False,True,False,True,False
2015-04-03,Chennai,42.82,,23.17,35.32,16.86,10.17,1.21,6.23,27.6,,4.225,248.0,Poor,False,True,False,False,False,False,False,False,False,True,True,True,False
2015-04-04,Chennai,187.51,,20.88,26.89,17.5,10.1,1.23,4.74,27.57,,3.73,,,False,True,False,False,False,False,False,False,False,True,False,True,True
2015-04-05,Chennai,85.86,,17.2,26.79,17.04,12.33,1.14,3.96,27.58,,4.48,302.0,Very Poor,False,True,False,False,False,False,False,False,False,True,False,True,False
2015-04-06,Chennai,83.19,,9.46,16.84,15.85,12.35,3.42,5.63,23.22,0.14,5.12,193.0,Moderate,False,True,False,False,False,False,False,False,False,False,False,True,False
2015-04-07,Chennai,48.35,,13.12,18.16,15.86,10.95,7.69,5.73,13.38,0.11,5.876666666666667,151.0,Moderate,False,True,False,False,False,False,False,False,False,False,True,True,False
2015-04-08,Chennai,73.66,,8.54,17.07,17.64,10.83,1.1,3.76,24.4,4.36,6.633333333333333,137.0,Moderate,False,True,False,False,False,False,False,False,False,True,True,True,False
2015-04-09,Chennai,66.72,,12.08,16.79,15.37,12.76,5.14,4.31,22.29,8.61,7.39,208.0,Poor,False,True,False,False,False,False,False,False,False,False,False,True,False
2015-04-10,Chennai,80.79,,12.98,16.3,17.21,10.7,6.35,5.7,19.22,7.555,6.90625,172.0,Moderate,False,True,False,False,False,False,False,False,False,True,True,True,False
2015-04-11,Chennai,75.59,,8.57,16.81,18.36,11.54,1.57,5.16,27.01,6.5,6.422499999999999,149.0,Moderate,False,True,False,False,False,False,False,False,False,True,True,True,False
2015-04-12,Chennai,75.82,,7.44,17.27,15.86,11.58,1.13,3.58,27.57,5.445,5.93875,157.0,Moderate,False,True,False,False,False,False,False,False,False,True,True,True,False
2015-04-13,Chennai,80.23,,12.33,20.43,13.51,9.86,5.69,5.58,23.1,4.39,5.455,242.0,Poor,False,True,False,False,False,False,False,False,False,False,True,True,False
2015-04-14,Chennai,87.48,,7.97,18.6,17.24,10.79,1.02,6.25,27.62,4.723333333333333,4.9712499999999995,205.0,Poor,False,True,False,False,False,False,False,False,False,True,True,True,False
2015-04-15,Chennai,72.65,,9.4,18.34,13.71,9.6,3.87,4.7,28.02,5.056666666666667,4.487500000000001,245.0,Poor,False,True,False,False,False,False,False,False,False,True,True,True,False
2015-04-16,Chennai,90.72,,12.93,19.6,13.63,9.91,6.25,1.75,24.24,5.39,4.00375,244.0,Poor,False,True,False,False,False,False,False,False,False,False,True,True,False
2015-04-17,Chennai,73.28,,10.34,22.18,20.41,9.81,1.02,4.53,27.79,6.49375,3.52,152.0,Moderate,False,True,False,False,False,False,False,False,False,True,False,True,False
2015-04-18,Chennai,73.33,,10.84,22.69,19.72,10.07,0.98,3.82,27.81,7.5975,4.47,152.0,Moderate,False,True,False,False,False,False,False,False,False,True,True,True,False
2015-04-19,Chennai,71.17,,18.3,29.45,18.05,10.46,0.92,4.36,27.86,8.70125,5.42,148.0,Moderate,False,True,False,False,False,False,False,False,False,True,False,True,False
2015-04-20,Chennai,78.58,,59.44,69.16,19.01,10.33,1.06,5.99,27.82,9.805,6.1925,149.0,Moderate,False,True,False,False,False,False,False,False,False,True,True,True,False
2015-04-21,Chennai,74.55,,24.69,37.66,18.13,9.97,1.13,5.08,27.79,10.908750000000001,6.965,158.0,Moderate,False,True,False,False,False,False,False,False,False,True,True,True,False
2015-04-22,Chennai,73.8,,10.66,25.18,18.57,10.47,0.92,6.3,27.76,12.012500000000001,7.7375,145.0,Moderate,False,True,False,False,False,False,False,False,False,True,True,True,False
2015-04-23,Chennai,69.28,,27.38,41.89,18.28,13.36,2.44,4.14,27.59,13.11625,8.51,142.0,Moderate,False,True,False,False,False,False,False,False,False,True,False,True,False
2015-04-24,Chennai,70.45,,27.72,39.33,14.56,12.32,5.53,5.1,27.91,14.22,9.63,180.0,Moderate,False,True,False,False,False,False,False,False,False,False,False,True,False
2015-04-25,Chennai,60.15,,32.58,35.63,10.76,11.38,10.28,8.42,26.066666666666666,9.09,8.113333333333333,130.0,Moderate,False,True,False,False,False,False,False,False,True,False,True,True,False
2015-04-26,Chennai,57.57,,35.23,36.72,6.91,10.85,10.92,1.23,24.223333333333333,7.86,6.596666666666668,102.0,Moderate,False,True,False,False,False,False,False,False,True,False,True,True,False
2015-04-27,Chennai,67.8,,21.79,26.61,8.07,15.0,12.02,0.91,22.38,8.55,5.08,113.0,Moderate,False,True,False,False,False,False,False,False,True,False,True,True,False
2015-04-28,Chennai,70.85,,45.19,45.19,7.91,13.97,13.1,32.85,20.53666666666667,9.43,3.5633333333333335,136.0,Moderate,False,True,False,False,False,False,False,False,True,False,True,True,False
2015-04-29,Chennai,63.16,,41.12,49.3,9.38,14.0,8.02,9.32,18.693333333333335,7.45,2.046666666666667,130.0,Moderate,False,True,False,False,False,False,False,False,True,False,True,True,False
2015-04-30,Chennai,55.47,,42.65,58.18,10.16,18.24,4.31,6.67,16.85,13.33,0.53,115.0,Moderate,False,True,False,False,False,False,False,False,True,False,False,True,False
2015-05-01,Chennai,51.62,,16.04,19.39,8.77,16.77,10.29,3.44,15.006666666666668,2.91,0.1,108.0,Moderate,False,True,False,False,False,False,False,False,True,False,False,True,False
2015-05-02,Chennai,85.26,,28.87,37.2,9.61,20.97,9.7,2.69,13.163333333333334,0.15,0.22,139.0,Moderate,False,True,False,False,False,False,False,False,True,False,True,True,False
2015-05-03,Chennai,44.26,,24.54,34.41,20.42,16.24,6.09,4.29,11.32,0.62,0.33999999999999997,140.0,Moderate,False,True,False,False,False,False,False,False,False,False,True,True,False
2015-05-04,Chennai,28.97,,14.67,16.92,7.19,16.06,8.1,5.86,11.91,0.57,0.46,100.0,Satisfactory,False,True,False,False,False,False,False,False,False,False,False,True,False
2015-05-05,Chennai,35.16,,20.39,22.34,10.33,14.54,5.16,6.65,17.11,2.45,1.24,107.0,Moderate,False,True,False,False,False,False,False,False,False,False,False,True,False
2015-05-06,Chennai,44.1,,11.98,16.92,12.74,14.63,7.07,11.24,19.53,3.44,3.87,124.0,Moderate,False,True,False,False,False,False,False,False,False,False,False,True,False
2015-05-07,Chennai,57.31,,7.24,20.94,21.64,18.01,1.72,9.54,23.77,2.94,21.72,130.0,Moderate,False,True,False,False,False,False,False,False,False,False,False,True,False
2015-05-08,Chennai,54.28,,18.46,24.85,17.05,23.82,9.48,18.14,31.3,0.85,11.584999999999999,201.0,Poor,False,True,False,False,False,False,False,False,False,False,True,True,False
2015-05-09,Chennai,60.64,,15.09,25.94,17.23,32.5,5.22,16.28,28.72,1.52,1.45,126.0,Moderate,False,True,False,False,False,False,False,False,False,False,False,True,False
2015-05-10,Chennai,53.69,,22.35,29.04,37.17,19.91,2.05,9.01,20.45,0.13,11.84,153.0,Moderate,False,True,False,False,False,False,False,False,False,False,True,True,False
2015-05-11,Chennai,49.2,,19.46,33.32,31.25,17.07,2.73,21.84,21.28,4.32,22.23,176.0,Moderate,False,True,False,False,False,False,False,False,False,False,False,True,False
2015-05-12,Chennai,82.63,,29.3,43.83,43.94,18.78,1.8,17.42,22.25,12.35,5.09,146.0,Moderate,False,True,False,False,False,False,False,False,False,False,False,True,False
2015-05-13,Chennai,100.77,,9.42,22.81,21.94,17.5,1.95,10.63,23.81,10.64,6.9,208.0,Poor,False,True,False,False,False,False,False,False,False,False,False,True,False
2015-05-14,Chennai,120.24,,15.04,23.93,24.47,27.53,2.47,10.36,24.4,0.01,5.36,285.0,Poor,False,True,False,False,False,False,False,False,False,False,False,True,False
2015-05-15,Chennai,70.64,,6.67,20.05,18.36,53.13,1.6,10.03,25.08,0.3687500000000001,5.47,178.0,Moderate,False,True,False,False,False,False,False,False,False,True,False,True,False
2015-05-16,Chennai,91.69,,6.21,19.7,18.4,56.05,2.47,10.54,24.75,0.7275000000000001,5.01,209.0,Poor,False,True,False,False,False,False,False,False,False,True,False,True,False
2015-05-17,Chennai,79.98,,6.78,19.21,18.38,50.22,3.12,9.98,25.84,1.0862500000000002,3.66,201.0,Poor,False,True,False,False,False,False,False,False,False,True,False,True,False
2015-05-18,Chennai,87.7,,6.53,19.56,18.2,58.39,2.46,11.85,26.06,1.4450000000000003,2.62,196.0,Moderate,False,True,False,False,False,False,False,False,False,True,False,True,False
2015-05-19,Chennai,83.47,,38.26,49.11,35.47,55.27,4.75,15.11,26.21,1.8037500000000002,2.09,156.0,Moderate,False,True,False,False,False,False,False,False,False,True,False,True,False
2015-05-20,Chennai,97.96,,5.9,16.44,18.92,52.02,6.45,16.19,24.28,2.1625,2.03,135.0,Moderate,False,True,False,False,False,False,False,False,False,True,False,True,False
2015-05-21,Chennai,97.74,,6.16,16.72,18.82,53.87,2.56,14.97,39.53,2.52125,2.85,197.0,Moderate,False,True,False,False,False,False,False,False,False,True,False,True,False
2015-05-22,Chennai,85.55,,5.93,16.47,18.43,51.63,3.13,13.12,40.22,2.88,2.76,200.0,Moderate,False,True,False,False,False,False,False,False,False,False,False,True,False
2015-05-23,Chennai,90.87,,7.67,17.24,19.78,55.21,2.23,10.51,40.41,3.21,4.2,166.0,Moderate,False,True,False,False,False,False,False,False,False,False,False,True,False
2015-05-24,Chennai,78.25,,6.55,17.43,17.31,54.03,1.91,18.74,26.44,3.75,2.26,148.0,Moderate,False,True,False,False,False,False,False,False,False,True,False,True,False
2015-05-25,Chennai,125.51,,9.66,17.14,20.45,58.32,2.7,11.06,40.59,4.29,2.2,177.0,Moderate,False,True,False,False,False,False,False,False,False,True,False,True,False
2015-05-26,Chennai,113.78,,6.1,15.58,17.15,52.12,2.91,12.79,40.91,4.83,4.2,235.0,Poor,False,True,False,False,False,False,False,False,False,True,False,True,False
2015-05-27,Chennai,119.68,,9.6,16.33,19.94,56.9,4.16,11.4,43.83,5.37,4.15,277.0,Poor,False,True,False,False,False,False,False,False,False,False,False,True,False
2015-05-28,Chennai,105.59,,14.0,20.24,23.78,53.36,3.18,11.34,52.84,2.7,3.99,221.0,Poor,False,True,False,False,False,False,False,False,False,False,False,True,False
2015-05-29,Chennai,100.5,,19.0,21.32,26.22,58.98,1.45,10.99,44.51,2.37875,48.82000000000001,204.0,Poor,False,True,False,False,False,False,False,False,False,True,True,True,False
2015-05-30,Chennai,102.97,,24.07,25.74,35.87,52.25,2.12,9.7,52.73,2.0575,93.65,206.0,Poor,False,True,False,False,False,False,False,False,False,True,False,True,False
2015-05-31,Chennai,127.46,,18.69,29.99,27.0,55.9,1.43,11.03,48.19,1.73625,27.09,211.0,Poor,False,True,False,False,False,False,False,False,False,True,False,True,False
2015-06-01,Chennai,129.49,,4.23,14.97,15.73,53.25,1.56,11.45,46.7,1.415,0.11,216.0,Poor,False,True,False,False,False,False,False,False,False,True,False,True,False
2015-06-02,Chennai,100.13,,4.48,14.35,14.84,54.95,2.51,9.62,47.98,1.09375,0.51,220.0,Poor,False,True,False,False,False,False,False,False,False,True,True,True,False
2015-06-03,Chennai,108.88,,5.25,16.12,17.11,58.26,1.44,10.79,50.59,0.7725000000000002,0.9099999999999999,203.0,Poor,False,True,False,False,False,False,False,False,False,True,True,True,False
2015-06-04,Chennai,111.48,,4.69,15.66,16.38,57.97,1.51,10.8,42.62,0.45124999999999993,1.31,207.0,Poor,False,True,False,False,False,False,False,False,False,True,True,True,False
2015-06-05,Chennai,73.81,,9.21,16.64,18.28,53.98,1.48,11.32,40.96,0.13,1.71,200.0,Moderate,False,True,False,False,False,False,False,False,False,False,False,True,False
2015-06-06,Chennai,60.15,,4.59,15.47,16.48,55.75,1.53,9.55,46.33,0.11,2.53,125.0,Moderate,False,True,False,False,False,False,False,False,False,True,False,True,False
2015-06-07,Chennai,61.59,,4.51,15.4,16.38,52.11,2.02,10.2,46.1,0.09,2.1,150.0,Moderate,False,True,False,False,False,False,False,False,False,False,False,True,False
2015-06-08,Chennai,64.94,,4.86,15.86,16.71,53.63,1.57,11.71,43.28,73.92,45.7,119.0,Moderate,False,True,False,False,False,False,False,False,False,False,False,True,False
2015-06-09,Chennai,61.26,,4.94,15.26,15.78,50.27,1.85,14.35,44.62,1.4,1.39,121.0,Moderate,False,True,False,False,False,False,False,False,False,False,False,True,False
2015-06-10,Chennai,58.49,,4.21,15.22,16.17,57.02,2.68,11.19,49.07,11.337142857142856,1.39,144.0,Moderate,False,True,False,False,False,False,False,False,False,True,False,True,False
2015-06-11,Chennai,58.84,,6.18,15.13,17.09,54.34,1.87,7.89,50.75,21.27428571428571,1.56,117.0,Moderate,False,True,False,False,False,False,False,False,False,True,False,True,False
2015-06-12,Chennai,60.75,,5.64,15.08,16.42,52.24,1.88,9.5,43.42,31.211428571428563,89.7,121.0,Moderate,False,True,False,False,False,False,False,False,False,True,True,True,False
2015-06-13,Chennai,58.12,,5.17,15.31,16.68,57.06,1.9,9.94,45.84,41.14857142857142,177.84,118.0,Moderate,False,True,False,False,False,False,False,False,False,True,True,True,False
2015-06-14,Chennai,58.33,,4.06,15.4,16.56,57.11,1.89,9.48,46.63,51.085714285714275,265.98,117.0,Moderate,False,True,False,False,False,False,False,False,False,True,False,True,False
2015-06-15,Chennai,59.87,,5.29,14.98,17.13,52.87,2.73,8.94,37.5,61.02285714285713,81.3,165.0,Moderate,False,True,False,False,False,False,False,False,False,True,False,True,False
2015-06-16,Chennai,49.91,,3.95,13.37,14.54,53.49,1.85,8.31,39.99,70.96,15.55,118.0,Moderate,False,True,False,False,False,False,False,False,False,False,False,True,False
2015-06-17,Chennai,53.53,,3.85,12.39,13.86,54.26,1.97,10.04,35.97,391.88,2.34,120.0,Moderate,False,True,False,False,False,False,False,False,False,False,False,True,False
2015-06-18,Chennai,45.43,,3.25,11.22,12.39,55.0,1.89,6.89,36.51,5.1,2.68,114.0,Moderate,False,True,False,False,False,False,False,False,False,False,False,True,False
2015-06-19,Chennai,54.86,,4.57,14.6,15.3,56.56,2.67,13.31,36.11,0.16,1.74,155.0,Moderate,False,True,False,False,False,False,False,False,False,False,False,True,False
2015-06-20,Chennai,56.25,,4.53,15.23,16.57,58.34,2.25,10.29,37.1,5.64,1.27,158.0,Moderate,False,True,False,False,False,False,False,False,False,True,False,True,False
2015-06-21,Chennai,57.87,,3.92,15.88,17.05,57.83,1.89,9.93,41.28,11.12,3.65,118.0,Moderate,False,True,False,False,False,False,False,False,False,False,False,True,False
2015-06-22,Chennai,72.61,,6.83,17.51,18.04,55.43,2.93,9.47,38.85,0.17,0.12,152.0,Moderate,False,True,False,False,False,False,False,False,False,False,False,True,False
2015-06-23,Chennai,68.28,,7.62,16.15,14.61,52.18,2.3,10.42,33.71,1.46,1.35,181.0,Moderate,False,True,False,False,False,False,False,False,False,False,False,True,False
2015-06-24,Chennai,58.07,,7.07,16.31,15.81,51.31,2.33,12.21,38.65,3.31,0.41,167.0,Moderate,False,True,False,False,False,False,False,False,False,False,False,True,False
2015-06-25,Chennai,67.93,,7.21,19.42,16.81,49.56,2.43,10.78,42.65,0.78,0.22,158.0,Moderate,False,True,False,False,False,False,False,False,False,False,False,True,False
2015-06-26,Chennai,69.03,,3.74,17.22,15.38,63.57,2.71,11.35,36.46,0.89,0.15,147.0,Moderate,False,True,False,False,False,False,False,False,False,False,False,True,False
2015-06-27,Chennai,76.57,,4.06,15.11,14.84,48.26,2.33,10.04,33.37,0.86,0.12,149.0,Moderate,False,True,False,False,False,False,False,False,False,False,False,True,False
2015-06-28,Chennai,77.2,,4.02,17.59,15.56,56.33,2.04,9.68,28.86,0.91,0.13,157.0,Moderate,False,True,False,False,False,False,False,False,False,False,False,True,False
2015-06-29,Chennai,76.18,,3.79,17.75,15.68,55.49,2.04,10.84,32.23,0.93,0.13,157.0,Moderate,False,True,False,False,False,False,False,False,False,False,False,True,False
2015-06-30,Chennai,77.16,,3.53,17.68,15.59,49.23,2.32,11.67,33.71,0.94,0.13,172.0,Moderate,False,True,False,False,False,False,False,False,False,False,False,True,False
2015-07-01,Chennai,83.72,,8.87,20.08,20.23,53.46,2.59,14.01,32.66,0.98,0.18,201.0,Poor,False,True,False,False,False,False,False,False,False,False,False,True,False
2015-07-02,Chennai,68.41,,5.59,20.66,18.33,50.73,1.8,13.46,33.28,1.02,0.21,169.0,Moderate,False,True,False,False,False,False,False,False,False,False,False,True,False
2015-07-03,Chennai,73.86,,6.06,21.36,17.47,56.63,7.39,13.24,30.81,1.02,0.21,186.0,Moderate,False,True,False,False,False,False,False,False,False,False,False,True,False
2015-07-04,Chennai,70.58,,8.99,17.94,14.05,52.85,20.62,15.31,29.69,1.03,0.23,290.0,Poor,False,True,False,False,False,False,False,False,False,False,False,True,False
2015-07-05,Chennai,70.61,,4.7,20.14,17.67,54.4,2.19,13.9,30.78,1.02,0.23,193.0,Moderate,False,True,False,False,False,False,False,False,False,False,False,True,False
2015-07-06,Chennai,71.19,,5.51,20.02,17.66,50.38,1.84,14.55,28.04,0.96,0.18,164.0,Moderate,False,True,False,False,False,False,False,False,False,False,False,True,False
2015-07-07,Chennai,69.56,,4.76,20.37,17.7,52.81,2.22,11.02,30.14,1.02,0.13,187.0,Moderate,False,True,False,False,False,False,False,False,False,False,False,True,False
2015-07-08,Chennai,68.72,,4.69,19.66,17.44,58.71,1.99,15.11,28.23,1.01,0.22,160.0,Moderate,False,True,False,False,False,False,False,False,False,False,False,True,False
2015-07-09,Chennai,67.95,,12.24,13.66,20.38,46.24,2.76,10.39,40.63,0.94,0.2,207.0,Poor,False,True,False,False,False,False,False,False,False,True,True,True,False
2015-07-10,Chennai,59.59,,7.78,14.72,16.86,52.64,1.89,13.92,36.19,0.87,0.18,169.0,Moderate,False,True,False,False,False,False,False,False,False,False,False,True,False
2015-07-11,Chennai,62.54,,6.95,19.45,16.78,62.36,8.49,7.05,31.75,0.9299999999999999,3.4250000000000003,208.0,Poor,False,True,False,False,False,False,False,False,False,True,True,True,False
2015-07-12,Chennai,61.7,,6.01,20.32,15.16,52.0,8.59,6.71,33.56,0.99,6.67,230.0,Poor,False,True,False,False,False,False,False,False,False,False,False,True,False
2015-07-13,Chennai,65.54,,5.32,19.39,17.75,47.1,1.89,9.44,36.38,0.29,0.17,146.0,Moderate,False,True,False,False,False,False,False,False,False,False,False,True,False
2015-07-14,Chennai,53.35,,9.12,20.42,20.14,50.93,2.54,8.74,35.64,0.195,0.165,188.0,Moderate,False,True,False,False,False,False,False,False,False,True,True,True,False
2015-07-15,Chennai,59.2,,7.11,17.26,17.66,46.66,2.26,9.23,32.25,0.1,0.16,191.0,Moderate,False,True,False,False,False,False,False,False,False,False,False,True,False
2015-07-16,Chennai,57.02,,8.0,18.65,18.99,47.76,2.39,9.08,30.0,0.1,0.16,189.0,Moderate,False,True,False,False,False,False,False,False,False,False,False,True,False
2015-07-17,Chennai,53.75,,5.96,18.59,17.67,48.22,2.13,8.02,32.51,0.09333333333333334,0.11666666666666667,154.0,Moderate,False,True,False,False,False,False,False,False,False,True,True,True,False
2015-07-18,Chennai,48.36,,5.28,19.18,17.62,45.27,2.63,7.56,30.9,0.08666666666666667,0.07333333333333333,190.0,Moderate,False,True,False,False,False,False,False,False,False,True,True,True,False
2015-07-19,Chennai,40.7,,6.33,19.23,18.33,59.74,1.47,10.39,28.57,0.08,0.03,104.0,Moderate,False,True,False,False,False,False,False,False,False,True,False,True,False
2015-07-20,Chennai,36.72,,5.52,18.96,17.64,46.58,2.31,10.8,30.88,0.07333333333333333,1.5650000000000004,132.0,Moderate,False,True,False,False,False,False,False,False,False,True,True,True,False
2015-07-21,Chennai,42.94,,5.1,18.58,16.77,46.58,1.58,11.47,31.69,0.06666666666666667,3.1,100.0,Satisfactory,False,True,False,False,False,False,False,False,False,True,False,True,False
2015-07-22,Chennai,47.23,,4.8,18.89,16.87,47.49,1.4,7.34,28.35,0.06,0.84,126.0,Moderate,False,True,False,False,False,False,False,False,False,False,False,True,False
2015-07-23,Chennai,81.77,,16.14,26.1,25.0,42.63,2.61,11.97,32.5,0.06,0.06,141.0,Moderate,False,True,False,False,False,False,False,False,False,False,False,True,False
2015-07-24,Chennai,83.64,,9.73,18.19,19.02,42.14,1.93,14.1,38.29,0.05545454545454545,0.07333333333333333,210.0,Poor,False,True,False,False,False,False,False,False,False,True,True,True,False
2015-07-25,Chennai,53.69,,4.82,20.33,17.18,48.95,1.43,11.06,31.79,0.050909090909090904,0.08666666666666667,102.0,Moderate,False,True,False,False,False,False,False,False,False,True,True,True,False
2015-07-26,Chennai,47.88,,4.45,19.16,16.82,50.64,1.31,14.62,29.31,0.046363636363636364,0.1,92.0,Satisfactory,False,True,False,False,False,False,False,False,False,True,False,True,False
2015-07-27,Chennai,57.59,,6.64,18.92,17.87,44.13,2.16,12.57,24.5,0.04181818181818182,0.09,123.0,Moderate,False,True,False,False,False,False,False,False,False,True,False,True,False
2015-07-28,Chennai,51.55,,5.14,18.75,17.09,45.49,1.56,11.53,31.29,0.03727272727272728,0.27,143.0,Moderate,False,True,False,False,False,False,False,False,False,True,True,True,False
2015-07-29,Chennai,50.58,,4.86,19.44,17.33,35.66,2.43,10.73,30.81,0.03272727272727273,0.44999999999999996,144.0,Moderate,False,True,False,False,False,False,False,False,False,True,True,True,False
2015-07-30,Chennai,49.89,,5.12,19.47,17.43,39.93,2.28,13.85,29.26,0.028181818181818183,0.63,141.0,Moderate,False,True,False,False,False,False,False,False,False,True,True,True,False
2015-07-31,Chennai,56.67,,6.55,19.64,18.32,41.61,1.79,16.07,30.59,0.023636363636363636,0.8099999999999999,106.0,Moderate,False,True,False,False,False,False,False,False,False,True,True,True,False
2015-08-01,Chennai,85.39,,24.62,29.71,36.6,42.88,4.08,16.06,29.3,0.019090909090909096,0.99,195.0,Moderate,False,True,False,False,False,False,False,False,False,True,False,True,False
2015-08-02,Chennai,70.17,,6.32,15.44,17.87,44.0,2.12,22.81,18.06,0.014545454545454549,0.505,194.0,Moderate,False,True,False,False,False,False,False,False,False,True,True,True,False
2015-08-03,Chennai,49.45,,6.56,14.52,18.15,39.68,1.56,16.03,16.74,0.01,0.02,98.0,Satisfactory,False,True,False,False,False,False,False,False,False,False,False,True,False
2015-08-04,Chennai,64.89,,9.85,15.17,20.9,33.16,1.33,22.46,19.37,6.14,1.93,120.0,Moderate,False,True,False,False,False,False,False,False,False,False,False,True,False
2015-08-05,Chennai,59.69,,7.9,16.22,19.77,46.45,1.41,19.41,16.56,30.27,31.58,112.0,Moderate,False,True,False,False,False,False,False,False,False,False,False,True,False
2015-08-06,Chennai,49.27,,6.46,14.74,17.93,41.35,2.89,11.0,12.61,10.46,14.45,189.0,Moderate,False,True,False,False,False,False,False,False,False,False,False,True,False
2015-08-07,Chennai,56.12,,7.86,14.52,18.89,40.63,1.27,11.79,14.3,6.01,10.17,100.0,Satisfactory,False,True,False,False,False,False,False,False,False,False,False,True,False
2015-08-08,Chennai,63.11,,8.68,15.11,19.82,39.26,2.56,12.75,11.84,4.63,8.43,145.0,Moderate,False,True,False,False,False,False,False,False,False,False,False,True,False
2015-08-09,Chennai,55.12,,7.62,15.08,19.0,43.36,1.35,12.69,14.38,3.29,4.77,123.0,Moderate,False,True,False,False,False,False,False,False,False,False,False,True,False
2015-08-10,Chennai,54.41,,7.37,14.92,18.75,35.22,1.11,12.13,15.58,2.91,1.86,96.0,Satisfactory,False,True,False,False,False,False,False,False,False,False,False,True,False
2015-08-11,Chennai,61.65,,8.71,15.12,19.68,36.74,1.02,12.74,16.66,4.525,2.332307692307692,96.0,Satisfactory,False,True,False,False,False,False,False,False,False,True,True,True,False
2015-08-12,Chennai,53.49,,7.35,14.57,18.54,44.64,1.06,11.88,14.3,6.14,2.8046153846153845,106.0,Moderate,False,True,False,False,False,False,False,False,False,False,True,True,False
2015-08-13,Chennai,58.42,,8.6,14.41,19.25,36.34,1.17,9.36,13.79,6.14,3.276923076923077,102.0,Moderate,False,True,False,False,False,False,False,False,False,False,True,True,False
2015-08-14,Chennai,57.52,,7.55,15.55,19.18,39.0,1.42,13.1,15.16,5.7,3.749230769230769,121.0,Moderate,False,True,False,False,False,False,False,False,False,True,True,True,False
2015-08-15,Chennai,51.29,,6.41,14.77,17.4,34.65,1.02,12.76,13.02,5.26,4.2215384615384615,96.0,Satisfactory,False,True,False,False,False,False,False,False,False,True,True,True,False
2015-08-16,Chennai,58.79,,7.48,16.06,19.42,32.92,1.0,15.0,22.01,4.82,4.693846153846153,111.0,Moderate,False,True,False,False,False,False,False,False,False,False,True,True,False
2015-08-17,Chennai,63.39,,9.21,15.16,20.02,32.13,1.35,11.61,20.54,3.75,5.166153846153846,129.0,Moderate,False,True,False,False,False,False,False,False,False,True,True,True,False
2015-08-18,Chennai,66.98,,9.85,16.15,20.4,37.0,1.26,14.04,12.83,2.68,5.638461538461538,106.0,Moderate,False,True,False,False,False,False,False,False,False,True,True,True,False
2015-08-19,Chennai,69.54,,10.26,15.61,20.61,35.64,1.19,12.82,13.74,1.6100000000000003,6.110769230769231,123.0,Moderate,False,True,False,False,False,False,False,False,False,True,True,True,False
2015-08-20,Chennai,64.9,,18.87,19.19,28.28,41.66,1.78,13.55,15.53,0.54,6.583076923076923,176.0,Moderate,False,True,False,False,False,False,False,False,False,False,True,True,False
2015-08-21,Chennai,43.12,,7.05,13.87,17.52,40.55,1.15,13.4,15.55,6.09,7.055384615384615,91.0,Satisfactory,False,True,False,False,False,False,False,False,False,True,True,True,False
2015-08-22,Chennai,39.93,,7.95,14.15,17.77,44.2,4.88,19.33,12.97,11.64,7.527692307692307,165.0,Moderate,False,True,False,False,False,False,False,False,False,True,True,True,False
2015-08-23,Chennai,33.26,,8.13,14.71,18.63,52.02,1.12,14.34,10.11,17.189999999999998,8.0,108.0,Moderate,False,True,False,False,False,False,False,False,False,True,False,True,False
2015-08-24,Chennai,40.27,,8.07,14.15,18.19,40.25,1.95,13.4,12.72,22.74,6.7725,119.0,Moderate,False,True,False,False,False,False,False,False,False,True,True,True,False
2015-08-25,Chennai,46.96,,7.88,13.55,17.72,33.69,1.48,11.86,13.35,28.29,5.545,98.0,Satisfactory,False,True,False,False,False,False,False,False,False,True,True,True,False
2015-08-26,Chennai,39.91,,7.39,13.23,17.04,25.41,1.24,13.06,16.24,33.839999999999996,4.3175,100.0,Satisfactory,False,True,False,False,False,False,False,False,False,True,True,True,False
2015-08-27,Chennai,39.65,,7.25,12.82,16.21,25.89,1.94,12.83,12.59,39.39,3.09,127.0,Moderate,False,True,False,False,False,False,False,False,False,False,False,True,False
2015-08-28,Chennai,45.16,,8.5,13.19,16.74,28.32,1.54,14.31,10.77,194.28,8.48,100.0,Satisfactory,False,True,False,False,False,False,False,False,False,False,False,True,False
2015-08-29,Chennai,43.58,,8.78,14.18,17.26,26.79,2.19,14.6,11.95,240.885,4.835,146.0,Moderate,False,True,False,False,False,False,False,False,False,True,True,True,False
2015-08-30,Chennai,37.62,,8.16,16.1,17.88,24.53,1.54,14.9,18.81,287.49,1.19,112.0,Moderate,False,True,False,False,False,False,False,False,False,False,False,True,False
2015-08-31,Chennai,41.0,,8.04,15.66,17.36,23.7,1.43,14.02,20.96,264.5155555555556,1.1146666666666667,97.0,Satisfactory,False,True,False,False,False,False,False,False,False,True,True,True,False
2015-09-01,Chennai,32.37,,8.57,16.34,18.15,26.38,1.21,15.72,30.26,241.54111111111112,1.0393333333333332,88.0,Satisfactory,False,True,False,False,False,False,False,False,False,True,True,True,False
2015-09-02,Chennai,24.27,,8.54,16.66,18.34,24.6,4.7,16.01,34.15,218.56666666666666,0.964,163.0,Moderate,False,True,False,False,False,False,False,False,False,True,True,True,False
2015-09-03,Chennai,26.54,,9.27,17.24,19.25,23.58,1.99,18.24,28.04,195.59222222222223,0.8886666666666667,99.0,Satisfactory,False,True,False,False,False,False,False,False,False,True,True,True,False
2015-09-04,Chennai,26.96,,9.51,17.1,19.35,23.47,1.92,14.6,28.95,172.61777777777777,0.8133333333333332,106.0,Moderate,False,True,False,False,False,False,False,False,False,True,True,True,False
2015-09-05,Chennai,25.83,,9.14,16.9,19.0,27.06,2.01,11.02,29.73,149.64333333333332,0.738,83.0,Satisfactory,False,True,False,False,False,False,False,False,False,True,True,True,False
2015-09-06,Chennai,26.47,,9.58,17.03,19.38,23.63,1.68,11.13,20.59,126.66888888888889,0.6626666666666666,82.0,Satisfactory,False,True,False,False,False,False,False,False,False,True,True,True,False
2015-09-07,Chennai,27.97,,9.8,17.3,19.68,23.09,1.75,12.8,22.13,103.69444444444443,0.5873333333333334,107.0,Moderate,False,True,False,False,False,False,False,False,False,True,True,True,False
2015-09-08,Chennai,27.86,,9.65,17.24,19.5,26.37,1.47,9.81,20.26,80.72,0.512,86.0,Satisfactory,False,True,False,False,False,False,False,False,False,False,True,True,False
2015-09-09,Chennai,26.89,,9.23,16.89,19.05,26.56,1.61,11.61,24.66,68.94,0.43666666666666665,88.0,Satisfactory,False,True,False,False,False,False,False,False,False,True,True,True,False
2015-09-10,Chennai,28.78,,9.76,17.02,19.51,25.26,2.16,12.2,24.13,57.16,0.3613333333333334,148.0,Moderate,False,True,False,False,False,False,False,False,False,True,True,True,False
2015-09-11,Chennai,31.49,,10.3,15.04,18.98,29.07,1.54,14.18,19.44,45.379999999999995,0.28600000000000003,79.0,Satisfactory,False,True,False,False,False,False,False,False,False,True,True,True,False
2015-09-12,Chennai,32.09,,10.28,14.96,18.92,23.77,1.39,12.68,18.16,33.599999999999994,0.21066666666666667,82.0,Satisfactory,False,True,False,False,False,False,False,False,False,True,True,True,False
2015-09-13,Chennai,29.23,,9.88,15.72,18.98,24.6,1.32,11.18,23.09,21.819999999999993,0.1353333333333333,79.0,Satisfactory,False,True,False,False,False,False,False,False,False,True,True,True,False
2015-09-14,Chennai,30.94,,9.95,15.18,18.66,23.52,1.84,12.36,22.54,10.04,0.06,128.0,Moderate,False,True,False,False,False,False,False,False,False,False,False,True,False
2015-09-15,Chennai,29.62,,9.43,14.0,17.61,24.65,1.03,9.85,22.76,11.1,5.24,77.0,Satisfactory,False,True,False,False,False,False,False,False,False,False,False,True,False
2015-09-16,Chennai,29.73,,9.38,12.96,17.13,22.52,1.0,11.55,20.48,9.876666666666667,10.4,74.0,Satisfactory,False,True,False,False,False,False,False,False,False,True,False,True,False
2015-09-17,Chennai,30.34,,10.03,10.69,16.63,23.18,0.96,8.44,22.81,8.653333333333332,9.005,70.0,Satisfactory,False,True,False,False,False,False,False,False,False,True,True,True,False
2015-09-18,Chennai,31.63,,10.28,10.45,16.76,23.56,2.1,11.12,22.77,7.43,7.61,116.0,Moderate,False,True,False,False,False,False,False,False,False,True,False,True,False
2015-09-19,Chennai,35.42,,11.71,10.47,17.88,24.9,0.82,12.1,34.03,6.206666666666667,8.826666666666666,77.0,Satisfactory,False,True,False,False,False,False,False,False,False,True,True,True,False
2015-09-20,Chennai,27.32,,10.97,10.48,17.46,25.08,2.93,10.2,32.15,4.983333333333333,10.043333333333333,197.0,Moderate,False,True,False,False,False,False,False,False,False,True,True,True,False
2015-09-21,Chennai,27.69,,10.7,10.76,17.2,23.36,2.95,10.36,30.29,3.76,11.26,214.0,Poor,False,True,False,False,False,False,False,False,False,True,True,True,False
2015-09-22,Chennai,39.77,,9.91,11.93,16.66,24.32,1.72,12.19,26.91,2.536666666666667,12.476666666666667,121.0,Moderate,False,True,False,False,False,False,False,False,False,True,True,True,False
2015-09-23,Chennai,31.65,,10.35,10.81,16.65,25.1,1.31,11.9,19.27,1.3133333333333344,13.693333333333333,84.0,Satisfactory,False,True,False,False,False,False,False,False,False,True,True,True,False
2015-09-24,Chennai,39.97,,12.07,10.01,17.23,24.19,1.74,10.22,15.36,0.09,14.91,131.0,Moderate,False,True,False,False,False,False,False,False,False,False,False,True,False
2015-09-25,Chennai,41.94,,13.27,10.75,18.43,23.73,2.19,12.38,19.24,0.54,1.44,153.0,Moderate,False,True,False,False,False,False,False,False,False,False,False,True,False
2015-09-26,Chennai,65.79,,16.61,9.7,20.27,23.06,1.79,12.36,47.29,3.88,1.2,171.0,Moderate,False,True,False,False,False,False,False,False,False,False,False,True,False
2015-09-27,Chennai,86.4,,12.74,10.03,17.36,25.37,1.02,16.69,52.35,1.88,1.24,165.0,Moderate,False,True,False,False,False,False,False,False,False,False,False,True,False
2015-09-28,Chennai,61.69,,12.83,10.08,17.57,23.16,1.89,12.7,41.98,2.0883333333333334,40.72,176.0,Moderate,False,True,False,False,False,False,False,False,False,True,False,True,False
2015-09-29,Chennai,44.26,,13.58,10.47,18.3,24.47,4.41,11.8,31.31,2.2966666666666664,43.769999999999996,224.0,Poor,False,True,False,False,False,False,False,False,False,True,True,True,False
2015-09-30,Chennai,42.71,,13.38,10.73,18.11,25.7,1.89,14.96,33.91,2.505,46.82,154.0,Moderate,False,True,False,False,False,False,False,False,False,True,True,True,False
2015-10-01,Chennai,46.97,,13.64,11.77,19.08,22.48,2.76,11.92,22.96,2.7133333333333334,49.870000000000005,188.0,Moderate,False,True,False,False,False,False,False,False,False,True,True,True,False
2015-10-02,Chennai,42.17,,12.45,10.78,17.5,23.43,1.77,12.23,22.74,2.921666666666667,52.92,135.0,Moderate,False,True,False,False,False,False,False,False,False,True,True,True,False
2015-10-03,Chennai,47.0,,14.53,12.94,18.79,24.93,0.81,12.86,21.73,3.13,55.97,84.0,Satisfactory,False,True,False,False,False,False,False,False,False,False,True,True,False
2015-10-04,Chennai,49.45,,15.59,15.21,19.82,23.82,1.14,12.05,31.57,0.04,59.02,107.0,Moderate,False,True,False,False,False,False,False,False,False,False,False,True,False
2015-10-05,Chennai,46.7,,17.25,13.7,20.87,29.51,0.65,13.31,32.14,0.04,0.49,89.0,Satisfactory,False,True,False,False,False,False,False,False,False,False,False,True,False
2015-10-06,Chennai,33.87,,12.56,10.87,17.82,22.41,2.18,12.95,30.89,0.08,0.63,136.0,Moderate,False,True,False,False,False,False,False,False,False,False,False,True,False
2015-10-07,Chennai,33.0,,10.66,11.79,16.77,22.99,1.18,12.52,28.49,10.1,0.42,94.0,Satisfactory,False,True,False,False,False,False,False,False,False,False,False,True,False
2015-10-08,Chennai,36.3,,9.39,12.98,16.24,22.45,1.2,10.55,32.23,16.19,0.37333333333333335,82.0,Satisfactory,False,True,False,False,False,False,False,False,False,False,True,True,False
2015-10-09,Chennai,36.51,,9.45,12.68,16.1,23.68,1.37,10.6,25.16,10.235000000000001,0.32666666666666666,86.0,Satisfactory,False,True,False,False,False,False,False,False,False,True,True,True,False
2015-10-10,Chennai,37.71,,9.9,12.52,16.23,24.42,1.72,9.32,23.29,4.28,0.28,107.0,Moderate,False,True,False,False,False,False,False,False,False,False,False,True,False
2015-10-11,Chennai,35.73,,9.26,12.94,16.04,23.82,2.62,11.37,21.22,3.74,0.05,165.0,Moderate,False,True,False,False,False,False,False,False,False,True,False,True,False
2015-10-12,Chennai,36.27,,9.4,13.16,16.27,24.01,1.88,11.1,25.34,3.2,2.01,150.0,Moderate,False,True,False,False,False,False,False,False,False,False,False,True,False
2015-10-13,Chennai,122.16,,32.03,21.5,37.11,25.89,2.61,10.78,23.67,3.26,25.37,203.0,Poor,False,True,False,False,False,False,False,False,False,False,False,True,False
2015-10-14,Chennai,90.73,,21.94,22.21,22.57,25.37,2.08,10.14,26.13,4.2642105263157895,0.16,263.0,Poor,False,True,False,False,False,False,False,False,False,True,False,True,False
2015-10-15,Chennai,63.96,,22.31,22.35,33.64,25.85,1.75,9.37,23.01,5.268421052631579,0.13,196.0,Moderate,False,True,False,False,False,False,False,False,False,True,True,True,False
2015-10-16,Chennai,48.79,,14.76,15.46,21.71,27.06,1.61,13.63,24.94,6.272631578947368,0.1,156.0,Moderate,False,True,False,False,False,False,False,False,False,True,False,True,False
2015-10-17,Chennai,34.96,,12.79,14.19,18.81,23.99,1.75,9.58,31.38,7.276842105263158,1.985625,147.0,Moderate,False,True,False,False,False,False,False,False,False,True,True,True,False
2015-10-18,Chennai,37.55,,13.09,13.58,18.72,29.5,1.05,8.24,20.22,8.281052631578948,3.87125,109.0,Moderate,False,True,False,False,False,False,False,False,False,True,True,True,False
2015-10-19,Chennai,31.54,,11.55,12.4,16.95,25.99,2.02,7.93,18.08,9.285263157894736,5.756874999999999,121.0,Moderate,False,True,False,False,False,False,False,False,False,True,True,True,False
2015-10-20,Chennai,37.74,,15.02,12.9,19.39,29.24,1.14,6.07,17.91,10.289473684210526,7.642499999999999,83.0,Satisfactory,False,True,False,False,False,False,False,False,False,True,True,True,False
2015-10-21,Chennai,41.27,,11.42,14.19,16.82,52.065,7.62,7.1,19.12,11.293684210526315,9.528125,241.0,Poor,False,True,False,False,False,True,False,False,False,True,True,True,False
2015-10-22,Chennai,47.68,,11.51,13.2,16.65,74.89,1.6,9.12,24.82,12.297894736842105,11.413749999999999,133.0,Moderate,False,True,False,False,False,False,False,False,False,True,True,True,False
2015-10-23,Chennai,81.26,,23.27,20.88,27.69,66.35,3.21,7.26,20.24,13.302105263157895,13.299375,238.0,Poor,False,True,False,False,False,False,False,False,False,True,True,True,False
2015-10-24,Chennai,44.79,,13.46,12.53,18.71,65.37,1.64,5.03,28.69,14.306315789473684,15.184999999999999,175.0,Moderate,False,True,False,False,False,False,False,False,False,True,True,True,False
2015-10-25,Chennai,50.98,,11.11,12.27,17.9,73.15,1.28,8.34,56.16,15.310526315789472,17.070625,136.0,Moderate,False,True,False,False,False,False,False,False,False,True,True,True,False
2015-10-26,Chennai,46.79,,10.0,12.05,17.04,71.95,0.98,8.23,57.43,16.314736842105262,18.95625,130.0,Moderate,False,True,False,False,False,False,False,False,False,True,True,True,False
2015-10-27,Chennai,54.0,,10.84,13.79,18.37,73.0,0.88,9.78,59.47,17.31894736842105,20.841875,128.0,Moderate,False,True,False,False,False,False,False,False,False,True,True,True,False
2015-10-28,Chennai,52.65,,11.11,11.71,17.4,77.18,1.1,8.2,60.46,,22.7275,136.0,Moderate,False,True,False,False,False,False,False,False,False,True,True,True,False
2015-10-29,Chennai,55.75,,16.03,12.9,20.18,67.45,0.91,6.93,47.37,,24.613125,125.0,Moderate,False,True,False,False,False,False,False,False,False,True,True,True,False
2015-10-30,Chennai,52.29,,10.23,10.92,16.59,58.32,1.04,9.78,44.29,,26.49875,113.0,Moderate,False,True,False,False,False,False,False,False,False,True,True,True,False
2015-10-31,Chennai,41.39,,10.99,9.93,16.44,67.74,2.56,8.92,42.18,,,195.0,Moderate,False,True,False,False,False,False,False,False,False,True,True,True,False
2015-11-01,Chennai,44.08,,10.15,10.76,16.59,64.13,2.6,8.96,50.33,22.34,30.27,174.0,Moderate,False,True,False,False,False,False,False,False,False,False,False,True,False
2015-11-02,Chennai,41.44,,9.98,11.73,15.99,56.08,1.34,10.96,61.39,30.77,38.46,142.0,Moderate,False,True,False,False,False,False,False,False,False,False,False,True,False
2015-11-03,Chennai,41.96,,11.0,13.78,15.28,65.03,1.34,8.85,44.1,20.516666666666666,16.17,122.0,Moderate,False,True,False,False,False,False,False,False,False,True,False,True,False
2015-11-04,Chennai,41.8,,10.68,13.77,15.7,60.9,2.03,8.37,39.61,10.263333333333335,23.49,135.0,Moderate,False,True,False,False,False,False,False,False,False,True,False,True,False
2015-11-05,Chennai,43.18,,12.31,15.87,16.76,67.74,1.81,6.42,27.51,0.01,5.94,128.0,Moderate,False,True,False,False,False,False,False,False,False,False,False,True,False
2015-11-06,Chennai,44.74,,16.01,23.81,18.55,53.83,4.34,6.37,32.31,0.01,0.01,204.0,Poor,False,True,False,False,False,False,False,False,False,False,False,True,False
2015-11-07,Chennai,53.31,,10.05,18.91,13.82,142.84,1.55,7.08,43.44,0.6546666666666667,4.054,132.0,Moderate,False,True,False,False,False,False,False,False,False,True,True,True,False
2015-11-08,Chennai,38.73,,7.29,16.0,15.58,129.91,1.71,6.04,50.61,1.2993333333333335,8.098,154.0,Moderate,False,True,False,False,False,False,False,False,False,True,True,True,False
2015-11-09,Chennai,23.46,,5.53,13.02,17.17,210.06,1.91,5.22,56.36,1.9440000000000002,12.142000000000001,119.0,Moderate,False,True,False,False,False,False,False,False,False,True,True,True,False
2015-11-10,Chennai,76.42,,5.55,13.89,17.79,46.22,1.17,7.75,92.04,2.5886666666666667,16.186000000000003,117.0,Moderate,False,True,False,False,False,False,False,False,False,True,True,True,False
2015-11-11,Chennai,53.36,,6.24,15.85,20.5,186.57,1.4,6.6,64.95,3.2333333333333334,20.230000000000004,183.0,Moderate,False,True,False,False,False,False,False,False,False,True,True,True,False
2015-11-12,Chennai,44.5,,6.16,15.41,19.8,197.29,1.27,5.01,43.68,3.878,24.274000000000004,100.0,Satisfactory,False,True,False,False,False,False,False,False,False,True,True,True,False
2015-11-13,Chennai,51.11,,5.48,14.79,18.1,176.1,1.38,3.91,64.42,4.522666666666667,28.318000000000005,106.0,Moderate,False,True,False,False,False,False,False,False,False,True,True,True,False
2015-11-14,Chennai,55.76,,5.68,14.72,18.0,210.23,1.2,2.98,69.77,5.167333333333334,32.362,132.0,Moderate,False,True,False,False,False,False,False,False,False,True,True,True,False
2015-11-15,Chennai,49.55,,5.76,13.89,17.69,124.02,1.09,3.53,58.57,5.812,36.406,122.0,Moderate,False,True,False,False,False,False,False,False,False,True,True,True,False
2015-11-16,Chennai,31.49,,5.43,12.65,16.81,128.37,1.62,5.31,65.97,6.456666666666667,40.45,105.0,Moderate,False,True,False,False,False,False,False,False,False,True,True,True,False
2015-11-17,Chennai,30.89,,5.26,12.88,16.78,148.89,1.48,3.37,70.3,7.101333333333334,44.494,133.0,Moderate,False,True,False,False,False,False,False,False,False,True,True,True,False
2015-11-18,Chennai,36.51,,4.87,13.25,16.64,145.71,1.38,4.9,58.16,7.746,48.538000000000004,98.0,Satisfactory,False,True,False,False,False,False,False,False,False,True,True,True,False
2015-11-19,Chennai,30.69,,5.86,11.68,15.07,64.36,1.52,4.21,32.87,8.390666666666666,52.582,98.0,Satisfactory,False,True,False,False,False,False,False,False,False,True,True,True,False
2015-11-20,Chennai,28.66,,5.87,9.19,12.74,5.61,1.34,4.45,28.91,9.035333333333334,56.626000000000005,89.0,Satisfactory,False,True,False,False,False,False,False,False,False,True,True,True,False
2015-11-21,Chennai,33.37,,5.39,8.59,11.95,12.4,1.16,4.83,42.39,9.68,60.67,87.0,Satisfactory,False,True,False,False,False,False,False,False,False,False,False,True,False
2015-11-22,Chennai,29.11,,5.56,7.91,11.45,135.17,1.81,5.28,48.21,9.67,36.7,126.0,Moderate,False,True,False,False,False,False,False,False,False,False,False,True,False
2015-11-23,Chennai,27.08,,5.2,7.74,11.1,142.9,1.24,4.81,50.22,9.788333333333334,36.20135593220339,90.0,Satisfactory,False,True,False,False,False,False,False,False,False,True,True,True,False
2015-11-24,Chennai,25.63,,5.94,8.34,11.94,81.89,1.29,6.64,43.05,9.906666666666666,35.70271186440678,93.0,Satisfactory,False,True,False,False,False,False,False,False,False,True,True,True,False
2015-11-25,Chennai,35.35,,5.19,8.2,11.11,130.64,1.19,4.21,48.89,10.025,35.204067796610175,96.0,Satisfactory,False,True,False,False,False,False,False,False,False,True,True,True,False
2015-11-26,Chennai,36.82,,4.97,8.01,11.06,68.35,0.99,4.03,65.25,10.143333333333333,34.705423728813564,107.0,Moderate,False,True,False,False,False,False,False,False,False,True,True,True,False
2015-11-27,Chennai,36.96,,5.93,8.11,11.82,131.43,1.2,5.08,53.11,10.261666666666667,34.20677966101695,103.0,Moderate,False,True,False,False,False,False,False,False,False,True,True,True,False
2015-11-28,Chennai,44.41,,6.43,8.91,12.59,141.84,1.3,5.82,57.22,10.379999999999999,33.70813559322034,112.0,Moderate,False,True,False,False,False,False,False,False,False,True,True,True,False
2015-11-29,Chennai,29.55,,5.14,7.53,10.95,142.26,1.22,4.82,61.76,10.498333333333333,33.20949152542373,113.0,Moderate,False,True,False,False,False,False,False,False,False,True,True,True,False
2015-11-30,Chennai,31.97,,5.24,7.9,11.18,172.14,1.23,4.7,56.35,10.616666666666667,32.710847457627125,99.0,Satisfactory,False,True,False,False,False,False,False,False,False,True,True,True,False
2015-12-01,Chennai,28.82,,5.35,7.8,11.26,119.06,1.33,4.67,49.71,10.735,32.21220338983051,103.0,Moderate,False,True,False,False,False,False,False,False,False,True,True,True,False
2015-12-02,Chennai,32.64,,3.75,7.94,10.39,113.53,1.78,4.2,43.19,10.853333333333333,31.713559322033902,161.0,Moderate,False,True,False,False,False,False,False,False,False,True,True,True,False
2015-12-03,Chennai,52.16,,2.73,5.88,8.18,107.52,1.12,1.97,35.62,10.971666666666668,31.21491525423729,85.0,Satisfactory,False,True,False,False,False,True,False,False,False,True,True,True,False
2015-12-04,Chennai,42.4375,,3.2225,6.345,8.5925,101.51,1.3675000000000002,4.3575,31.485,11.09,30.71627118644068,80.0,Satisfactory,True,True,True,True,True,True,True,True,True,True,True,True,False
2015-12-05,Chennai,32.714999999999996,,3.715,6.8100000000000005,9.005,95.5,1.615,6.744999999999999,27.349999999999998,11.208333333333334,30.21762711864407,,,True,True,True,True,True,True,True,True,True,True,True,True,True
2015-12-06,Chennai,22.992499999999996,,4.2075,7.275,9.4175,89.49000000000001,1.8624999999999998,9.132499999999999,23.214999999999996,11.326666666666666,29.71898305084746,,,True,True,True,True,True,True,True,True,True,True,True,True,True
2015-12-07,Chennai,13.27,,4.7,7.74,9.83,83.48,2.11,11.52,19.08,,,,,False,True,False,False,False,False,False,False,False,True,True,True,True
2015-12-08,Chennai,48.08,,5.18,6.79,9.96,139.64,1.23,4.0,32.87,,,107.0,Moderate,False,True,False,False,False,False,False,False,False,True,True,True,False
2015-12-09,Chennai,40.81,,5.66,6.05,9.97,180.77,1.54,3.34,34.14,,,121.0,Moderate,False,True,False,False,False,False,False,False,False,True,True,True,False
2015-12-10,Chennai,40.96,,6.78,6.76,10.95,302.08,1.28,2.65,36.71,,,100.0,Satisfactory,False,True,False,False,False,False,False,False,False,True,True,True,False
2015-12-11,Chennai,46.17,,5.64,5.56,9.2,147.67,1.49,2.63,36.39,,,108.0,Moderate,False,True,False,False,False,False,False,False,False,True,True,True,False
2015-12-12,Chennai,78.83,,7.53,7.55,12.74,86.29,1.34,2.85,36.2,,,97.0,Satisfactory,False,True,False,False,False,False,False,False,False,True,True,True,False
2015-12-13,Chennai,138.07,,8.98,8.62,14.8,134.62,1.23,4.44,45.23,,,130.0,Moderate,False,True,False,False,False,False,False,False,False,True,True,True,False
2015-12-14,Chennai,54.85,,7.33,8.39,13.35,122.67,1.36,3.41,36.62,,,113.0,Moderate,False,True,False,False,False,False,False,False,False,True,True,True,False
2015-12-15,Chennai,42.45,,7.31,7.61,12.99,104.23,1.29,3.99,44.62,,,106.0,Moderate,False,True,False,False,False,False,False,False,False,True,True,True,False
2015-12-16,Chennai,46.16,,8.41,7.64,13.78,80.86,1.15,5.37,22.53,,,102.0,Moderate,False,True,False,False,False,False,False,False,False,True,True,True,False
2015-12-17,Chennai,48.64,,8.53,7.96,14.01,69.02,1.35,4.69,34.27,,,129.0,Moderate,False,True,False,False,False,False,False,False,False,True,True,True,False
2015-12-18,Chennai,44.78,,9.18,8.38,15.06,102.37,1.39,3.82,30.28,,,130.0,Moderate,False,True,False,False,False,False,False,False,False,True,True,True,False
2015-12-19,Chennai,39.11,,7.88,8.47,15.11,123.26,1.58,3.01,20.24,,,114.0,Moderate,False,True,False,False,False,False,False,False,False,True,True,True,False
2015-12-20,Chennai,42.67,,14.57,19.41,33.4,209.8,1.45,3.55,29.24,,,117.0,Moderate,False,True,False,False,False,False,False,False,False,True,True,True,False
2015-12-21,Chennai,65.01,,12.46,18.15,29.84,223.87,1.56,1.62,27.77,,,103.0,Moderate,False,True,False,False,False,False,False,False,False,True,True,True,False
2015-12-22,Chennai,56.1,,10.67,16.39,27.63,352.89,1.76,1.49,36.75,,,150.0,Moderate,False,True,False,False,False,False,False,False,False,True,True,True,False
2015-12-23,Chennai,50.32,,9.63,17.56,27.48,201.85,0.79,1.95,59.97,,,104.0,Moderate,False,True,False,False,False,False,False,False,False,True,True,True,False
2015-12-24,Chennai,63.0,,9.27,20.86,28.89,236.87,0.94,1.74,12.16,,,106.0,Moderate,False,True,False,False,False,False,False,False,False,True,True,True,False
2015-12-25,Chennai,59.47,,14.43,22.32,35.42,256.27,0.81,2.0,12.69,,,108.0,Moderate,False,True,False,False,False,False,False,False,False,True,True,True,False
2015-12-26,Chennai,71.81,,8.24,12.18,19.83,275.78,0.76,2.2,23.4,,,111.0,Moderate,False,True,False,False,False,False,False,False,False,True,True,True,False
2015-12-27,Chennai,81.74,,3.79,9.86,12.43,225.01,1.77,2.11,39.39,,,165.0,Moderate,False,True,False,False,False,False,False,False,False,True,True,True,False
2015-12-28,Chennai,62.63,,4.71,12.09,15.53,309.04,6.75,2.5,37.11,,,211.0,Poor,False,True,False,False,False,False,False,False,False,True,True,True,False
2015-12-29,Chennai,65.1,,7.81,16.1,22.16,196.84,3.66,4.28,13.33,,,241.0,Poor,False,True,False,False,False,False,False,False,False,True,True,True,False
2015-12-30,Chennai,57.23,,6.45,15.14,20.1,123.82,0.54,2.0,21.97,,,114.0,Moderate,False,True,False,False,False,False,False,False,False,True,True,True,False
2015-12-31,Chennai,52.27,,6.82,16.46,21.42,206.54,0.71,3.5,25.77,,,100.0,Satisfactory,False,True,False,False,False,False,False,False,False,True,True,True,False
2016-01-01,Chennai,65.97,,5.86,32.92,32.56,283.67,0.6900000000000001,0.94,34.57,,,125.0,Moderate,False,True,False,False,False,False,True,False,False,True,True,True,False
2016-01-02,Chennai,41.3,,5.17,8.72,10.41,132.94,0.67,15.6,33.66,,,123.0,Moderate,False,True,False,False,False,False,False,False,True,True,True,True,False
2016-01-03,Chennai,36.81,,4.61,6.44,8.85,96.9,1.17,2.91,32.75,,,106.0,Moderate,False,True,False,False,False,False,False,False,True,True,True,True,False
2016-01-04,Chennai,44.87,,5.06,12.75,15.02,98.22,0.74,3.33,31.84,,,63.0,Satisfactory,False,True,False,False,False,False,False,False,False,True,True,True,False
2016-01-05,Chennai,63.67,,7.42,21.07,22.62,160.08,1.17,2.71,18.99,,,132.0,Moderate,False,True,False,False,False,False,False,False,False,True,True,True,False
2016-01-06,Chennai,67.49,,7.21,19.92,21.91,181.86,0.72,3.1,24.3,,,136.0,Moderate,False,True,False,False,False,False,False,False,False,True,True,True,False
2016-01-07,Chennai,52.94,,6.69,10.48,15.12,285.95,2.34,2.82,17.02,,,184.0,Moderate,False,True,False,False,False,False,False,False,False,True,True,True,False
2016-01-08,Chennai,69.88,,8.13,25.36,25.42,296.29,0.89,3.91,19.24,,,120.0,Moderate,False,True,False,False,False,False,False,False,False,True,True,True,False
2016-01-09,Chennai,66.89,,7.0,21.05,22.43,173.32,0.88,3.91,14.33,,,162.0,Moderate,False,True,False,False,False,False,False,False,False,True,True,True,False
2016-01-10,Chennai,62.27,,7.04,20.35,21.92,187.56,1.04,3.71,17.26,,,119.0,Moderate,False,True,False,False,False,False,False,False,False,True,True,True,False
2016-01-11,Chennai,51.56,,6.67,20.34,21.72,121.14,0.77,3.83,23.03,,,113.0,Moderate,False,True,False,False,False,False,False,False,False,True,True,True,False
2016-01-12,Chennai,58.27,,7.43,22.24,23.31,295.74,1.09,3.17,20.26,,,119.0,Moderate,False,True,False,False,False,False,False,False,False,True,True,True,False
2016-01-13,Chennai,63.13,,8.1,25.19,25.04,227.92,0.96,4.38,19.69,,,129.0,Moderate,False,True,False,False,False,False,False,False,False,True,True,True,False
2016-01-14,Chennai,80.23,,7.06,21.76,23.08,177.66,2.73,4.91,30.64,,,220.0,Poor,False,True,False,False,False,False,False,False,False,True,True,True,False
2016-01-15,Chennai,39.74,,4.5,13.02,15.63,56.65,0.61,3.44,29.13,,,139.0,Moderate,False,True,False,False,False,False,False,False,False,True,True,True,False
2016-01-16,Chennai,49.21,,6.26,12.83,15.21,152.68,1.49,2.46,40.45,,,130.0,Moderate,False,True,False,False,False,False,False,False,False,True,True,True,False
2016-01-17,Chennai,55.73,,5.82,10.86,13.78,186.53,0.67,2.95,32.4,,,121.0,Moderate,False,True,False,False,False,False,False,False,False,True,True,True,False
2016-01-18,Chennai,58.28,,6.82,12.01,15.13,149.22,0.8,3.52,33.07,,,114.0,Moderate,False,True,False,False,False,False,False,False,False,True,True,True,False
2016-01-19,Chennai,56.47,,6.97,12.34,15.39,128.27,0.8,6.44,28.81,,,115.0,Moderate,False,True,False,False,False,False,False,False,False,True,True,True,False
2016-01-20,Chennai,60.04,,5.69,11.52,14.17,44.39,2.97,3.42,33.98,,7.28,200.0,Moderate,False,True,False,False,False,False,False,False,False,True,False,True,False
2016-01-21,Chennai,55.45,,5.28,11.1,13.7,188.8,2.63,2.84,33.05,16.77,11.32,167.0,Moderate,False,True,False,False,False,False,False,False,False,False,False,True,False
2016-01-22,Chennai,65.26,,6.89,11.46,14.64,174.22,0.79,3.97,21.75,11.48,7.08,172.0,Moderate,False,True,False,False,False,False,False,False,False,False,False,True,False
2016-01-23,Chennai,53.07,,4.53,11.09,10.24,169.19,0.54,4.1,34.52,10.62,4.18,117.0,Moderate,False,True,False,False,False,False,False,False,False,False,False,True,False
2016-01-24,Chennai,51.32,,4.16,8.8,8.12,35.18,2.49,3.51,57.19,14.53,3.31,198.0,Moderate,False,True,False,False,False,False,False,False,False,False,False,True,False
2016-01-25,Chennai,46.84,,6.09,12.73,11.58,102.74,2.11,3.65,34.98,4.51,8.9,153.0,Moderate,False,True,False,False,False,False,False,False,False,False,False,True,False
2016-01-26,Chennai,46.29,,9.88,18.21,17.18,47.56,0.68,3.26,30.61,6.45,6.47,142.0,Moderate,False,True,False,False,False,False,False,False,False,False,False,True,False
2016-01-27,Chennai,42.49,,9.97,18.3,17.33,168.71,1.38,3.39,32.57,5.37,6.72,144.0,Moderate,False,True,False,False,False,False,False,False,False,False,False,True,False
2016-01-28,Chennai,47.11,,8.7,13.56,14.2,129.87,1.46,3.52,26.99,5.4,6.36,145.0,Moderate,False,True,False,False,False,False,False,False,False,False,False,True,False
2016-01-29,Chennai,50.13,,10.72,13.23,15.55,74.11,1.11,3.45,22.2,5.59,7.17,149.0,Moderate,False,True,False,False,False,False,False,False,False,False,False,True,False
2016-01-30,Chennai,53.58,,9.69,15.06,15.66,11.8,6.18,3.35,22.59,6.73,10.01,186.0,Moderate,False,True,False,False,False,False,False,False,False,False,False,True,False
2016-01-31,Chennai,76.91,,9.77,12.11,14.27,2.19,1.68,4.1,30.36,6.57,9.37,216.0,Poor,False,True,False,False,False,False,False,False,False,False,False,True,False
2016-02-01,Chennai,107.65,,10.73,14.47,16.13,4.15,1.45,4.07,21.67,9.88,10.15,220.0,Poor,False,True,False,False,False,False,False,False,False,False,False,True,False
2016-02-02,Chennai,69.9,,11.42,15.9,17.36,1.51,1.65,4.33,26.83,14.04,15.1,209.0,Poor,False,True,False,False,False,False,False,False,False,False,False,True,False
2016-02-03,Chennai,112.72,,11.82,15.66,17.54,0.94,1.47,3.51,22.93,16.23,24.5,251.0,Poor,False,True,False,False,False,False,False,False,False,False,False,True,False
2016-02-04,Chennai,81.79,,10.07,12.72,14.84,0.97,0.77,6.57,26.09,10.01,12.59,191.0,Moderate,False,True,False,False,False,False,False,False,False,False,False,True,False
2016-02-05,Chennai,127.03,,8.46,13.25,13.84,0.92,1.08,5.94,28.65,8.06,10.02,203.0,Poor,False,True,False,False,False,False,False,False,False,False,False,True,False
2016-02-06,Chennai,70.57,,8.24,13.74,13.91,1.31,0.64,6.41,20.8,8.71,13.08,183.0,Moderate,False,True,False,False,False,False,False,False,False,False,False,True,False
2016-02-07,Chennai,79.55,,9.63,12.07,14.14,18.446666666666665,0.67,5.4,20.9,11.12,12.82,162.0,Moderate,False,True,False,False,False,True,False,False,False,False,False,True,False
2016-02-08,Chennai,76.36,,6.21,9.92,10.54,35.583333333333336,0.58,5.1,22.66,3.56,7.11,154.0,Moderate,False,True,False,False,False,True,False,False,False,False,False,True,False
2016-02-09,Chennai,92.83,,9.0,12.68,13.94,52.72,0.83,3.53,24.37,6.46,9.4,181.0,Moderate,False,True,False,False,False,False,False,False,False,False,False,True,False
2016-02-10,Chennai,98.75,,8.31,12.5,13.27,0.55,1.09,3.3,25.94,5.43,12.16,223.0,Poor,False,True,False,False,False,False,False,False,False,False,False,True,False
2016-02-11,Chennai,82.03,,6.36,14.24,12.57,0.02,1.65,3.09,28.54,6.84,10.56,193.0,Moderate,False,True,False,False,False,False,False,False,False,False,False,True,False
2016-02-12,Chennai,85.64,,10.32,16.69,16.7,5.22,1.7,3.44,29.62,6.7,14.15,157.0,Moderate,False,True,False,False,False,False,False,False,False,False,False,True,False
2016-02-13,Chennai,76.72,,7.12,12.56,12.24,5.76,1.14,2.53,22.99,5.46,10.82,173.0,Moderate,False,True,False,False,False,False,False,False,False,False,False,True,False
2016-02-14,Chennai,57.58,,10.37,11.15,13.49,7.68,1.42,2.77,19.11,2.28,7.17,133.0,Moderate,False,True,False,False,False,False,False,False,False,False,False,True,False
2016-02-15,Chennai,65.38,,12.45,11.74,15.35,7.105,1.43,2.56,17.51,5.31,12.24,109.0,Moderate,False,True,False,False,False,True,False,False,False,False,False,True,False
2016-02-16,Chennai,80.38,,7.92,12.43,16.3,6.53,1.57,2.38,19.19,3.62,8.96,160.0,Moderate,False,True,False,False,False,False,False,False,False,False,False,True,False
2016-02-17,Chennai,68.45,,5.26,8.8,9.1,43.765,1.64,2.32,31.74,1.7,3.01,145.0,Moderate,False,True,False,False,False,True,False,False,False,False,False,True,False
2016-02-18,Chennai,73.22,,8.96,13.11,13.38,81.0,1.45,4.02,27.19,1.07,0.81,134.0,Moderate,False,True,False,False,False,False,False,False,False,False,False,True,False
2016-02-19,Chennai,79.01,,11.02,15.12,15.84,76.92384615384616,1.46,2.77,38.48,1.76,0.96,170.0,Moderate,False,True,False,False,False,True,False,False,False,False,False,True,False
2016-02-20,Chennai,83.44,,9.83,13.42,14.13,72.84769230769231,1.42,8.68,59.12,2.9,0.84,179.0,Moderate,False,True,False,False,False,True,False,False,False,False,False,True,False
2016-02-21,Chennai,62.16,,5.84,10.03,9.5,68.77153846153846,1.91,2.38,54.63,13.07,0.53,156.0,Moderate,False,True,False,False,False,True,False,False,False,False,False,True,False
2016-02-22,Chennai,41.54,,6.52,10.28,10.12,64.69538461538461,1.67,4.9,55.5,2.8,0.45,130.0,Moderate,False,True,False,False,False,True,False,False,False,False,False,True,False
2016-02-23,Chennai,67.25,,10.22,15.63,15.5,60.61923076923077,1.4,7.42,40.72,1.82,0.93,106.0,Moderate,False,True,False,False,False,True,False,False,False,False,False,True,False
2016-02-24,Chennai,44.41,,6.61,13.03,11.54,56.543076923076924,1.27,2.95,52.03,2.21,0.55,96.0,Satisfactory,False,True,False,False,False,True,False,False,False,False,False,True,False
2016-02-25,Chennai,47.25,,8.1,10.99,11.66,52.46692307692308,1.48,3.17,50.4,1.83,1.33,99.0,Satisfactory,False,True,False,False,False,True,False,False,False,False,False,True,False
2016-02-26,Chennai,35.75,,5.6,8.13,8.28,48.39076923076923,1.43,3.79,28.91,0.89,1.83,80.0,Satisfactory,False,True,False,False,False,True,False,False,False,False,False,True,False
2016-02-27,Chennai,51.79,,8.99,11.31,12.48,44.31461538461539,1.44,3.02,17.04,0.68,2.0,88.0,Satisfactory,False,True,False,False,False,True,False,False,False,False,False,True,False
2016-02-28,Chennai,32.96,,4.06,10.8,8.53,40.23846153846154,1.87,2.64,31.71,2.33,1.91,108.0,Moderate,False,True,False,False,False,True,False,False,False,False,False,True,False
2016-02-29,Chennai,52.25,,4.99,9.13,8.43,36.1623076923077,2.03,2.31,41.56,1.61,1.87,114.0,Moderate,False,True,False,False,False,True,False,False,False,False,False,True,False
2016-03-01,Chennai,90.02,,6.81,12.13,11.24,32.08615384615385,1.54,4.74,39.73,1.91,1.9,153.0,Moderate,False,True,False,False,False,True,False,False,False,False,False,True,False
2016-03-02,Chennai,69.55,,8.44,10.84,10.49,28.01,1.42,13.03,41.66,2.65,2.04,196.0,Moderate,False,True,False,False,False,False,False,False,False,False,False,True,False
2016-03-03,Chennai,47.78,,5.37,9.44,9.6,36.94,1.48,2.3,39.99,2.42,2.42,132.0,Moderate,False,True,False,False,False,False,False,False,False,False,False,True,False
2016-03-04,Chennai,67.25,,8.91,12.58,14.54,115.34,1.35,2.39,42.39,1.45,3.01,117.0,Moderate,False,True,False,False,False,False,False,False,False,False,False,True,False
2016-03-05,Chennai,62.62,,7.22,12.49,13.24,136.56,1.44,4.48,48.38,2.0,2.79,143.0,Moderate,False,True,False,False,False,False,False,False,False,False,False,True,False
2016-03-06,Chennai,62.87,,4.59,10.21,10.14,150.27,1.41,4.67,55.16,2.14,2.16,142.0,Moderate,False,True,False,False,False,False,False,False,False,False,False,True,False
2016-03-07,Chennai,56.24,,5.71,9.88,10.82,139.37,1.37,4.05,47.29,2.83,1.94,135.0,Moderate,False,True,False,False,False,False,False,False,False,False,False,True,False
2016-03-08,Chennai,60.92,,6.31,12.17,11.77,11.81,1.01,3.0,46.66,3.03,2.47,120.0,Moderate,False,True,False,False,False,False,False,False,False,False,False,True,False
2016-03-09,Chennai,81.03,,6.25,11.06,11.8,3.51,1.2,4.87,40.93,1.78,2.67,158.0,Moderate,False,True,False,False,False,False,False,False,False,False,False,True,False
2016-03-10,Chennai,80.44,,8.53,10.22,12.0,3.56,0.97,2.84,18.31,1.45,2.55,186.0,Moderate,False,True,False,False,False,False,False,False,False,False,False,True,False
2016-03-11,Chennai,66.08,,6.95,8.99,11.29,3.59,0.83,2.56,15.38,1.52,3.41,155.0,Moderate,False,True,False,False,False,False,False,False,False,False,False,True,False
2016-03-12,Chennai,65.08,,6.79,11.65,12.45,3.24,0.76,2.53,17.59,1.39,5.24,136.0,Moderate,False,True,False,False,False,False,False,False,False,False,False,True,False
2016-03-13,Chennai,57.73,,6.71,8.73,10.98,2.84,0.7,2.44,21.32,1.33,3.95,131.0,Moderate,False,True,False,False,False,False,False,False,False,False,False,True,False
2016-03-14,Chennai,74.65,,4.94,7.78,9.07,3.02,0.85,2.59,23.41,1.94,3.8,135.0,Moderate,False,True,False,False,False,False,False,False,False,False,False,True,False
2016-03-15,Chennai,76.68,,5.84,8.14,10.05,3.72,1.07,6.8,21.72,2.35,4.18,193.0,Moderate,False,True,False,False,False,False,False,False,False,False,False,True,False
2016-03-16,Chennai,81.93,,6.02,8.79,10.54,7.44,0.78,3.0,24.71,2.43,4.28,188.0,Moderate,False,True,False,False,False,False,False,False,False,False,False,True,False
2016-03-17,Chennai,86.31,,5.03,10.7,10.73,7.92,0.97,3.41,20.46,2.3,4.9,187.0,Moderate,False,True,False,False,False,False,False,False,False,False,False,True,False
2016-03-18,Chennai,87.07,,4.82,9.98,9.82,58.78,1.62,2.88,19.61,2.07,4.16,214.0,Poor,False,True,False,False,False,False,False,False,False,False,False,True,False
2016-03-19,Chennai,100.61,,4.2,11.24,9.77,176.16,1.23,2.7,18.18,3.21,5.98,216.0,Poor,False,True,False,False,False,False,False,False,False,False,False,True,False
2016-03-20,Chennai,98.47,,3.22,8.57,7.73,173.87,1.23,2.22,24.29,3.18,4.63,221.0,Poor,False,True,False,False,False,False,False,False,False,False,False,True,False
2016-03-21,Chennai,123.36,,3.79,11.41,9.54,174.31,1.23,2.36,22.18,2.17,4.45,251.0,Poor,False,True,False,False,False,False,False,False,False,False,False,True,False
2016-03-22,Chennai,69.38,,3.48,18.52,13.35,181.06,1.02,3.35,28.48,1.91,3.86,179.0,Moderate,False,True,False,False,False,False,False,False,False,False,False,True,False
2016-03-23,Chennai,68.25,,2.71,10.38,10.51,187.75,0.93,3.54,20.14,1.11,2.2,143.0,Moderate,False,True,False,False,False,False,False,False,False,False,False,True,False
2016-03-24,Chennai,64.05,,7.1,11.13,14.49,214.6,0.82,4.04,20.81,2.98,3.02,132.0,Moderate,False,True,False,False,False,False,False,False,False,False,False,True,False
2016-03-25,Chennai,59.46,,5.91,10.97,11.97,174.56,0.79,3.67,21.8,3.03,6.7,123.0,Moderate,False,True,False,False,False,False,False,False,False,False,False,True,False
2016-03-26,Chennai,64.1,,4.57,5.2,6.79,165.18,0.69,3.35,23.17,1.52,2.28,125.0,Moderate,False,True,False,False,False,False,False,False,False,False,False,True,False
2016-03-27,Chennai,63.03,,5.29,7.26,8.55,166.96,0.65,3.15,33.42,1.62,6.79,134.0,Moderate,False,True,False,False,False,False,False,False,False,False,False,True,False
2016-03-28,Chennai,46.09,,5.95,8.79,10.03,148.68,0.84,4.09,30.0,2.26,6.43,121.0,Moderate,False,True,False,False,False,False,False,False,False,False,False,True,False
2016-03-29,Chennai,51.43,,6.62,8.2,11.13,152.03,0.97,3.99,19.84,2.31,7.35,114.0,Moderate,False,True,False,False,False,False,False,False,False,False,False,True,False
2016-03-30,Chennai,53.32,,5.66,7.83,10.24,149.99,0.79,4.42,19.58,1.58,3.78,114.0,Moderate,False,True,False,False,False,False,False,False,False,False,False,True,False
2016-03-31,Chennai,55.51,,5.8,7.36,10.13,127.6,0.67,4.16,22.65,1.72,4.78,113.0,Moderate,False,True,False,False,False,False,False,False,False,False,False,True,False
2016-04-01,Chennai,64.92,,6.48,7.16,10.53,160.27,0.84,3.88,19.22,3.52,6.48,128.0,Moderate,False,True,False,False,False,False,False,False,False,False,False,True,False
2016-04-02,Chennai,65.84,,5.87,5.4,9.19,189.01,2.02,3.58,19.93,2.26,5.11,216.0,Poor,False,True,False,False,False,False,False,False,False,False,False,True,False
2016-04-03,Chennai,63.65,,4.99,5.76,8.7,190.4,0.81,3.97,20.87,2.11,4.89,132.0,Moderate,False,True,False,False,False,False,False,False,False,False,False,True,False
2016-04-04,Chennai,67.33,,6.0,7.21,10.45,175.4,0.77,4.08,19.9,4.77,8.12,137.0,Moderate,False,True,False,False,False,False,False,False,False,False,False,True,False
2016-04-05,Chennai,68.04,,4.86,9.32,9.83,143.22,1.1,3.9,21.71,3.93,6.91,140.0,Moderate,False,True,False,False,False,False,False,False,False,False,False,True,False
2016-04-06,Chennai,70.13,,8.66,10.91,12.32,116.99,1.29,3.68,24.49,2.62,5.37,151.0,Moderate,False,True,False,False,False,False,False,False,False,False,False,True,False
2016-04-07,Chennai,64.37,,9.05,14.68,14.44,86.61,1.12,3.39,23.19,2.58,4.48,144.0,Moderate,False,True,False,False,False,False,False,False,False,False,False,True,False
2016-04-08,Chennai,56.54,,7.06,6.9,10.05,9.81,0.84,3.1,15.53,3.47,4.99,128.0,Moderate,False,True,False,False,False,False,False,False,False,False,False,True,False
2016-04-09,Chennai,54.83,,7.01,7.41,11.35,8.46,0.6,3.23,31.04,2.2,3.72,117.0,Moderate,False,True,False,False,False,False,False,False,False,False,False,True,False
2016-04-10,Chennai,61.1,,7.72,7.96,12.38,62.62,0.61,3.18,42.09,2.8,4.14,132.0,Moderate,False,True,False,False,False,False,False,False,False,False,False,True,False
2016-04-11,Chennai,61.34,,8.74,11.1,13.79,159.27,0.66,3.33,44.35,2.98,5.56,141.0,Moderate,False,True,False,False,False,False,False,False,False,False,False,True,False
2016-04-12,Chennai,56.23,,6.25,17.24,13.8,142.42,0.62,3.2,37.1,2.19,5.62,125.0,Moderate,False,True,False,False,False,False,False,False,False,False,False,True,False
2016-04-13,Chennai,59.15,,5.19,18.86,12.63,165.99,0.68,3.54,48.46,2.19,5.48,130.0,Moderate,False,True,False,False,False,False,False,False,False,False,False,True,False
2016-04-14,Chennai,55.65,,4.48,12.33,8.91,174.44,0.61,3.21,59.44,1.46,3.42,129.0,Moderate,False,True,False,False,False,False,False,False,False,False,False,True,False
2016-04-15,Chennai,54.15,,5.06,12.57,9.45,187.9,0.65,4.31,45.28,1.7,4.08,122.0,Moderate,False,True,False,False,False,False,False,False,False,False,False,True,False
2016-04-16,Chennai,56.37,,6.08,12.29,10.23,112.54,0.74,4.84,29.27,1.43,3.75,122.0,Moderate,False,True,False,False,False,False,False,False,False,False,False,True,False
2016-04-17,Chennai,54.71,,7.47,12.81,11.79,65.51,0.67,3.12,32.01,1.3,2.89,123.0,Moderate,False,True,False,False,False,False,False,False,False,False,False,True,False
2016-04-18,Chennai,55.5,,7.4,13.47,12.65,120.6,0.69,3.26,26.98,1.37,3.79,113.0,Moderate,False,True,False,False,False,False,False,False,False,False,False,True,False
2016-04-19,Chennai,56.62,,9.49,15.05,14.61,185.85,0.61,3.15,25.79,1.5,3.78,127.0,Moderate,False,True,False,False,False,False,False,False,False,False,False,True,False
2016-04-20,Chennai,60.73,,8.16,16.53,14.37,121.46,0.86,3.2,23.39,1.51,4.35,134.0,Moderate,False,True,False,False,False,False,False,False,False,False,False,True,False
2016-04-21,Chennai,51.55,,5.25,13.44,10.36,63.69,1.02,3.63,35.06,1.38,4.93,123.0,Moderate,False,True,False,False,False,False,False,False,False,False,False,True,False
2016-04-22,Chennai,51.96,,4.76,13.52,9.92,27.85,0.9,4.71,44.55,2.17,5.62,129.0,Moderate,False,True,False,False,False,False,False,False,False,False,False,True,False
2016-04-23,Chennai,60.21,,2.65,11.49,8.29,101.61,0.93,4.13,46.92,1.52,4.76,133.0,Moderate,False,True,False,False,False,False,False,False,False,False,False,True,False
2016-04-24,Chennai,65.26,,2.51,11.83,8.55,98.52,0.69,3.66,54.93,1.27,3.28,134.0,Moderate,False,True,False,False,False,False,False,False,False,False,False,True,False
2016-04-25,Chennai,61.78,,3.63,13.51,9.69,36.74,0.94,3.46,42.23,1.14,4.36,130.0,Moderate,False,True,False,False,False,False,False,False,False,False,False,True,False
2016-04-26,Chennai,57.7,,3.48,11.26,8.01,34.11,0.77,3.47,28.18,1.01,2.47,122.0,Moderate,False,True,False,False,False,False,False,False,False,False,False,True,False
2016-04-27,Chennai,56.99,,5.62,15.37,11.31,82.4,0.76,3.41,27.37,1.43,3.39,120.0,Moderate,False,True,False,False,False,False,False,False,False,False,False,True,False
2016-04-28,Chennai,51.73,,7.92,18.17,16.19,120.11,1.09,3.49,23.58,1.55,4.92,120.0,Moderate,False,True,False,False,False,False,False,False,False,False,False,True,False
2016-04-29,Chennai,48.7,,8.13,17.65,17.98,93.67,0.96,3.49,29.76,1.35,4.5,124.0,Moderate,False,True,False,False,False,False,False,False,False,False,False,True,False
2016-04-30,Chennai,65.21,,6.56,17.26,16.62,134.46,2.0,3.96,33.3,1.4,4.38,169.0,Moderate,False,True,False,False,False,False,False,False,False,False,False,True,False
2016-05-01,Chennai,89.6,,6.85,16.96,16.62,81.23,0.89,5.03,54.2,1.21,3.41,212.0,Poor,False,True,False,False,False,False,False,False,False,False,False,True,False
2016-05-02,Chennai,58.58,,5.79,16.06,15.3,106.31,1.02,5.34,47.31,1.05,4.03,147.0,Moderate,False,True,False,False,False,False,False,False,False,False,False,True,False
2016-05-03,Chennai,54.16,,5.41,15.93,14.95,119.72,1.05,5.27,38.81,1.15,5.86,123.0,Moderate,False,True,False,False,False,False,False,False,False,False,False,True,False
2016-05-04,Chennai,55.79,,5.49,15.74,14.88,90.86,1.0,5.1,34.5,1.36,8.47,127.0,Moderate,False,True,False,False,False,False,False,False,False,False,False,True,False
2016-05-05,Chennai,57.2,,5.86,13.99,13.37,22.36,0.78,4.96,32.6,1.12,4.71,125.0,Moderate,False,True,False,False,False,False,False,False,False,False,False,True,False
2016-05-06,Chennai,64.95,,5.01,13.29,12.04,28.97,1.0,4.78,41.1,1.05,3.7,129.0,Moderate,False,True,False,False,False,False,False,False,False,False,False,True,False
2016-05-07,Chennai,56.02,,5.04,14.38,11.99,43.25,0.99,4.95,42.11,1.15,3.88,139.0,Moderate,False,True,False,False,False,False,False,False,False,False,False,True,False
2016-05-08,Chennai,53.3,,5.44,13.8,12.02,43.0,1.01,4.63,32.45,1.43,3.47,123.0,Moderate,False,True,False,False,False,False,False,False,False,False,False,True,False
2016-05-09,Chennai,52.04,,5.54,13.85,11.76,54.22,1.15,4.84,24.26,1.26,3.92,122.0,Moderate,False,True,False,False,False,False,False,False,False,False,False,True,False
2016-05-10,Chennai,61.37,,8.06,15.13,14.61,94.34,1.1,4.61,22.41,1.55,4.33,135.0,Moderate,False,True,False,False,False,False,False,False,False,False,False,True,False
2016-05-11,Chennai,59.24,,5.93,14.66,11.65,72.7,1.16,4.49,31.62,1.45,5.47,136.0,Moderate,False,True,False,False,False,False,False,False,False,False,False,True,False
2016-05-12,Chennai,58.43,,6.11,18.69,13.71,99.46,1.23,4.43,53.25,1.61,4.01,144.0,Moderate,False,True,False,False,False,False,False,False,False,False,False,True,False
2016-05-13,Chennai,68.42,,4.02,16.17,14.2,63.43,1.24,4.58,53.29,1.51,4.93,161.0,Moderate,False,True,False,False,False,False,False,False,False,False,False,True,False
2016-05-14,Chennai,62.47,,3.8,13.86,13.01,131.28,1.24,4.44,48.37,1.49,4.4,166.0,Moderate,False,True,False,False,False,False,False,False,False,False,False,True,False
2016-05-15,Chennai,55.77,,3.28,12.38,11.87,130.56,2.1,4.1,51.8,1.33,2.95,183.0,Moderate,False,True,False,False,False,False,False,False,False,False,False,True,False
2016-05-16,Chennai,58.8,,4.28,13.77,13.3,131.56,1.15,3.89,58.35,1.23,1.4,136.0,Moderate,False,True,False,False,False,False,False,False,False,False,False,True,False
2016-05-17,Chennai,81.06,,6.14,20.11,17.96,132.82,1.15,4.65,38.9,1.4,6.21,171.0,Moderate,False,True,False,False,False,False,False,False,False,False,False,True,False
2016-05-18,Chennai,65.17,,6.95,25.13,20.31,146.54,1.28,4.74,27.97,1.52,9.23,164.0,Moderate,False,True,False,False,False,False,False,False,False,False,False,True,False
2016-05-19,Chennai,48.59,,4.81,21.24,14.85,114.48,1.37,3.58,41.45,1.54,7.6,113.0,Moderate,False,True,False,False,False,False,False,False,False,False,False,True,False
2016-05-20,Chennai,45.05,,4.3,25.57,17.51,132.0,1.24,4.01,55.65,2.14,9.69,91.0,Satisfactory,False,True,False,False,False,False,False,False,False,False,False,True,False
2016-05-21,Chennai,51.6,,3.63,16.03,12.78,119.3,1.15,4.65,52.65,1.8,8.54,94.0,Satisfactory,False,True,False,False,False,False,False,False,False,False,False,True,False
2016-05-22,Chennai,51.67,,4.11,16.22,13.25,155.73,0.95,4.58,56.21,1.92,7.65,95.0,Satisfactory,False,True,False,False,False,False,False,False,False,False,False,True,False
2016-05-23,Chennai,51.11,,5.81,20.41,16.94,165.16,0.98,5.18,41.93,1.48,7.68,93.0,Satisfactory,False,True,False,False,False,False,False,False,False,False,False,True,False
2016-05-24,Chennai,50.24,,4.84,19.87,15.43,152.88,1.09,4.3,51.11,1.86,6.74,91.0,Satisfactory,False,True,False,False,False,False,False,False,False,False,False,True,False
2016-05-25,Chennai,45.89,,4.72,18.13,17.56,166.02,1.15,5.11,48.96,2.49,7.19,102.0,Moderate,False,True,False,False,False,False,False,False,False,False,False,True,False
2016-05-26,Chennai,48.61,,4.66,18.15,22.48,186.6,2.55,3.78,41.27,2.54,7.07,112.0,Moderate,False,True,False,False,False,False,False,False,False,False,False,True,False
2016-05-27,Chennai,51.67,,3.66,18.0,15.56,167.96,1.67,3.71,49.56,2.47,7.95,117.0,Moderate,False,True,False,False,False,False,False,False,False,False,False,True,False
2016-05-28,Chennai,50.64,,4.53,17.49,14.35,164.84,1.84,3.96,55.38,2.2,5.61,115.0,Moderate,False,True,False,False,False,False,False,False,False,False,False,True,False
2016-05-29,Chennai,44.88,,4.89,15.77,12.93,161.67,1.49,3.89,59.45,2.44,5.67,124.0,Moderate,False,True,False,False,False,False,False,False,False,False,False,True,False
2016-05-30,Chennai,43.41,,4.0,10.44,10.55,115.39,1.48,4.09,48.16,2.49,6.76,97.0,Satisfactory,False,True,False,False,False,False,False,False,False,False,False,True,False
2016-05-31,Chennai,57.32,,4.53,12.13,14.57,131.62,1.42,3.48,61.61,4.14,8.86,120.0,Moderate,False,True,False,False,False,False,False,False,False,False,False,True,False
2016-06-01,Chennai,43.52,,4.42,11.38,12.55,140.69,1.94,4.53,58.74,6.02,12.71,122.0,Moderate,False,True,False,False,False,False,False,False,False,False,False,True,False
2016-06-02,Chennai,41.29,,4.73,10.64,10.18,105.37,1.86,4.86,40.93,7.65,19.7,122.0,Moderate,False,True,False,False,False,False,False,False,False,False,False,True,False
2016-06-03,Chennai,41.44583333333333,,4.990833333333334,11.2375,10.939166666666667,105.0425,1.8833333333333335,4.886666666666667,39.12166666666667,7.348333333333334,19.15833333333333,88.0,Satisfactory,True,True,True,True,True,True,True,True,True,True,True,True,False
2016-06-04,Chennai,41.60166666666667,,5.251666666666667,11.835,11.698333333333332,104.715,1.9066666666666667,4.913333333333334,37.31333333333333,7.046666666666667,18.616666666666667,,,True,True,True,True,True,True,True,True,True,True,True,True,True
2016-06-05,Chennai,41.7575,,5.5125,12.432500000000001,12.4575,104.3875,1.9300000000000002,4.94,35.505,6.745,18.075,,,True,True,True,True,True,True,True,True,True,True,True,True,True
2016-06-06,Chennai,41.913333333333334,,5.773333333333333,13.03,13.216666666666667,104.06,1.9533333333333334,4.966666666666667,33.696666666666665,6.443333333333333,17.53333333333333,,,True,True,True,True,True,True,True,True,True,True,True,True,True
2016-06-07,Chennai,42.06916666666667,,6.034166666666667,13.6275,13.975833333333332,103.7325,1.9766666666666668,4.993333333333333,31.888333333333335,6.141666666666667,16.991666666666667,,,True,True,True,True,True,True,True,True,True,True,True,True,True
2016-06-08,Chennai,42.224999999999994,,6.295,14.225,14.735,103.405,2.0,5.02,30.08,5.84,16.45,,,True,True,True,True,True,True,True,True,True,True,True,True,True
2016-06-09,Chennai,42.38083333333333,,6.555833333333334,14.8225,15.494166666666665,103.0775,2.0233333333333334,5.046666666666667,28.27166666666667,5.538333333333334,15.908333333333333,,,True,True,True,True,True,True,True,True,True,True,True,True,True
2016-06-10,Chennai,42.53666666666666,,6.816666666666666,15.419999999999998,16.253333333333334,102.75,2.046666666666667,5.073333333333333,26.463333333333335,5.236666666666666,15.366666666666667,,,True,True,True,True,True,True,True,True,True,True,True,True,True
2016-06-11,Chennai,42.692499999999995,,7.077500000000001,16.0175,17.0125,102.4225,2.0700000000000003,5.1,24.655,4.9350000000000005,14.825,,,True,True,True,True,True,True,True,True,True,True,True,True,True
2016-06-12,Chennai,42.84833333333333,,7.338333333333333,16.615,17.771666666666665,102.095,2.0933333333333333,5.126666666666667,22.846666666666668,4.633333333333333,14.283333333333333,,,True,True,True,True,True,True,True,True,True,True,True,True,True
2016-06-13,Chennai,43.00416666666666,,7.599166666666667,17.2125,18.530833333333334,101.7675,2.1166666666666667,5.153333333333333,21.038333333333334,4.331666666666667,13.741666666666667,,,True,True,True,True,True,True,True,True,True,True,True,True,True
2016-06-14,Chennai,43.16,,7.86,17.81,19.29,101.44,2.14,5.18,19.23,4.03,13.2,,,False,True,False,False,False,False,False,False,False,False,False,True,True
2016-06-15,Chennai,32.64,,6.53,15.81,18.03,104.67,2.17,4.07,33.41,3.42,9.54,92.0,Satisfactory,False,True,False,False,False,False,False,False,False,False,False,True,False
2016-06-16,Chennai,44.73,,5.98,13.57,13.72,56.86,2.64,3.67,36.19,2.25,8.49,94.0,Satisfactory,False,True,False,False,False,False,False,False,False,False,False,True,False
2016-06-17,Chennai,41.29,,5.87,13.78,15.08,22.77,2.13,5.04,28.24,3.85,13.88,102.0,Moderate,False,True,False,False,False,False,False,False,False,False,False,True,False
2016-06-18,Chennai,45.76,,4.25,11.62,12.34,64.44,1.92,4.48,33.51,2.77,7.45,100.0,Satisfactory,False,True,False,False,False,False,False,False,False,False,False,True,False
2016-06-19,Chennai,43.38,,3.55,9.81,11.04,46.66,1.81,4.05,49.08,2.27,6.14,100.0,Satisfactory,False,True,False,False,False,False,False,False,False,False,False,True,False
2016-06-20,Chennai,38.93,,3.54,8.44,8.32,47.63,2.08,3.32,47.71,1.43,4.01,89.0,Satisfactory,False,True,False,False,False,False,False,False,False,False,False,True,False
2016-06-21,Chennai,42.3,,5.01,15.62,22.91,52.97,1.49,3.08,37.87,2.1,8.79,89.0,Satisfactory,False,True,False,False,False,False,False,False,False,False,False,True,False
2016-06-22,Chennai,32.8,,2.98,11.31,12.63,64.51,1.47,4.76,31.72,2.76,15.67,83.0,Satisfactory,False,True,False,False,False,False,False,False,False,False,False,True,False
2016-06-23,Chennai,40.78,,7.28,12.82,14.79,66.11,0.92,3.72,22.67,2.62,9.42,70.0,Satisfactory,False,True,False,False,False,False,False,False,False,False,False,True,False
2016-06-24,Chennai,50.94,,6.76,10.78,15.77,69.97,0.71,4.1,27.66,3.48,11.29,71.0,Satisfactory,False,True,False,False,False,False,False,False,False,False,False,True,False
2016-06-25,Chennai,61.985,,9.54,14.454999999999998,14.865,84.61999999999999,0.44999999999999996,2.7699999999999996,29.19666666666667,3.526666666666667,13.346666666666666,117.0,Moderate,True,True,True,True,True,True,True,True,True,True,True,True,False
2016-06-26,Chennai,73.03,,12.32,18.13,13.96,99.27,0.19,1.44,30.733333333333334,3.5733333333333333,15.403333333333332,,,False,True,False,False,False,False,False,False,True,True,True,True,True
2016-06-27,Chennai,46.17,,9.37,17.56,18.92,59.75,1.0,3.05,32.27,3.62,17.46,,,False,True,False,False,False,False,False,False,False,False,False,True,True
2016-06-28,Chennai,60.36,,6.84,13.17,14.93,71.5,0.82,3.5,28.09,5.08,17.47,86.0,Satisfactory,False,True,False,False,False,False,False,False,False,False,False,True,False
2016-06-29,Chennai,42.8,,13.55,22.99,24.24,129.39,1.42,2.59,15.69,1.9,27.06,100.0,Satisfactory,False,True,False,False,False,False,False,False,False,False,False,True,False
2016-06-30,Chennai,109.5,,10.32,17.81,19.65,3.15,1.08,7.29,9.94,3.42,7.19,88.0,Satisfactory,False,True,False,False,False,False,False,False,False,False,False,True,False
2016-07-01,Chennai,45.6,,9.61,15.08,15.17,1.0,1.1,5.13,10.94,3.4,5.36,161.0,Moderate,False,True,False,False,False,False,False,False,False,False,False,True,False
2016-07-02,Chennai,47.91,,5.34,10.99,11.44,0.25,1.23,5.13,19.56,2.1,8.94,81.0,Satisfactory,False,True,False,False,False,False,False,False,False,False,False,True,False
2016-07-03,Chennai,30.43,,5.25,11.59,13.04,98.99,0.99,5.88,22.09,0.93,6.75,81.0,Satisfactory,False,True,False,False,False,False,False,False,False,False,False,True,False
2016-07-04,Chennai,96.65,,8.97,15.97,17.48,125.62,1.22,8.02,14.71,2.06,6.02,86.0,Satisfactory,False,True,False,False,False,False,False,False,False,False,False,True,False
2016-07-05,Chennai,196.81,,8.94,16.33,17.43,114.15,1.16,9.24,11.26,17.48,25.05,271.0,Poor,False,True,False,False,False,False,False,False,False,False,False,True,False
2016-07-06,Chennai,29.09,,6.61,13.53,15.39,80.3,1.06,3.8,16.99,0.96,4.96,162.0,Moderate,False,True,False,False,False,False,False,False,False,False,False,True,False
2016-07-07,Chennai,29.34,,7.61,13.49,14.83,110.92,1.43,3.55,4.46,1.03,6.4,91.0,Satisfactory,False,True,False,False,False,False,False,False,False,False,False,True,False
2016-07-08,Chennai,57.26,,7.37,18.17,21.14,119.6,1.37,3.23,10.57,1.35,5.81,104.0,Moderate,False,True,False,False,False,False,False,False,False,False,False,True,False
2016-07-09,Chennai,28.3,,8.09,15.79,17.74,70.58,0.93,3.05,11.86,0.94,4.3,103.0,Moderate,False,True,False,False,False,False,False,False,False,False,False,True,False
2016-07-10,Chennai,35.38,,6.37,13.72,13.71,105.19,1.03,2.41,16.17,0.98,4.11,74.0,Satisfactory,False,True,False,False,False,False,False,False,False,False,False,True,False
2016-07-11,Chennai,22.97,,6.36,14.02,14.67,108.89,2.15,2.17,10.79,0.5,1.82,129.0,Moderate,False,True,False,False,False,False,False,False,False,False,False,True,False
2016-07-12,Chennai,23.24,,6.48,15.75,15.93,139.21,0.97,2.34,28.11,0.89,5.14,58.0,Satisfactory,False,True,False,False,False,False,False,False,False,False,False,True,False
2016-07-13,Chennai,24.87,,6.12,14.94,16.54,21.15,0.85,3.32,27.45,0.99,5.2,69.0,Satisfactory,False,True,False,False,False,False,False,False,False,False,False,True,False
2016-07-14,Chennai,18.67,,7.51,16.61,18.51,48.19,0.98,5.0,15.02,1.97,5.6,66.0,Satisfactory,False,True,False,False,False,False,False,False,False,False,False,True,False
2016-07-15,Chennai,26.6,,5.68,14.83,16.51,90.42,0.96,3.53,39.34,1.78,4.67,70.0,Satisfactory,False,True,False,False,False,False,False,False,False,False,False,True,False
2016-07-16,Chennai,34.33,,5.24,15.03,17.44,61.58,0.85,3.92,35.13,1.21,3.85,69.0,Satisfactory,False,True,False,False,False,False,False,False,False,False,False,True,False
2016-07-17,Chennai,35.16,,4.3,12.35,14.67,112.0,0.83,3.58,36.1,1.13,3.94,70.0,Satisfactory,False,True,False,False,False,False,False,False,False,False,False,True,False
2016-07-18,Chennai,31.69,,5.18,12.95,15.08,175.57,0.86,4.06,25.9,1.43,4.58,71.0,Satisfactory,False,True,False,False,False,False,False,False,False,False,False,True,False
2016-07-19,Chennai,32.43,,9.66,16.81,17.54,143.2,3.09,5.57,8.82,1.48,5.43,125.0,Moderate,False,True,False,False,False,False,False,False,False,False,False,True,False
2016-07-20,Chennai,33.09,,8.36,16.36,18.57,128.0,1.13,4.3,8.77,1.91,7.78,87.0,Satisfactory,False,True,False,False,False,False,False,False,False,False,False,True,False
2016-07-21,Chennai,27.02,,17.68,19.78,18.94,62.94,1.63,5.5,7.23,2.72,12.2,59.0,Satisfactory,False,True,False,False,False,False,False,False,False,False,False,True,False
2016-07-22,Chennai,21.38,,7.13,15.05,16.48,95.12,1.17,4.81,12.6,2.44,3.76,,,False,True,False,False,False,False,False,False,False,False,False,True,True
2016-07-23,Chennai,29.69,,6.9,12.64,12.35,102.51,0.94,4.08,7.8,1.13,4.98,62.0,Satisfactory,False,True,False,False,False,False,False,False,False,False,False,True,False
2016-07-24,Chennai,59.34,,3.31,7.48,8.66,135.09,0.96,6.88,36.62,2.55,4.53,54.0,Satisfactory,False,True,False,False,False,False,False,False,False,False,False,True,False
2016-07-25,Chennai,30.71,,3.18,6.49,7.85,124.23,1.18,5.23,32.48,1.8599999999999999,3.3200000000000003,103.0,Moderate,False,True,False,False,False,False,False,False,True,True,True,True,False
2016-07-26,Chennai,23.58,,3.14,7.82,8.45,113.62,1.14,2.47,28.339999999999996,1.17,2.11,73.0,Satisfactory,False,True,False,False,False,False,False,False,True,True,True,True,False
2016-07-27,Chennai,24.43,,3.23,7.59,8.09,93.67,1.22,2.36,24.2,0.48,0.9,78.0,Satisfactory,False,True,False,False,False,False,False,False,False,False,False,True,False
2016-07-28,Chennai,42.82,,4.12,11.82,10.24,126.4,1.31,2.92,38.65,0.53,0.47,87.0,Satisfactory,False,True,False,False,False,False,False,False,False,False,False,True,False
2016-07-29,Chennai,28.51,,5.83,13.16,12.17,126.83,1.26,2.19,15.84,0.78,0.24,81.0,Satisfactory,False,True,False,False,False,False,False,False,False,False,False,True,False
2016-07-30,Chennai,34.01,,6.85,14.56,13.61,135.67,1.22,2.36,9.82,0.86,0.19,82.0,Satisfactory,False,True,False,False,False,False,False,False,False,False,False,True,False
2016-07-31,Chennai,32.41,,6.96,14.19,13.89,126.27,1.12,2.44,1.8,0.6,0.16,84.0,Satisfactory,False,True,False,False,False,False,False,False,False,False,False,True,False
2016-08-01,Chennai,32.88,,5.6,17.12,14.41,97.78,1.08,2.34,9.89,1.06,0.16,75.0,Satisfactory,False,True,False,False,False,False,False,False,False,False,False,True,False
2016-08-02,Chennai,34.8,,10.13,19.48,20.31,105.63,1.16,5.49,10.5,0.75,0.17,78.0,Satisfactory,False,True,False,False,False,False,False,False,False,False,False,True,False
2016-08-03,Chennai,40.39,,9.46,14.77,16.3,101.72,6.35,4.04,11.18,1.5,9.03,151.0,Moderate,False,True,False,False,False,False,False,False,False,False,False,True,False
2016-08-04,Chennai,32.44,,9.17,14.82,16.2,73.2,1.22,4.39,8.23,1.13,4.7,100.0,Satisfactory,False,True,False,False,False,False,False,False,False,False,False,True,False
2016-08-05,Chennai,30.54,,9.51,15.71,16.18,102.6,2.72,4.48,12.45,1.3,4.92,131.0,Moderate,False,True,False,False,False,False,False,False,False,False,False,True,False
2016-08-06,Chennai,32.54,,8.96,16.27,18.97,75.89,1.16,6.76,12.18,1.36,5.04,68.0,Satisfactory,False,True,False,False,False,False,False,False,False,False,False,True,False
2016-08-07,Chennai,37.71,,4.58,11.22,12.56,108.71,1.08,4.08,20.14,1.12,3.18,70.0,Satisfactory,False,True,False,False,False,False,False,False,False,False,False,True,False
2016-08-08,Chennai,40.69,,5.77,11.54,13.14,133.99,2.15,3.7,16.91,1.07,3.56,89.0,Satisfactory,False,True,False,False,False,False,False,False,False,False,False,True,False
2016-08-09,Chennai,40.85,,5.02,14.07,13.07,106.57,2.83,3.41,19.75,1.33,4.1,174.0,Moderate,False,True,False,False,False,False,False,False,False,False,False,True,False
2016-08-10,Chennai,35.23,,5.39,13.99,12.19,136.69,3.22,4.43,17.86,1.18,4.01,178.0,Moderate,False,True,False,False,False,False,False,False,False,False,False,True,False
2016-08-11,Chennai,33.51,,5.49,14.2,12.84,132.69,3.33,3.39,21.82,1.09,3.52,155.0,Moderate,False,True,False,False,False,False,False,False,False,False,False,True,False
2016-08-12,Chennai,29.11,,5.21,13.67,14.32,132.44893203883495,0.14,3.71,26.59,1.69,2.7,55.0,Satisfactory,False,True,False,False,False,True,False,False,False,False,False,True,False
2016-08-13,Chennai,30.94,,5.01,11.38,13.65,132.2078640776699,2.37,4.31,22.72,1.28,4.3,169.0,Moderate,False,True,False,False,False,True,False,False,False,False,False,True,False
2016-08-14,Chennai,29.48,,6.39,10.37,12.88,131.96679611650484,1.07,3.71,16.29,8.52,7.05,124.0,Moderate,False,True,False,False,False,True,False,False,False,False,False,True,False
2016-08-15,Chennai,25.42,,4.57,10.18,12.76,131.7257281553398,3.27,4.42,9.59,0.44,1.3,256.0,Poor,False,True,False,False,False,True,False,False,False,False,False,True,False
2016-08-16,Chennai,35.09,,8.5,14.66,15.88,131.48466019417475,1.28,3.82,13.97,1.14,2.31,126.0,Moderate,False,True,False,False,False,True,False,False,False,False,False,True,False
2016-08-17,Chennai,34.2,,10.18,15.89,17.57,131.2435922330097,1.05,4.58,16.96,1.0,2.51,125.0,Moderate,False,True,False,False,False,True,False,False,False,False,False,True,False
2016-08-18,Chennai,55.88,,6.08,10.79,12.13,131.00252427184466,0.79,4.05,32.5,0.91,2.16,111.0,Moderate,False,True,False,False,False,True,False,False,False,False,False,True,False
2016-08-19,Chennai,39.96,,5.51,10.7,12.09,130.76145631067962,0.26,3.83,38.19,0.75,2.0,129.0,Moderate,False,True,False,False,False,True,False,False,False,False,False,True,False
2016-08-20,Chennai,36.33,,2.81,7.08,10.04,130.52038834951455,0.02,5.09,44.87,0.64,0.74,83.0,Satisfactory,False,True,False,False,False,True,False,False,False,False,False,True,False
2016-08-21,Chennai,26.4,,2.09,6.75,10.66,130.2793203883495,1.21,6.07,58.95,1.92,0.46,199.0,Moderate,False,True,False,False,False,True,False,False,False,False,False,True,False
2016-08-22,Chennai,40.36,,3.88,8.62,11.43,130.03825242718446,0.05,4.49,44.53,0.84,2.03,74.0,Satisfactory,False,True,False,False,False,True,False,False,False,False,False,True,False
2016-08-23,Chennai,40.21,,4.64,10.09,12.58,129.79718446601942,0.76,4.38,49.73,1.03,3.35,139.0,Moderate,False,True,False,False,False,True,False,False,False,False,False,True,False
2016-08-24,Chennai,37.07,,5.09,10.49,12.71,129.55611650485437,1.52,4.46,46.6,1.06,3.11,167.0,Moderate,False,True,False,False,False,True,False,False,False,False,False,True,False
2016-08-25,Chennai,26.7,,6.36,11.22,12.31,129.31504854368933,1.21,5.12,20.89,0.73,2.43,142.0,Moderate,False,True,False,False,False,True,False,False,False,False,False,True,False
2016-08-26,Chennai,38.63,,7.76,13.13,14.95,,1.02,4.93,17.15,1.4,5.2,90.0,Satisfactory,False,True,False,False,False,True,False,False,False,False,False,True,False
2016-08-27,Chennai,32.14,,7.65,12.66,15.43,,0.95,5.16,10.76,1.31,4.27,188.0,Moderate,False,True,False,False,False,True,False,False,False,False,False,True,False
2016-08-28,Chennai,33.02,,6.36,10.42,12.78,,1.08,5.04,18.76,0.86,2.24,126.0,Moderate,False,True,False,False,False,True,False,False,False,False,False,True,False
2016-08-29,Chennai,38.11,,6.4,10.74,13.32,,3.65,5.04,17.52,1.05,3.17,172.0,Moderate,False,True,False,False,False,True,False,False,False,False,False,True,False
2016-08-30,Chennai,37.79,,6.85,12.86,17.74,,2.84,5.18,18.33,0.93,2.88,244.0,Poor,False,True,False,False,False,True,False,False,False,False,False,True,False
2016-08-31,Chennai,28.6,,7.66,15.15,18.18,,1.44,4.53,15.76,0.93,3.84,189.0,Moderate,False,True,False,False,False,True,False,False,False,False,False,True,False
2016-09-01,Chennai,30.82,,6.59,11.49,16.13,,2.64,4.37,27.96,0.7,2.33,160.0,Moderate,False,True,False,False,False,True,False,False,False,False,False,True,False
2016-09-02,Chennai,42.16,,5.93,13.37,17.33,,2.34,4.76,24.39,1.0,3.04,215.0,Poor,False,True,False,False,False,True,False,False,False,False,False,True,False
2016-09-03,Chennai,36.8,,9.64,12.5,16.49,,1.61,4.8,17.04,0.99,4.12,126.0,Moderate,False,True,False,False,False,True,False,False,False,False,False,True,False
2016-09-04,Chennai,31.97,,9.5,19.62,19.31,,2.08,4.62,22.33,0.84,3.07,227.0,Poor,False,True,False,False,False,True,False,False,False,False,False,True,False
2016-09-05,Chennai,23.6,,8.04,13.82,13.38,,0.98,6.12,11.94,0.17,0.77,172.0,Moderate,False,True,False,False,False,True,False,False,False,False,False,True,False
2016-09-06,Chennai,38.5,,5.16,14.8,15.38,,2.94,5.45,23.45,0.56,1.09,266.0,Poor,False,True,False,False,False,True,False,False,False,False,False,True,False
2016-09-07,Chennai,36.26,,8.34,18.66,19.73,,3.17,4.13,22.59,0.79,1.35,257.0,Poor,False,True,False,False,False,True,False,False,False,False,False,True,False
2016-09-08,Chennai,42.37,,4.37,15.42,16.21,,1.03,4.94,36.09,0.76,2.04,141.0,Moderate,False,True,False,False,False,True,False,False,False,False,False,True,False
2016-09-09,Chennai,38.87,,4.67,15.96,17.14,,3.01,3.97,48.12,1.13,2.29,228.0,Poor,False,True,False,False,False,True,False,False,False,False,False,True,False
2016-09-10,Chennai,43.96,,5.06,17.99,17.08,,0.61,3.64,26.37,1.72,4.24,171.0,Moderate,False,True,False,False,False,True,False,False,False,False,False,True,False
2016-09-11,Chennai,36.26,,4.52,20.14,14.8,,0.22,3.62,18.27,0.61,1.57,73.0,Satisfactory,False,True,False,False,False,True,False,False,False,False,False,True,False
2016-09-12,Chennai,41.33,,8.64,21.63,18.25,,0.79,3.7,8.2,2.63,5.11,120.0,Moderate,False,True,False,False,False,True,False,False,False,False,False,True,False
2016-09-13,Chennai,44.76,,8.78,23.06,19.29,,0.16,4.01,13.01,0.76,3.38,77.0,Satisfactory,False,True,False,False,False,True,False,False,False,False,False,True,False
2016-09-14,Chennai,33.01,,5.14,27.52,20.0,,1.13,3.82,16.61,0.83,4.84,92.0,Satisfactory,False,True,False,False,False,True,False,False,False,False,False,True,False
2016-09-15,Chennai,26.79,,4.36,22.55,17.28,,9.15,2.38,15.46,2.88,4.56,228.0,Poor,False,True,False,False,False,True,False,False,False,False,False,True,False
2016-09-16,Chennai,24.54,,2.96,19.16,14.28,,2.59,2.0,18.47,1.02,3.22,224.0,Poor,False,True,False,False,False,True,False,False,False,False,False,True,False
2016-09-17,Chennai,34.16,,4.38,20.6,16.09,,5.56,1.85,10.14,1.4,4.35,260.0,Poor,False,True,False,False,False,True,False,False,False,False,False,True,False
2016-09-18,Chennai,26.59,,2.81,17.15,12.52,,8.2,1.56,14.31,0.82,2.79,240.0,Poor,False,True,False,False,False,True,False,False,False,False,False,True,False
2016-09-19,Chennai,23.76,,2.95,16.71,11.49,,8.68,1.49,18.08,0.61,2.45,372.0,Very Poor,False,True,False,False,False,True,False,False,False,False,False,True,False
2016-09-20,Chennai,22.2,,11.67,34.72,25.65,,11.03,1.4,7.23,1.51,6.78,437.0,Severe,False,True,False,False,False,True,False,False,False,False,False,True,False
2016-09-21,Chennai,16.18,,9.32,36.8,24.9,,6.02,1.31,7.9,1.84,6.04,449.0,Severe,False,True,False,False,False,True,False,False,False,False,False,True,False
2016-09-22,Chennai,12.79,,6.26,26.79,17.74,,8.05,1.36,15.27,1.21,4.3,434.0,Severe,False,True,False,False,False,True,False,False,False,False,False,True,False
2016-09-23,Chennai,18.98,,8.64,24.09,18.04,,0.03,1.82,16.67,0.79,2.47,118.0,Moderate,False,True,False,False,False,True,False,False,False,False,False,True,False
2016-09-24,Chennai,18.35,,14.17,18.64,19.07,,0.09,4.42,38.43,0.69,0.91,30.0,Good,False,True,False,False,False,True,False,False,False,False,False,True,False
2016-09-25,Chennai,24.87,,13.67,18.02,18.4,,0.05,7.21,36.73,0.79,0.89,54.0,Satisfactory,False,True,False,False,False,True,False,False,False,False,False,True,False
2016-09-26,Chennai,33.32,,13.8,17.58,18.15,,0.07,2.51,39.31,0.48,0.75,94.0,Satisfactory,False,True,False,False,False,True,False,False,False,False,False,True,False
2016-09-27,Chennai,31.93,,14.65,19.07,19.56,,0.04,2.09,46.34,0.68,0.61,66.0,Satisfactory,False,True,False,False,False,True,False,False,False,False,False,True,False
2016-09-28,Chennai,45.71,,13.52,17.82,18.16,,0.04,2.27,50.13,0.39,0.79,70.0,Satisfactory,False,True,False,False,False,True,False,False,False,False,False,True,False
2016-09-29,Chennai,40.61,,13.79,18.28,18.61,,0.11,2.78,35.26,0.72,1.18,77.0,Satisfactory,False,True,False,False,False,True,False,False,False,False,False,True,False
2016-09-30,Chennai,38.14,,13.75,17.9,18.39,,0.17,2.9,33.94,0.66,0.97,70.0,Satisfactory,False,True,False,False,False,True,False,False,False,False,False,True,False
2016-10-01,Chennai,35.96,,13.61,17.62,18.16,,0.03,2.27,52.92,0.53,0.55,94.0,Satisfactory,False,True,False,False,False,True,False,False,False,False,False,True,False
2016-10-02,Chennai,34.504999999999995,,13.559999999999999,17.625,18.119999999999997,,0.0,2.385,34.015,0.87,0.0,136.0,Moderate,True,True,True,True,True,True,False,True,True,True,False,True,False
2016-10-03,Chennai,33.05,,13.51,17.63,18.08,,0.1,2.5,15.11,1.21,0.21,,,False,True,False,False,False,True,False,False,False,False,False,True,True
2016-10-04,Chennai,34.06,,11.91,20.15,17.38,,0.08,2.74,23.06,0.58,0.46,73.0,Satisfactory,False,True,False,False,False,True,False,False,False,False,False,True,False
2016-10-05,Chennai,29.14,,6.59,28.6,15.13,,0.1,1.93,35.81,0.53,0.77,78.0,Satisfactory,False,True,False,False,False,True,False,False,False,False,False,True,False
2016-10-06,Chennai,60.14,,6.54,28.53,15.06,,0.11,2.87,43.57,0.83,0.87,85.0,Satisfactory,False,True,False,False,False,True,False,False,False,False,False,True,False
2016-10-07,Chennai,51.01,,6.6,28.5,15.07,,0.19,2.57,32.88,0.73,1.94,118.0,Moderate,False,True,False,False,False,True,False,False,False,False,False,True,False
2016-10-08,Chennai,36.09,,6.64,28.48,15.11,,0.05,2.35,46.76,0.43,0.3,73.0,Satisfactory,False,True,False,False,False,True,False,False,False,False,False,True,False
2016-10-09,Chennai,38.46,,6.58,28.53,15.09,,0.0,2.47,39.59,0.42,0.16,66.0,Satisfactory,False,True,False,False,False,True,False,False,False,False,False,True,False
2016-10-10,Chennai,44.91,,6.56,28.53,15.08,,0.03,1.98,31.28,0.41,0.03,79.0,Satisfactory,False,True,False,False,False,True,False,False,False,False,False,True,False
2016-10-11,Chennai,32.16,,6.6,28.53,15.1,,0.02,2.64,28.41,0.44,0.13,66.0,Satisfactory,False,True,False,False,False,True,False,False,False,False,False,True,False
2016-10-12,Chennai,45.11,,6.6,28.54,15.11,,0.02,2.55,49.57,0.49,0.21,75.0,Satisfactory,False,True,False,False,False,True,False,False,False,False,False,True,False
2016-10-13,Chennai,81.45,,6.62,28.53,15.11,,0.06,2.1,49.08,0.5,0.31,131.0,Moderate,False,True,False,False,False,True,False,False,False,False,False,True,False
2016-10-14,Chennai,60.89,,6.57,28.46,15.05,,0.06,16.0,63.32,0.63,0.26,180.0,Moderate,False,True,False,False,False,True,False,False,False,False,False,True,False
2016-10-15,Chennai,62.96,,6.62,28.47,15.09,,0.01,3.07,55.5,0.6,0.41,124.0,Moderate,False,True,False,False,False,True,False,False,False,False,False,True,False
2016-10-16,Chennai,60.19,,6.61,28.48,15.09,,0.03,2.14,58.43,0.55,0.25,125.0,Moderate,False,True,False,False,False,True,False,False,False,False,False,True,False
2016-10-17,Chennai,66.69,,6.69,28.46,15.14,,0.45,2.29,61.2,0.49,0.38,197.0,Moderate,False,True,False,False,False,True,False,False,False,False,False,True,False
2016-10-18,Chennai,78.52,,6.67,28.42,15.1,,0.13,4.36,69.64,0.67,0.86,167.0,Moderate,False,True,False,False,False,True,False,False,False,False,False,True,False
2016-10-19,Chennai,63.07,,6.62,28.5,15.1,,0.08,26.16,72.0,0.74,1.69,187.0,Moderate,False,True,False,False,False,True,False,False,False,False,False,True,False
2016-10-20,Chennai,80.58,,6.64,28.56,15.15,,0.03,4.66,8.36,0.48,0.48,130.0,Moderate,False,True,False,False,False,True,False,False,False,False,False,True,False
2016-10-21,Chennai,73.75,,6.56,28.44,15.04,,0.26,13.26,79.47,0.17,0.67,170.0,Moderate,False,True,False,False,False,True,False,False,False,False,False,True,False
2016-10-22,Chennai,80.18,,6.62,28.49,15.1,,0.21,11.65,65.42,3.88,4.57,183.0,Moderate,False,True,False,False,False,True,False,False,False,False,False,True,False
2016-10-23,Chennai,87.04,,6.61,28.5,15.1,,0.15,13.75,63.2,1.99,4.42,208.0,Poor,False,True,False,False,False,True,False,False,False,False,False,True,False
2016-10-24,Chennai,81.0,,6.61,28.49,15.09,,0.21,19.65,61.0,1.88,4.2,200.0,Moderate,False,True,False,False,False,True,False,False,False,False,False,True,False
2016-10-25,Chennai,85.73,,6.65,28.51,15.13,,0.34,19.95,52.22,2.4,9.24,187.0,Moderate,False,True,False,False,False,True,False,False,False,False,False,True,False
2016-10-26,Chennai,92.64,,6.37,26.51,14.45,,0.27,20.69,49.15,3.21,9.9,202.0,Poor,False,True,False,False,False,True,False,False,False,False,False,True,False
2016-10-27,Chennai,98.0,,6.84,13.5,11.11,,0.1,5.46,62.24,1.65,6.03,215.0,Poor,False,True,False,False,False,True,False,False,False,False,False,True,False
2016-10-28,Chennai,132.38,,4.37,17.75,14.14,,1.44,14.2,50.72,1.58,4.23,370.0,Very Poor,False,True,False,False,False,True,False,False,False,False,False,True,False
2016-10-29,Chennai,114.08,,6.03,12.53,14.22,,0.2,7.4,52.28,0.83,0.36,298.0,Poor,False,True,False,False,False,True,False,False,False,False,False,True,False
2016-10-30,Chennai,67.86,,3.7,12.52,11.24,,0.11,4.77,25.71,0.5,0.77,168.0,Moderate,False,True,False,False,False,True,False,False,False,False,False,True,False
2016-10-31,Chennai,49.57,,6.02,15.05,14.15,,0.02,4.68,10.23,0.2,0.57,130.0,Moderate,False,True,False,False,False,True,False,False,False,False,False,True,False
2016-11-01,Chennai,52.28,,3.84,16.64,11.9,,0.12,7.14,10.94,0.37,0.85,87.0,Satisfactory,False,True,False,False,False,True,False,False,False,False,False,True,False
2016-11-02,Chennai,47.86,,5.25,16.53,13.89,,0.12,3.04,4.38,0.7,0.6,80.0,Satisfactory,False,True,False,False,False,True,False,False,False,False,False,True,False
2016-11-03,Chennai,35.54,,4.93,24.26,19.27,,0.15,2.59,7.28,0.74,0.68,75.0,Satisfactory,False,True,False,False,False,True,False,False,False,False,False,True,False
2016-11-04,Chennai,57.22,,3.76,15.53,10.05,,0.13,3.73,20.63,0.57,1.33,87.0,Satisfactory,False,True,False,False,False,True,False,False,False,False,False,True,False
2016-11-05,Chennai,66.29,,3.89,14.44,8.29,,0.14,4.27,44.96,1.84,1.46,110.0,Moderate,False,True,False,False,False,True,False,False,False,False,False,True,False
2016-11-06,Chennai,80.11,,5.59,15.08,10.03,,0.14,4.24,51.61,0.35,1.93,177.0,Moderate,False,True,False,False,False,True,False,False,False,False,False,True,False
2016-11-07,Chennai,71.86,,5.05,14.88,9.54,,0.06,2.29,32.83,0.42,1.0,133.0,Moderate,False,True,False,False,False,True,False,False,False,False,False,True,False
2016-11-08,Chennai,80.49,,5.35,15.49,10.07,,0.02,5.78,42.53,0.52,0.84,166.0,Moderate,False,True,False,False,False,True,False,False,False,False,False,True,False
2016-11-09,Chennai,83.26,,4.7,17.31,10.45,,0.02,7.74,53.12,0.18,0.48,160.0,Moderate,False,True,False,False,False,True,False,False,False,False,False,True,False
2016-11-10,Chennai,71.16,,4.79,15.26,9.51,,0.0,6.87,60.63,0.51,0.56,165.0,Moderate,False,True,False,False,False,True,False,False,False,False,False,True,False
2016-11-11,Chennai,76.21,,3.91,13.7,8.11,,0.02,3.43,56.87,0.31,0.46,148.0,Moderate,False,True,False,False,False,True,False,False,False,False,False,True,False
2016-11-12,Chennai,82.67,,4.28,15.23,9.11,,0.0,9.39,41.55,0.24,0.15,164.0,Moderate,False,True,False,False,False,True,False,False,False,False,False,True,False
2016-11-13,Chennai,42.54,,3.48,13.79,6.35,,0.02,1.67,27.37,0.34,0.03,117.0,Moderate,False,True,False,False,False,True,False,False,False,False,False,True,False
2016-11-14,Chennai,29.08,,5.95,22.4,14.55,,0.02,1.48,5.6,0.27,0.21,57.0,Satisfactory,False,True,False,False,False,True,True,False,False,False,False,True,False
2016-11-15,Chennai,34.55,,6.4,23.17,15.26,,0.02,1.5,5.94,0.15,0.32,49.0,Good,False,True,False,False,False,True,True,False,False,False,False,True,False
2016-11-16,Chennai,55.67,,4.61,26.7,15.66,,0.02,2.26,33.85,0.24,0.37,81.0,Satisfactory,False,True,False,False,False,True,True,False,False,False,False,True,False
2016-11-17,Chennai,66.57,,4.09,26.41,15.13,,0.02,1.87,72.89,0.09,0.11,113.0,Moderate,False,True,False,False,False,True,True,False,False,False,False,True,False
2016-11-18,Chennai,62.58,,4.05,29.62,16.66,,0.02,5.8,54.3,0.18,0.12,109.0,Moderate,False,True,False,False,False,True,True,False,False,False,False,True,False
2016-11-19,Chennai,71.55,,4.15,30.81,17.31,,0.02,5.66,56.87,0.22,0.23,135.0,Moderate,False,True,False,False,False,True,True,False,False,False,False,True,False
2016-11-20,Chennai,58.21,,5.05,30.99,18.07,,0.02,6.52,43.66,0.28,0.37,113.0,Moderate,False,True,False,False,False,True,False,False,False,False,False,True,False
2016-11-21,Chennai,63.87,,4.2,29.83,16.87,,0.02,4.95,38.81,0.31,0.09,110.0,Moderate,False,True,False,False,False,True,False,False,False,False,False,True,False
2016-11-22,Chennai,83.29,,3.97,30.5,17.03,,0.0,3.0,46.65,0.1,0.1,132.0,Moderate,False,True,False,False,False,True,False,False,False,False,False,True,False
2016-11-23,Chennai,88.08,,4.79,31.32,18.05,,0.07,6.04,56.6,0.21,0.34,200.0,Moderate,False,True,False,False,False,True,False,False,False,False,False,True,False
2016-11-24,Chennai,91.49,,6.16,34.32,20.87,,0.41,10.34,44.08,0.17,1.11,199.0,Moderate,False,True,False,False,False,True,False,False,False,False,False,True,False
2016-11-25,Chennai,93.71,,4.4,32.16,18.27,,0.08,8.1,59.17,0.26,0.28,224.0,Poor,False,True,False,False,False,True,False,False,False,False,False,True,False
2016-11-26,Chennai,82.55,,6.37,33.89,20.48,,0.19,3.95,40.86,0.26,0.41,195.0,Moderate,False,True,False,False,False,True,False,False,False,False,False,True,False
2016-11-27,Chennai,101.77,,6.83,33.63,20.69,,0.16,4.6,51.78,0.31,0.67,216.0,Poor,False,True,False,False,False,True,False,False,False,False,False,True,False
2016-11-28,Chennai,92.41,,7.76,33.46,21.3,,0.08,3.64,38.11,0.42,0.38,216.0,Poor,False,True,False,False,False,True,False,False,False,False,False,True,False
2016-11-29,Chennai,91.15,,5.66,31.0,18.54,,0.02,4.13,29.57,0.26,0.21,210.0,Poor,False,True,False,False,False,True,False,False,False,False,False,True,False
2016-11-30,Chennai,94.8,,6.22,30.87,18.9,,0.02,3.05,43.63,0.21,0.1,200.0,Moderate,False,True,False,False,False,True,False,False,False,False,False,True,False
2016-12-01,Chennai,74.73,,4.26,27.91,15.98,,0.04,2.65,41.61,0.22,0.16,188.0,Moderate,False,True,False,False,False,True,False,False,False,False,False,True,False
2016-12-02,Chennai,43.52,,4.68,25.73,15.24,,0.03,2.36,25.3,0.14,0.22,97.0,Satisfactory,False,True,False,False,False,True,False,False,False,False,False,True,False
2016-12-03,Chennai,27.93,,8.83,29.57,20.21,,0.23,2.29,10.34,0.18,0.58,69.0,Satisfactory,False,True,False,False,False,True,False,False,False,False,False,True,False
2016-12-04,Chennai,45.98,,9.6,27.02,19.54,,0.06,2.42,4.59,0.21,0.95,81.0,Satisfactory,False,True,False,False,False,True,False,False,False,False,False,True,False
2016-12-05,Chennai,45.48,,5.4,26.49,16.14,,0.12,2.37,31.59,0.2,0.2,68.0,Satisfactory,False,True,False,False,False,True,False,False,False,False,False,True,False
2016-12-06,Chennai,54.12,,2.28,22.87,12.02,,0.07,3.32,49.83,0.21,0.03,101.0,Moderate,False,True,False,False,False,True,False,False,False,False,False,True,False
2016-12-07,Chennai,48.91,,3.77,27.47,15.39,,0.02,2.86,19.72,0.19,0.02,78.0,Satisfactory,False,True,False,False,False,True,False,False,False,False,False,True,False
2016-12-08,Chennai,59.74,,6.39,32.39,19.76,,0.12,2.74,23.28,0.3,0.08,94.0,Satisfactory,False,True,False,False,False,True,False,False,False,False,False,True,False
2016-12-09,Chennai,80.55,,8.38,36.42,23.21,,0.13,3.49,34.87,0.3,0.26,134.0,Moderate,False,True,False,False,False,True,False,False,False,False,False,True,False
2016-12-10,Chennai,84.69,,4.67,33.14,18.84,,0.12,9.78,59.52,0.16,0.04,182.0,Moderate,False,True,False,False,False,True,False,False,False,False,False,True,False
2016-12-11,Chennai,77.14,,3.5,22.48,13.33,,0.03,7.25,62.12,0.07,0.04,175.0,Moderate,False,True,False,False,False,True,False,False,False,False,False,True,False
2016-12-12,Chennai,51.17,,2.46,5.5,4.92,,0.07,2.49,46.57,0.08,0.0,107.0,Moderate,False,True,False,False,False,True,False,False,False,False,False,True,False
2016-12-13,Chennai,51.86333333333334,,2.666111111111111,6.519444444444445,5.576666666666666,,0.061250000000000006,2.5772222222222223,46.18222222222222,0.07,0.0,86.0,Satisfactory,True,True,True,True,True,True,True,True,True,True,True,True,False
2016-12-14,Chennai,52.556666666666665,,2.8722222222222222,7.53888888888889,6.233333333333333,,0.052500000000000005,2.6644444444444444,45.794444444444444,0.06,0.0,,,True,True,True,True,True,True,True,True,True,True,True,True,True
2016-12-15,Chennai,53.25,,3.078333333333333,8.558333333333334,6.89,,0.043750000000000004,2.751666666666667,45.406666666666666,0.05,0.0,,,True,True,True,True,True,True,True,True,True,True,True,True,True
2016-12-16,Chennai,53.943333333333335,,3.2844444444444445,9.57777777777778,7.546666666666667,,0.035,2.838888888888889,45.01888888888889,0.04,0.0,,,True,True,True,True,True,True,True,True,True,True,True,True,True
2016-12-17,Chennai,54.63666666666667,,3.490555555555556,10.597222222222221,8.203333333333333,,0.026250000000000002,2.926111111111111,44.63111111111111,0.030000000000000006,0.0,,,True,True,True,True,True,True,True,True,True,True,True,True,True
2016-12-18,Chennai,55.33,,3.6966666666666668,11.616666666666667,8.86,,0.0175,3.013333333333333,44.24333333333333,0.020000000000000004,0.0,,,True,True,True,True,True,True,True,True,True,True,True,True,True
2016-12-19,Chennai,56.02333333333333,,3.9027777777777777,12.636111111111111,9.516666666666666,,0.00875,3.1005555555555553,43.855555555555554,0.010000000000000009,0.0,,,True,True,True,True,True,True,True,True,True,True,True,True,True
2016-12-20,Chennai,56.71666666666667,,4.108888888888889,13.655555555555557,10.173333333333332,,0.0,3.187777777777778,43.46777777777778,0.0,0.0,,,True,True,True,True,True,True,False,True,True,False,False,True,True
2016-12-21,Chennai,57.41,,4.3149999999999995,14.675,10.829999999999998,,0.007,3.275,43.080000000000005,0.019,0.009,,,True,True,True,True,True,True,True,True,True,True,True,True,True
2016-12-22,Chennai,58.10333333333333,,4.521111111111111,15.694444444444445,11.486666666666665,,0.014,3.362222222222222,42.69222222222223,0.038,0.018,,,True,True,True,True,True,True,True,True,True,True,True,True,True
2016-12-23,Chennai,58.79666666666667,,4.727222222222222,16.71388888888889,12.143333333333333,,0.021,3.449444444444444,42.30444444444445,0.057,0.027,,,True,True,True,True,True,True,True,True,True,True,True,True,True
2016-12-24,Chennai,59.489999999999995,,4.933333333333334,17.733333333333334,12.799999999999999,,0.028,3.536666666666666,41.91666666666667,0.076,0.036,,,True,True,True,True,True,True,True,True,True,True,True,True,True
2016-12-25,Chennai,60.18333333333333,,5.139444444444445,18.75277777777778,13.456666666666665,,0.035,3.6238888888888887,41.52888888888889,0.095,0.045,,,True,True,True,True,True,True,True,True,True,True,True,True,True
2016-12-26,Chennai,60.876666666666665,,5.345555555555556,19.772222222222222,14.113333333333332,,0.042,3.711111111111111,41.141111111111115,0.114,0.054,,,True,True,True,True,True,True,True,True,True,True,True,True,True
2016-12-27,Chennai,,,,,,,0.049,,,0.133,0.063,,,True,True,True,True,True,True,True,True,True,True,True,True,True
2016-12-28,Chennai,,,,,,,0.056,,,0.152,0.072,,,True,True,True,True,True,True,True,True,True,True,True,True,True
2016-12-29,Chennai,,,,,,,0.063,,,0.171,0.081,,,True,True,True,True,True,True,True,True,True,True,True,True,True
2016-12-30,Chennai,63.65,,6.17,23.85,16.74,,0.07,4.06,39.59,0.19,0.09,,,False,True,False,False,False,True,False,False,False,False,False,True,True
2016-12-31,Chennai,84.04,,9.22,23.72,18.96,,0.25,9.19,21.42,0.21,0.08,174.0,Moderate,False,True,False,False,False,True,False,False,False,False,False,True,False
2017-01-01,Chennai,44.56,,6.62,15.04,12.78,,0.18,5.8,19.33,0.21,0.12,118.0,Moderate,False,True,False,False,False,True,False,False,False,False,False,True,False
2017-01-02,Chennai,40.9,,7.54,15.23,13.56,,0.17,5.64,15.18,0.09,0.05,64.0,Satisfactory,False,True,False,False,False,True,False,False,False,False,False,True,False
2017-01-03,Chennai,42.31,,7.9,15.52,13.97,,0.19,8.66,17.92,0.14,0.04,74.0,Satisfactory,False,True,False,False,False,True,False,False,False,False,False,True,False
2017-01-04,Chennai,41.5,,6.73,15.71,13.19,,0.13,10.39,19.77,0.26,0.06,68.0,Satisfactory,False,True,False,False,False,True,False,False,False,False,False,True,False
2017-01-05,Chennai,72.86,,6.61,17.11,13.79,,0.0,10.44,29.9,0.21,0.02,104.0,Moderate,False,True,False,False,False,True,False,False,False,False,False,True,False
2017-01-06,Chennai,82.48,,7.68,16.63,14.35,,0.0,5.14,34.23,0.19,0.1,171.0,Moderate,False,True,False,False,False,True,False,False,False,False,False,True,False
2017-01-07,Chennai,58.09,,5.08,13.26,10.76,,0.01,2.81,56.37,0.2,0.03,135.0,Moderate,False,True,False,False,False,True,False,False,False,False,False,True,False
2017-01-08,Chennai,50.17,,6.68,13.73,12.18,,0.07,2.92,82.71,0.1,0.06,110.0,Moderate,False,True,False,False,False,True,False,False,False,False,False,True,False
2017-01-09,Chennai,44.1,,6.57,16.07,13.24,,0.0,5.82,61.87,0.08,0.0,105.0,Moderate,False,True,False,False,False,True,False,False,False,False,False,True,False
2017-01-10,Chennai,293.43,,5.6,14.74,11.86,,0.0,3.48,30.96,0.24,0.04,332.0,Very Poor,False,True,False,False,False,True,False,False,False,False,False,True,False
2017-01-11,Chennai,55.2,,5.8,13.75,11.53,,0.03,7.82,41.83,0.34,0.0,244.0,Poor,False,True,False,False,False,True,False,False,False,False,False,True,False
2017-01-12,Chennai,169.75,,6.86,14.92,12.9,,0.0,2.92,31.82,0.23,0.02,246.0,Poor,False,True,False,False,False,True,False,False,False,False,False,True,False
2017-01-13,Chennai,144.02,,6.29,15.81,12.91,,0.04,3.24,29.88,0.75,0.03,360.0,Very Poor,False,True,False,False,False,True,False,False,False,False,False,True,False
2017-01-14,Chennai,69.97,,6.35,13.38,11.75,,0.1,2.81,46.92,0.28,0.02,146.0,Moderate,False,True,False,False,False,True,False,False,False,False,False,True,False
2017-01-15,Chennai,55.97,,3.52,9.54,7.77,,0.01,4.56,48.59,0.26,0.02,103.0,Moderate,False,True,False,False,False,True,False,False,False,False,False,True,False
2017-01-16,Chennai,62.53,,4.78,12.92,10.37,,0.0,3.21,47.77,0.34,0.08,103.0,Moderate,False,True,False,False,False,True,False,False,False,False,False,True,False
2017-01-17,Chennai,80.76,,5.57,16.2,12.54,,0.0,5.18,49.91,0.07,0.02,137.0,Moderate,False,True,False,False,False,True,False,False,False,False,False,True,False
2017-01-18,Chennai,55.43,,4.96,14.99,11.5,,0.12,4.73,37.5,0.24,0.02,142.0,Moderate,False,True,False,False,False,True,False,False,False,False,False,True,False
2017-01-19,Chennai,50.27,,6.76,14.4,12.56,,0.12,2.01,43.31,0.18,0.02,76.0,Satisfactory,False,True,False,False,False,True,False,False,False,False,False,True,False
2017-01-20,Chennai,64.06,,3.71,13.88,10.03,,0.11599999999999999,5.13,36.56,0.18,0.02,107.0,Moderate,False,True,False,False,False,True,True,False,False,False,False,True,False
2017-01-21,Chennai,36.85,,6.34,14.24,12.18,,0.112,2.54,46.12,0.1,0.03,86.0,Satisfactory,False,True,False,False,False,True,True,False,False,False,False,True,False
2017-01-22,Chennai,57.05,,5.71,14.83,11.99,,0.108,4.99,49.79,0.09,0.07,78.0,Satisfactory,False,True,False,False,False,True,True,False,False,False,False,True,False
2017-01-23,Chennai,73.27,,5.09,15.47,11.83,,0.10400000000000001,14.79,48.57,0.05,0.04,117.0,Moderate,False,True,False,False,False,True,True,False,False,False,False,True,False
2017-01-24,Chennai,56.51,,5.66,15.95,12.48,,0.1,5.13,54.72,0.16,0.06,125.0,Moderate,False,True,False,False,False,True,False,False,False,False,False,True,False
2017-01-25,Chennai,66.54,,3.93,13.26,9.88,,0.08714285714285715,2.74,68.4,0.08,0.0,111.0,Moderate,False,True,False,False,False,True,True,False,False,False,False,True,False
2017-01-26,Chennai,43.6,,4.33,11.25,9.2,,0.07428571428571429,2.79,48.16,0.14,0.05,104.0,Moderate,False,True,False,False,False,True,True,False,False,False,False,True,False
2017-01-27,Chennai,36.16,,4.98,10.03,9.11,,0.06142857142857143,1.78,15.93,0.16,0.06,68.0,Satisfactory,False,True,False,False,False,True,True,False,False,False,False,True,False
2017-01-28,Chennai,21.64,,5.13,8.15,8.3,,0.04857142857142857,1.76,11.14,0.04,0.08,44.0,Good,False,True,False,False,False,True,True,False,False,False,False,True,False
2017-01-29,Chennai,36.77,,6.95,11.8,11.44,,0.03571428571428571,2.08,9.38,0.03,0.05,51.0,Satisfactory,False,True,False,False,False,True,True,False,False,False,False,True,False
2017-01-30,Chennai,38.73,,6.33,11.02,10.61,,0.022857142857142854,3.18,18.32,0.08,0.0,58.0,Satisfactory,False,True,False,False,False,True,True,False,False,False,False,True,False
2017-01-31,Chennai,100.68,,3.15,9.77,7.61,,0.01,2.52,39.08,0.12,0.0,70.0,Satisfactory,False,True,False,False,False,True,False,False,False,False,False,True,False
2017-02-01,Chennai,45.13,,8.63,15.97,14.73,,0.04,4.57,28.68,0.21,0.16,130.0,Moderate,False,True,False,False,False,True,False,False,False,False,False,True,False
2017-02-02,Chennai,52.59,,8.83,16.78,15.28,,0.1,2.89,28.39,0.25,0.07,89.0,Satisfactory,False,True,False,False,False,True,False,False,False,False,False,True,False
2017-02-03,Chennai,50.38,,7.52,17.14,14.48,,0.16,3.39,27.27,0.17,0.02,81.0,Satisfactory,False,True,False,False,False,True,False,False,False,False,False,True,False
2017-02-04,Chennai,67.15,,8.24,16.29,14.6,,0.03,3.89,39.87,0.14,0.12,105.0,Moderate,False,True,False,False,False,True,False,False,False,False,False,True,False
2017-02-05,Chennai,77.17,,7.25,14.91,13.19,,0.05,4.05,39.5,0.25,0.06,149.0,Moderate,False,True,False,False,False,True,False,False,False,False,False,True,False
2017-02-06,Chennai,72.94,,7.25,17.57,14.49,,0.02,4.3,36.86,0.29,0.02,148.0,Moderate,False,True,False,False,False,True,False,False,False,False,False,True,False
2017-02-07,Chennai,83.86,,9.0,19.87,16.92,,0.04,5.84,46.22,0.18,0.03,166.0,Moderate,False,True,False,False,False,True,False,False,False,False,False,True,False
2017-02-08,Chennai,80.59,,8.97,20.01,16.96,,0.03,3.62,37.86,0.19,0.05,183.0,Moderate,False,True,False,False,False,True,False,False,False,False,False,True,False
2017-02-09,Chennai,91.75,,8.27,18.12,15.51,,0.0375,3.88,43.21,0.23,0.08,183.0,Moderate,False,True,False,False,False,True,True,False,False,False,False,True,False
2017-02-10,Chennai,89.0,,8.11,18.46,15.55,,0.045,4.36,37.69,0.14,0.03,217.0,Poor,False,True,False,False,False,True,True,False,False,False,False,True,False
2017-02-11,Chennai,84.05,,8.82,16.24,15.01,,0.0525,4.06,29.51,0.14,0.02,186.0,Moderate,False,True,False,False,False,True,True,False,False,False,False,True,False
2017-02-12,Chennai,56.6,,5.56,11.82,10.42,,0.06,3.51,39.34,0.04,0.09,126.0,Moderate,False,True,False,False,False,True,False,False,False,False,False,True,False
2017-02-13,Chennai,54.94,,6.57,13.42,11.96,,0.17,3.6,23.36,0.05,0.0,89.0,Satisfactory,False,True,False,False,False,True,False,False,False,False,False,True,False
2017-02-14,Chennai,45.2,,5.27,11.63,10.12,,0.3,2.15,46.81,0.02,0.0,80.0,Satisfactory,False,True,False,False,False,True,False,False,False,False,False,True,False
2017-02-15,Chennai,63.51,,6.44,14.78,12.52,,0.22,3.45,43.83,0.07,0.02,95.0,Satisfactory,False,True,False,False,False,True,False,False,False,False,False,True,False
2017-02-16,Chennai,63.42,,6.53,14.29,12.31,,0.09,2.54,63.2,0.1,0.06,125.0,Moderate,False,True,False,False,False,True,False,False,False,False,False,True,False
2017-02-17,Chennai,77.03,,6.43,14.45,12.35,,0.03,2.97,62.53,0.05,0.0,141.0,Moderate,False,True,False,False,False,True,False,False,False,False,False,True,False
2017-02-18,Chennai,71.15,,10.01,18.02,16.77,,0.0,2.84,40.78,0.12,0.0,151.0,Moderate,False,True,False,False,False,True,False,False,False,False,False,True,False
2017-02-19,Chennai,71.72,,9.26,15.74,15.09,,0.0,4.2,37.49,0.19,0.26,142.0,Moderate,False,True,False,False,False,True,False,False,False,False,False,True,False
2017-02-20,Chennai,50.86,,6.18,13.46,11.68,,0.03,2.6,36.87,0.05,0.15,116.0,Moderate,False,True,False,False,False,True,False,False,False,False,False,True,False
2017-02-21,Chennai,51.46,,4.63,12.75,10.18,,0.01,3.32,33.87,0.08,0.03,88.0,Satisfactory,False,True,False,False,False,True,False,False,False,False,False,True,False
2017-02-22,Chennai,56.59,,5.82,12.53,10.96,,0.0,3.97,25.89,0.04,0.12,92.0,Satisfactory,False,True,False,False,False,True,False,False,False,False,False,True,False
2017-02-23,Chennai,42.42,,6.73,12.56,11.66,,0.07,3.83,20.3,0.04,0.15,76.0,Satisfactory,False,True,False,False,False,True,False,False,False,False,False,True,False
2017-02-24,Chennai,45.27,,8.76,14.29,14.01,,0.0,4.05,14.13,0.05,0.1,80.0,Satisfactory,False,True,False,False,False,True,False,False,False,False,False,True,False
2017-02-25,Chennai,37.91,,7.78,12.73,12.52,,0.04,4.08,18.29,0.05,0.12,69.0,Satisfactory,False,True,False,False,False,True,False,False,False,False,False,True,False
2017-02-26,Chennai,44.1,,6.67,9.6,10.17,,0.0,4.42,18.06,0.11,0.14,65.0,Satisfactory,False,True,False,False,False,True,False,False,False,False,False,True,False
2017-02-27,Chennai,59.53,,5.22,6.09,7.38,,0.01,4.48,19.94,0.09,0.22,90.0,Satisfactory,False,True,False,False,False,True,False,False,False,False,False,True,False
2017-02-28,Chennai,65.96,,5.92,9.97,10.2,,0.23,6.25,27.15,0.02,0.13,108.0,Moderate,False,True,False,False,False,True,False,False,False,False,False,True,False
2017-03-01,Chennai,82.44,,7.78,17.92,20.16,,0.27,7.02,54.36,0.11,0.05,157.0,Moderate,False,True,False,False,False,True,False,False,False,False,False,True,False
2017-03-02,Chennai,72.86,,7.36,19.0,20.36,,0.13,6.2,35.08,0.06,0.08,152.0,Moderate,False,True,False,False,False,True,False,False,False,False,False,True,False
2017-03-03,Chennai,63.96,,4.15,18.78,17.8,,0.13,6.28,41.66,0.18,0.0,123.0,Moderate,False,True,False,False,False,True,False,False,False,False,False,True,False
2017-03-04,Chennai,40.43,,2.74,15.6,15.19,,0.03,2.49,11.6,0.16,0.02,93.0,Satisfactory,False,True,False,False,False,True,False,False,False,False,False,True,False
2017-03-05,Chennai,34.07,,1.87,14.71,14.07,,0.0,2.58,13.06,0.08,0.02,52.0,Satisfactory,False,True,False,False,False,True,False,False,False,False,False,True,False
2017-03-06,Chennai,36.92,,2.82,15.3,15.2,,0.02,2.13,12.59,5.84,2.79,59.0,Satisfactory,False,True,False,False,False,True,False,False,False,False,False,True,False
2017-03-07,Chennai,36.88,,2.89,14.1,14.65,,0.0,2.17,9.91,0.04,0.02,65.0,Satisfactory,False,True,False,False,False,True,False,False,False,False,False,True,False
2017-03-08,Chennai,62.57,,2.25,10.28,8.98,,0.0,2.05,9.11,0.06,0.02,78.0,Satisfactory,False,True,False,False,False,True,False,False,False,False,False,True,False
2017-03-09,Chennai,31.34,,2.43,7.39,4.86,,0.03,1.92,6.85,0.06,0.02,93.0,Satisfactory,False,True,False,False,False,True,False,False,False,False,False,True,False
2017-03-10,Chennai,227.17,,2.78,8.0,5.32,,0.03,2.19,13.3,0.12,0.03,148.0,Moderate,False,True,False,False,False,True,True,False,False,False,False,True,False
2017-03-11,Chennai,62.95,,3.46,9.71,6.56,,0.03,3.08,31.65,0.04,0.02,348.0,Very Poor,False,True,False,False,False,True,True,False,False,False,False,True,False
2017-03-12,Chennai,33.53,,2.76,8.75,5.57,,0.03,2.53,28.07,0.04,0.05,63.0,Satisfactory,False,True,False,False,False,True,True,False,False,False,False,True,False
2017-03-13,Chennai,23.54,,3.78,9.82,6.87,,0.03,3.12,23.97,0.16,0.05,52.0,Satisfactory,False,True,False,False,False,True,True,False,False,False,False,True,False
2017-03-14,Chennai,29.17,,4.09,8.27,6.34,,0.03,3.18,16.7,0.11,0.0,43.0,Good,False,True,False,False,False,True,False,False,False,False,False,True,False
2017-03-15,Chennai,53.27,,5.83,8.95,8.04,,0.01,2.9,10.8,0.14,0.03,80.0,Satisfactory,False,True,False,False,False,True,False,False,False,False,False,True,False
2017-03-16,Chennai,286.08,,4.37,10.59,7.75,,0.0,2.49,13.35,0.2,0.0,350.0,Very Poor,False,True,False,False,False,True,False,False,False,False,False,True,False
2017-03-17,Chennai,37.43,,3.86,10.9,7.5,,0.0,3.32,21.35,0.05,0.03,197.0,Moderate,False,True,False,False,False,True,False,False,False,False,False,True,False
2017-03-18,Chennai,26.43,,2.53,10.84,6.29,,0.06,5.55,31.85,0.13,0.0,87.0,Satisfactory,False,True,False,False,False,True,False,False,False,False,False,True,False
2017-03-19,Chennai,88.83,,2.04,10.79,6.11,,0.01,4.13,35.43,0.05,0.02,110.0,Moderate,False,True,False,False,False,True,False,False,False,False,False,True,False
2017-03-20,Chennai,29.53,,2.21,9.94,5.82,,0.0,3.89,34.4,0.05,0.02,109.0,Moderate,False,True,False,False,False,True,False,False,False,False,False,True,False
2017-03-21,Chennai,25.53,,2.54,9.57,5.89,,0.0,3.4,28.81,0.02,0.0,59.0,Satisfactory,False,True,False,False,False,True,False,False,False,False,False,True,False
2017-03-22,Chennai,35.25,,2.76,7.12,5.53,,0.02,2.49,25.43,0.0,0.0,57.0,Satisfactory,False,True,False,False,False,True,False,False,False,False,False,True,False
2017-03-23,Chennai,36.76,,4.38,9.22,7.83,,0.03,2.37,33.27,0.0,0.02,65.0,Satisfactory,False,True,False,False,False,True,False,False,False,False,False,True,False
2017-03-24,Chennai,52.62,,5.1,11.96,9.46,,0.02,2.4,37.74,0.08,0.1,80.0,Satisfactory,False,True,False,False,False,True,False,False,False,False,False,True,False
2017-03-25,Chennai,80.48,,3.65,11.8,8.32,,0.0,2.98,34.13,0.02,0.475,137.0,Moderate,False,True,False,False,False,True,False,False,False,False,True,True,False
2017-03-26,Chennai,74.46,,3.73,11.05,8.01,,0.0,3.46,29.09,0.06,0.85,158.0,Moderate,False,True,False,False,False,True,False,False,False,False,True,True,False
2017-03-27,Chennai,60.44,,4.25,10.84,8.29,,0.03,2.76,28.02,0.07,1.225,131.0,Moderate,False,True,False,False,False,True,False,False,False,False,True,True,False
2017-03-28,Chennai,39.11,,3.94,9.93,7.59,,0.0,2.68,16.24,0.03,1.6,86.0,Satisfactory,False,True,False,False,False,True,False,False,False,False,True,True,False
2017-03-29,Chennai,35.04,,4.82,9.35,7.99,,0.0,3.47,15.58,0.06,1.9750000000000003,61.0,Satisfactory,False,True,False,False,False,True,False,False,False,False,True,True,False
2017-03-30,Chennai,37.42,,5.71,9.94,9.66,,0.09,4.92,20.26,2.37,2.35,80.0,Satisfactory,False,True,False,False,False,True,False,False,False,False,False,True,False
2017-03-31,Chennai,35.34,,4.8,9.03,7.82,,0.11,5.27,14.06,0.03,2.0625,57.0,Satisfactory,False,True,False,False,False,True,False,False,False,False,True,True,False
2017-04-01,Chennai,34.69,,3.34,9.52,6.97,,0.02,4.96,13.8,0.04,1.775,60.0,Satisfactory,False,True,False,False,False,True,False,False,False,False,True,True,False
2017-04-02,Chennai,37.57,,4.42,9.53,7.78,,0.05,5.46,19.82,0.03,1.4875,65.0,Satisfactory,False,True,False,False,False,True,False,False,False,False,True,True,False
2017-04-03,Chennai,44.33,,2.81,9.79,6.71,,0.02,5.23,38.56,0.07,1.2,71.0,Satisfactory,False,True,False,False,False,True,False,False,False,False,True,True,False
2017-04-04,Chennai,40.56,,2.95,9.79,6.78,,0.03,4.67,23.51,0.0,0.9125000000000001,75.0,Satisfactory,False,True,False,False,False,True,False,False,False,False,True,True,False
2017-04-05,Chennai,48.62,,2.96,9.41,6.64,,0.03,4.61,21.86,0.0,0.625,67.0,Satisfactory,False,True,False,False,False,True,False,False,False,False,True,True,False
2017-04-06,Chennai,36.85,,2.54,9.91,6.56,,0.02,4.84,21.17,0.02,0.3374999999999999,80.0,Satisfactory,False,True,False,False,False,True,False,False,False,False,True,True,False
2017-04-07,Chennai,41.16,,2.71,10.42,6.88,,0.06,4.37,30.17,0.08,0.05,65.0,Satisfactory,False,True,False,False,False,True,False,False,False,False,False,True,False
2017-04-08,Chennai,61.68,,3.86,11.13,7.73,,0.01,4.23,25.51,0.07,0.0,80.0,Satisfactory,False,True,False,False,False,True,False,False,False,False,False,True,False
2017-04-09,Chennai,34.28,,3.48,11.8,7.95,,0.0,3.71,26.34,0.05,0.02,89.0,Satisfactory,False,True,False,False,False,True,False,False,False,False,False,True,False
2017-04-10,Chennai,53.6,,4.77,11.75,8.89,,0.01,3.99,38.21,0.02,0.02,67.0,Satisfactory,False,True,False,False,False,True,False,False,False,False,True,True,False
2017-04-11,Chennai,67.15,,3.67,10.53,7.59,,0.0,4.05,40.63,0.0,0.02,117.0,Moderate,False,True,False,False,False,True,False,False,False,False,True,True,False
2017-04-12,Chennai,37.05,,2.29,7.8,8.02,,0.0,3.24,17.3,0.0,0.02,107.0,Moderate,False,True,False,False,False,True,False,False,False,False,True,True,False
2017-04-13,Chennai,49.49,,3.23,9.04,8.96,,0.06,4.59,24.36,0.1,0.02,83.0,Satisfactory,False,True,False,False,False,True,False,False,False,False,True,True,False
2017-04-14,Chennai,45.09,,4.29,9.21,9.53,,0.03,4.65,19.26,0.02,0.02,76.0,Satisfactory,False,True,False,False,False,True,False,False,False,False,True,True,False
2017-04-15,Chennai,61.73,,4.58,9.72,9.99,,0.1,4.81,23.92,0.02,0.02,87.0,Satisfactory,False,True,False,False,False,True,False,False,False,False,True,True,False
2017-04-16,Chennai,55.89,,4.38,10.67,10.31,,0.12,4.88,39.32,0.03,0.02,106.0,Moderate,False,True,False,False,False,True,False,False,False,False,True,True,False
2017-04-17,Chennai,72.65,,2.67,10.7,8.99,,0.12,4.92,52.16,0.02,0.02,111.0,Moderate,False,True,False,False,False,True,False,False,False,False,True,True,False
2017-04-18,Chennai,75.8,,2.3,10.71,8.77,,0.06,4.84,42.61,0.02,0.02,192.0,Moderate,False,True,False,False,False,True,False,False,False,False,False,True,False
2017-04-19,Chennai,91.14,,1.76,11.27,8.64,,0.0,4.78,31.95,0.12,0.02,125.0,Moderate,False,True,False,False,False,True,False,False,False,False,False,True,False
2017-04-20,Chennai,68.14,,2.54,9.96,8.59,,0.03,4.97,29.14,0.03,0.0,184.0,Moderate,False,True,False,False,False,True,False,False,False,False,False,True,False
2017-04-21,Chennai,89.0,,2.52,10.87,9.01,,0.03,6.35,45.42,0.02,0.0,152.0,Moderate,False,True,False,False,False,True,False,False,False,False,False,True,False
2017-04-22,Chennai,81.33,,2.28,11.45,9.12,,0.08,9.05,53.37,0.02,0.01,184.0,Moderate,False,True,False,False,False,True,False,False,False,False,False,True,False
2017-04-23,Chennai,82.7,,2.87,11.59,9.6,,0.02,7.47,51.13,0.02,0.0,210.0,Poor,False,True,False,False,False,True,False,False,False,False,False,True,False
2017-04-24,Chennai,62.54,,2.31,14.4,10.58,,0.06,7.25,39.09,0.11,0.03,125.0,Moderate,False,True,False,False,False,True,False,False,False,False,False,True,False
2017-04-25,Chennai,51.38,,2.84,11.44,9.53,,0.06,7.33,33.19,0.1,0.0,96.0,Satisfactory,False,True,False,False,False,True,False,False,False,False,False,True,False
2017-04-26,Chennai,60.21,,2.39,11.17,8.85,,0.09,7.76,32.11,0.11,3.74,93.0,Satisfactory,False,True,False,False,False,True,False,False,False,False,False,True,False
2017-04-27,Chennai,59.63,,2.78,10.99,9.24,,0.08,6.62,28.98,0.99,1.41,97.0,Satisfactory,False,True,False,False,False,True,False,False,False,False,False,True,False
2017-04-28,Chennai,56.7,,3.06,10.05,9.02,,0.04,7.91,39.2,0.0,1.3477777777777777,104.0,Moderate,False,True,False,False,False,True,False,False,False,False,True,True,False
2017-04-29,Chennai,61.92,,2.47,13.12,10.06,,0.03,8.53,20.36,0.04,1.2855555555555556,99.0,Satisfactory,False,True,False,False,False,True,False,False,False,False,True,True,False
2017-04-30,Chennai,43.89,,3.13,9.75,8.92,,0.0,6.4,43.9,0.03,1.2233333333333332,101.0,Moderate,False,True,False,False,False,True,False,False,False,False,True,True,False
2017-05-01,Chennai,40.4,,3.16,10.07,9.09,,0.04,7.09,34.38,0.03,1.161111111111111,76.0,Satisfactory,False,True,False,False,False,True,False,False,False,False,True,True,False
2017-05-02,Chennai,34.05,,3.34,9.31,8.75,,0.01,6.09,24.3,0.0,1.0988888888888888,64.0,Satisfactory,False,True,False,False,False,True,False,False,False,False,True,True,False
2017-05-03,Chennai,37.71,,4.87,9.96,10.36,,0.01,7.31,19.53,0.01,1.0366666666666666,58.0,Satisfactory,False,True,False,False,False,True,False,False,False,False,True,True,False
2017-05-04,Chennai,43.64,,5.91,10.24,11.62,,0.04,7.45,18.54,0.0,0.9744444444444444,62.0,Satisfactory,False,True,False,False,False,True,False,False,False,False,True,True,False
2017-05-05,Chennai,40.54,,4.86,10.08,10.75,,0.01,7.89,20.81,0.0,0.9122222222222223,76.0,Satisfactory,False,True,False,False,False,True,False,False,False,False,True,True,False
2017-05-06,Chennai,44.14,,3.3,10.11,9.61,,0.0,7.15,25.06,0.52,0.85,67.0,Satisfactory,False,True,False,False,False,True,False,False,False,False,False,True,False
2017-05-07,Chennai,38.85,,6.06,10.74,11.95,,0.0,8.14,21.04,0.05,0.02,74.0,Satisfactory,False,True,False,False,False,True,False,False,False,False,False,True,False
2017-05-08,Chennai,44.08,,4.89,11.47,11.44,,0.02,7.29,33.65,5.08,5.78,72.0,Satisfactory,False,True,False,False,False,True,False,False,False,False,False,True,False
2017-05-09,Chennai,34.59,,3.98,12.01,10.49,,0.06,7.1,40.3,0.0,0.02,79.0,Satisfactory,False,True,False,False,False,True,False,False,False,False,False,True,False
2017-05-10,Chennai,47.85,,4.18,14.43,11.13,,0.17,6.96,62.21,0.04,0.09,105.0,Moderate,False,True,False,False,False,True,False,False,False,False,False,True,False
2017-05-11,Chennai,27.0,,4.53,13.55,10.97,,0.3,7.81,25.64,0.03,0.03,79.0,Satisfactory,False,True,False,False,False,True,False,False,False,False,False,True,False
2017-05-12,Chennai,46.29,,5.59,11.12,10.56,,0.12,6.82,21.21,0.06,0.08,67.0,Satisfactory,False,True,False,False,False,True,False,False,False,False,False,True,False
2017-05-13,Chennai,36.62,,4.75,11.88,10.24,,0.03,10.08,27.28,0.02,0.02,70.0,Satisfactory,False,True,False,False,False,True,False,False,False,False,False,True,False
2017-05-14,Chennai,60.49,,1.97,19.11,10.42,,0.04,10.84,47.07,0.28,0.7,94.0,Satisfactory,False,True,False,False,False,True,False,False,False,False,False,True,False
2017-05-15,Chennai,73.27,,3.85,12.14,9.77,,0.18,7.98,81.71,0.05,0.06,165.0,Moderate,False,True,False,False,False,True,False,False,False,False,False,True,False
2017-05-16,Chennai,64.22,,4.23,12.9,10.42,,0.16,8.24,72.36,0.02,0.02,194.0,Moderate,False,True,False,False,False,True,False,False,False,False,False,True,False
2017-05-17,Chennai,86.49,,4.0,12.77,7.45,,0.25,7.23,48.88,0.02,0.03,139.0,Moderate,False,True,False,False,False,True,False,False,False,False,False,True,False
2017-05-18,Chennai,131.2,,3.84,15.75,9.35,,0.24,6.77,63.11,0.05,0.06,262.0,Poor,False,True,False,False,False,True,False,False,False,False,False,True,False
2017-05-19,Chennai,86.94,,3.08,17.09,9.17,,0.18,7.5,61.8,0.05,0.03,276.0,Poor,False,True,False,False,False,True,False,False,False,False,False,True,False
2017-05-20,Chennai,63.82,,8.96,16.73,12.31,,0.19,7.89,74.87,0.02,0.04,165.0,Moderate,False,True,False,False,False,True,False,False,False,False,False,True,False
2017-05-21,Chennai,71.68,,6.55,13.78,9.68,,0.13,6.47,71.02,0.01,0.01,159.0,Moderate,False,True,False,False,False,True,False,False,False,False,False,True,False
2017-05-22,Chennai,50.12,,5.61,14.43,9.3,,0.12,7.48,46.83,0.03,0.04,113.0,Moderate,False,True,False,False,False,True,False,False,False,False,False,True,False
2017-05-23,Chennai,86.59,,3.89,16.81,9.04,,0.12,8.58,64.78,0.01,0.02,137.0,Moderate,False,True,False,False,False,True,False,False,False,False,False,True,False
2017-05-24,Chennai,100.14,,2.11,19.88,9.08,,0.18,8.56,41.86,0.0,0.0,191.0,Moderate,False,True,False,False,False,True,False,False,False,False,False,True,False
2017-05-25,Chennai,65.53,,3.24,21.28,8.45,,0.18,10.43,55.31,0.03,0.18,231.0,Poor,False,True,False,False,False,True,False,False,False,False,False,True,False
2017-05-26,Chennai,71.65,,5.41,19.55,8.41,,0.26,9.51,50.56,0.07,0.0,167.0,Moderate,False,True,False,False,False,True,False,False,False,False,False,True,False
2017-05-27,Chennai,60.4,,3.99,15.21,8.09,,0.07,10.36,57.04,0.02,0.03,144.0,Moderate,False,True,False,False,False,True,False,False,False,False,False,True,False
2017-05-28,Chennai,46.27,,3.59,16.67,8.27,,0.12,10.28,60.64,0.02,0.03,123.0,Moderate,False,True,False,False,False,True,False,False,False,False,False,True,False
2017-05-29,Chennai,57.25,,4.3,16.49,8.68,,0.15,7.5,29.6,0.03,0.03,90.0,Satisfactory,False,True,False,False,False,True,False,False,False,False,False,True,False
2017-05-30,Chennai,43.31,,4.46,15.45,8.33,,0.07,7.09,32.19,0.03,0.03,90.0,Satisfactory,False,True,False,False,False,True,False,False,False,False,False,True,False
2017-05-31,Chennai,43.14,,5.66,14.58,8.8,,0.12,6.97,33.55,0.04,0.05,80.0,Satisfactory,False,True,False,False,False,True,False,False,False,False,False,True,False
2017-06-01,Chennai,44.66,,4.92,14.54,8.23,,0.09,6.28,45.19,0.02,0.03,91.0,Satisfactory,False,True,False,False,False,True,False,False,False,False,False,True,False
2017-06-02,Chennai,56.39,,4.04,15.56,8.07,,0.0,6.81,39.97,0.03,0.05,91.0,Satisfactory,False,True,False,False,False,True,False,False,False,False,False,True,False
2017-06-03,Chennai,40.58,,1.8,14.01,7.79,,0.01,7.38,43.42,0.0,0.0,102.0,Moderate,False,True,False,False,False,True,False,False,False,False,False,True,False
2017-06-04,Chennai,41.33,,5.93,6.23,8.82,,0.0,5.91,59.32,0.04,0.04,120.0,Moderate,False,True,False,False,False,True,False,False,False,False,False,True,False
2017-06-05,Chennai,38.61,,5.43,10.78,8.2,,0.0,5.37,33.1,0.02,0.02,92.0,Satisfactory,False,True,False,False,False,True,False,False,False,False,False,True,False
2017-06-06,Chennai,41.32,,6.57,10.67,9.0,,0.03,5.81,25.05,0.03,0.03,72.0,Satisfactory,False,True,False,False,False,True,False,False,False,False,False,True,False
2017-06-07,Chennai,37.63,,6.98,10.75,9.35,,0.07,6.22,17.67,0.0,0.0,95.0,Satisfactory,False,True,False,False,False,True,False,False,False,False,False,True,False
2017-06-08,Chennai,41.44,,7.0,10.59,9.28,,0.05,5.31,11.65,0.01,0.05,80.0,Satisfactory,False,True,False,False,False,True,False,False,False,False,False,True,False
2017-06-09,Chennai,41.41,,9.49,10.46,11.07,,0.11,6.53,14.69,0.02,0.02,70.0,Satisfactory,False,True,False,False,False,True,False,False,False,False,False,True,False
2017-06-10,Chennai,46.32,,11.59,10.47,12.65,,0.06,5.64,15.64,0.02,0.03,77.0,Satisfactory,False,True,False,False,False,True,False,False,False,False,False,True,False
2017-06-11,Chennai,30.88,,8.42,10.68,10.39,,0.0,6.28,17.26,0.03,0.04,66.0,Satisfactory,False,True,False,False,False,True,False,False,False,False,False,True,False
2017-06-12,Chennai,35.9,,4.72,12.2,8.11,,0.05,6.11,20.7,0.02,0.02,73.0,Satisfactory,False,True,False,False,False,True,False,False,False,False,False,True,False
2017-06-13,Chennai,38.33,,6.07,10.32,8.45,,0.02,6.21,28.07,0.03,0.03,60.0,Satisfactory,False,True,False,False,False,True,False,False,False,False,False,True,False
2017-06-14,Chennai,41.07,,5.11,10.36,7.76,,0.02,8.61,34.87,0.03,0.03,81.0,Satisfactory,False,True,False,False,False,True,False,False,False,False,False,True,False
2017-06-15,Chennai,48.23,,5.56,10.37,8.1,,0.03,3.58,35.61,0.03,0.04,69.0,Satisfactory,False,True,False,False,False,True,False,False,False,False,False,True,False
2017-06-16,Chennai,49.47,,6.39,10.3,8.68,,0.08,3.5,31.69,0.03,0.03,82.0,Satisfactory,False,True,False,False,False,True,False,False,False,False,False,True,False
2017-06-17,Chennai,43.64,,7.43,10.41,9.51,,0.0,3.12,31.69,0.02,0.02,84.0,Satisfactory,False,True,False,False,False,True,False,False,False,False,False,True,False
2017-06-18,Chennai,38.35,,5.68,10.3,8.15,,0.0,4.55,37.9,0.03,0.03,74.0,Satisfactory,False,True,False,False,False,True,False,False,False,False,False,True,False
2017-06-19,Chennai,50.48,,8.6,9.93,7.55,,0.07,4.91,29.2,0.0,0.0,71.0,Satisfactory,False,True,False,False,False,True,False,False,False,False,False,True,False
2017-06-20,Chennai,45.95,,11.12,9.08,12.29,,0.05,4.05,26.21,0.0,0.0,76.0,Satisfactory,False,True,False,False,False,True,False,False,False,False,False,True,False
2017-06-21,Chennai,51.81,,9.84,7.71,10.69,,0.0,4.1,38.32,0.03,0.03,91.0,Satisfactory,False,True,False,False,False,True,False,False,False,False,False,True,False
2017-06-22,Chennai,43.94,,12.01,19.32,17.44,,0.03,4.61,26.43,0.03,0.04,77.0,Satisfactory,False,True,False,False,False,True,False,False,False,False,False,True,False
2017-06-23,Chennai,46.72,,10.48,21.73,15.31,,0.02,4.18,27.92,0.04,0.05,79.0,Satisfactory,False,True,False,False,False,True,False,False,False,False,False,True,False
2017-06-24,Chennai,51.02,,7.65,15.59,12.26,,0.11,4.67,24.3,0.04,0.05,93.0,Satisfactory,False,True,False,False,False,True,False,False,False,False,False,True,False
2017-06-25,Chennai,41.41,,10.3,17.67,14.27,,0.0,7.74,20.75,0.04,0.05,75.0,Satisfactory,False,True,False,False,False,True,False,False,False,False,False,True,False
2017-06-26,Chennai,45.53,,7.75,16.51,12.43,,0.0,4.51,23.89,0.03,0.04,73.0,Satisfactory,False,True,False,False,False,True,False,False,False,False,False,True,False
2017-06-27,Chennai,47.32,,8.18,16.28,12.56,,0.02,4.67,24.61,0.02,0.03,76.0,Satisfactory,False,True,False,False,False,True,False,False,False,False,False,True,False
2017-06-28,Chennai,39.61,,6.87,10.78,6.67,,0.09,4.65,20.31,0.0175,0.0275,71.0,Satisfactory,False,True,False,False,False,True,False,False,False,True,True,True,False
2017-06-29,Chennai,48.43,,4.56,7.46,6.23,,0.0,4.34,14.01,0.015,0.024999999999999998,81.0,Satisfactory,False,True,False,False,False,True,False,False,False,True,True,True,False
2017-06-30,Chennai,94.72,,4.91,8.27,5.43,,0.03,4.69,26.18,0.0125,0.0225,,,False,True,False,False,False,True,False,False,False,True,True,True,True
2017-07-01,Chennai,56.49,,8.09,14.49,11.51,,0.06,4.63,24.55,0.01,0.02,116.0,Moderate,False,True,False,False,False,True,False,False,False,False,False,True,False
2017-07-02,Chennai,62.74,,10.45,15.18,13.05,,0.02,4.54,34.7,0.03,0.04,109.0,Moderate,False,True,False,False,False,True,False,False,False,False,False,True,False
2017-07-03,Chennai,47.17,,7.17,14.32,9.05,,0.04,4.62,26.47,0.05,0.05,92.0,Satisfactory,False,True,False,False,False,True,False,False,False,False,False,True,False
2017-07-04,Chennai,37.6,,5.81,16.97,10.41,,0.05,4.87,10.34,0.0425,0.0,74.0,Satisfactory,False,True,False,False,False,True,False,False,False,True,False,True,False
2017-07-05,Chennai,46.61,,11.52,32.3,20.49,,0.0,4.69,23.07,0.035,0.35,63.0,Satisfactory,False,True,False,False,False,True,False,False,False,True,False,True,False
2017-07-06,Chennai,42.38,,7.91,20.71,12.38,,0.01,4.5,24.43,0.0275,0.0,77.0,Satisfactory,False,True,False,False,False,True,False,False,False,True,False,True,False
2017-07-07,Chennai,53.45,,8.01,18.63,12.27,,0.03,11.84,29.22,0.02,0.04,119.0,Moderate,False,True,False,False,False,True,False,False,False,False,False,True,False
2017-07-08,Chennai,59.81,,4.93,7.7,6.29,,0.17,4.72,14.07,0.1,0.14,94.0,Satisfactory,False,True,False,False,False,True,False,False,False,False,False,True,False
2017-07-09,Chennai,52.28,,5.16,11.85,8.07,,0.02,4.57,25.97,0.1,0.11,104.0,Moderate,False,True,False,False,False,True,False,False,False,False,False,True,False
2017-07-10,Chennai,42.48,,7.71,15.05,10.63,,0.03,4.24,28.01,0.07,0.11,76.0,Satisfactory,False,True,False,False,False,True,False,False,False,False,False,True,False
2017-07-11,Chennai,62.34,,5.9,16.03,10.51,,0.02,4.24,23.74,0.1,0.17,92.0,Satisfactory,False,True,False,False,False,True,False,False,False,False,False,True,False
2017-07-12,Chennai,28.72,,9.49,15.59,12.96,,0.14,4.59,15.57,0.11,0.2,85.0,Satisfactory,False,True,False,False,False,True,False,False,False,False,False,True,False
2017-07-13,Chennai,62.64,,10.07,14.88,13.05,,0.1,4.62,17.01,0.32,0.64,96.0,Satisfactory,False,True,False,False,False,True,False,False,False,False,False,True,False
2017-07-14,Chennai,48.22,,10.26,14.58,13.05,,0.07,4.81,19.64,0.17,0.63,84.0,Satisfactory,False,True,False,False,False,True,False,False,False,False,False,True,False
2017-07-15,Chennai,63.29,,11.92,14.88,14.42,,0.19,4.83,22.59,0.3,0.45,86.0,Satisfactory,False,True,False,False,False,True,False,False,False,False,False,True,False
2017-07-16,Chennai,46.96,,10.18,14.46,12.92,,0.03,4.9,18.16,0.0,0.0,99.0,Satisfactory,False,True,False,False,False,True,False,False,False,False,False,True,False
2017-07-17,Chennai,45.1,,9.47,13.78,12.24,,0.13,4.63,17.79,0.02,0.05,80.0,Satisfactory,False,True,False,False,False,True,False,False,False,False,False,True,False
2017-07-18,Chennai,37.98,,10.36,12.86,12.75,,0.2,5.47,18.01,0.06,0.0,78.0,Satisfactory,False,True,False,False,False,True,False,False,False,False,False,True,False
2017-07-19,Chennai,48.24,,7.01,12.27,9.95,,0.02,4.71,20.05,0.28,0.45,73.0,Satisfactory,False,True,False,False,False,True,False,False,False,False,False,True,False
2017-07-20,Chennai,41.12,,8.08,12.26,10.78,,0.03,4.75,24.56,0.24,0.5,70.0,Satisfactory,False,True,False,False,False,True,False,False,False,False,False,True,False
2017-07-21,Chennai,86.01,,8.56,12.58,11.26,,0.02,4.68,20.82,0.05,0.17,117.0,Moderate,False,True,False,False,False,True,False,False,False,False,False,True,False
2017-07-22,Chennai,50.07,,8.25,12.48,10.99,,0.02,4.56,21.32,0.1,0.16,131.0,Moderate,False,True,False,False,False,True,False,False,False,False,False,True,False
2017-07-23,Chennai,37.84,,7.11,12.22,10.01,,0.0,4.52,27.78,0.0,0.0,77.0,Satisfactory,False,True,False,False,False,True,False,False,False,False,False,True,False
2017-07-24,Chennai,112.23,,7.64,12.32,10.46,,0.05,4.77,22.76,0.01,0.01,169.0,Moderate,False,True,False,False,False,True,False,False,False,False,False,True,False
2017-07-25,Chennai,94.7,,7.82,12.39,10.62,,0.05,4.67,19.56,0.05,0.11,203.0,Poor,False,True,False,False,False,True,False,False,False,False,False,True,False
2017-07-26,Chennai,92.04,,8.46,12.23,11.17,,0.07,4.66,19.21,0.08,0.08,221.0,Poor,False,True,False,False,False,True,False,False,False,False,False,True,False
2017-07-27,Chennai,51.29,,6.65,12.4,9.5,,0.03,4.81,23.46,0.01,0.0,164.0,Moderate,False,True,False,False,False,True,False,False,False,False,False,True,False
2017-07-28,Chennai,49.33,,6.3,11.1,8.74,,0.05,4.75,36.31,0.0,0.31,85.0,Satisfactory,False,True,False,False,False,True,False,False,False,False,False,True,False
2017-07-29,Chennai,40.62,,6.28,11.13,8.75,,0.03,4.88,22.94,0.01,0.04,74.0,Satisfactory,False,True,False,False,False,True,False,False,False,False,False,True,False
2017-07-30,Chennai,45.56,,6.13,10.97,8.58,,0.0,5.09,32.14,0.0,0.0,81.0,Satisfactory,False,True,False,False,False,True,False,False,False,False,False,True,False
2017-07-31,Chennai,28.16,,6.31,11.12,8.75,,0.05,4.91,30.77,0.01,0.01,73.0,Satisfactory,False,True,False,False,False,True,False,False,False,False,False,True,False
2017-08-01,Chennai,74.6,,6.04,10.95,8.51,,0.03,4.64,45.06,0.02,0.03,82.0,Satisfactory,False,True,False,False,False,True,False,False,False,False,False,True,False
2017-08-02,Chennai,68.25,,6.11,10.96,8.56,,0.1,5.02,30.2,0.0,0.01,144.0,Moderate,False,True,False,False,False,True,False,False,False,False,False,True,False
2017-08-03,Chennai,29.95,,6.13,10.95,8.58,,0.33,4.99,29.56,0.01,0.02,120.0,Moderate,False,True,False,False,False,True,False,False,False,False,False,True,False
2017-08-04,Chennai,42.18,,6.19,10.99,8.63,,0.49,5.3,23.14,0.01,0.02,84.0,Satisfactory,False,True,False,False,False,True,False,False,False,False,False,True,False
2017-08-05,Chennai,30.69,,6.12,10.98,8.58,,0.65,5.32,31.21,0.07,0.09,149.0,Moderate,False,True,False,False,False,True,False,False,False,False,False,True,False
2017-08-06,Chennai,38.43,,6.27,11.16,8.74,,0.85,4.82,50.34,0.0,0.0,202.0,Poor,False,True,False,False,False,True,False,False,False,False,False,True,False
2017-08-07,Chennai,39.48,,6.64,11.43,9.07,,0.56,5.29,15.12,0.0,0.09,96.0,Satisfactory,False,True,False,False,False,True,False,False,False,False,False,True,False
2017-08-08,Chennai,33.9,,6.54,11.38,8.97,,0.5,4.76,43.31,0.22,0.0,96.0,Satisfactory,False,True,False,False,False,True,False,False,False,False,False,True,False
2017-08-09,Chennai,31.33,,6.58,11.41,9.01,,0.02,5.06,39.0,0.09,0.21,71.0,Satisfactory,False,True,False,False,False,True,False,False,False,False,False,True,False
2017-08-10,Chennai,27.71,,6.57,11.5,9.05,,0.0,3.73,13.38,0.06,0.54,48.0,Good,False,True,False,False,False,True,False,False,False,False,False,True,False
2017-08-11,Chennai,46.18,,6.57,11.49,9.05,,0.05,3.69,27.68,0.0,0.22,61.0,Satisfactory,False,True,False,False,False,True,False,False,False,False,False,True,False
2017-08-12,Chennai,42.11,,5.87,11.83,8.88,,0.0,4.45,18.79,0.16,0.1,82.0,Satisfactory,False,True,False,False,False,True,False,False,False,False,False,True,False
2017-08-13,Chennai,23.87,,4.56,12.5,8.55,,0.0,4.82,19.55,0.125,0.08,55.0,Satisfactory,False,True,False,False,False,True,False,False,False,True,True,True,False
2017-08-14,Chennai,52.24,,4.39,11.81,8.15,,0.26,5.45,18.83,0.09,0.060000000000000005,80.0,Satisfactory,False,True,False,False,False,True,False,False,False,True,True,True,False
2017-08-15,Chennai,34.61,,3.71,10.35,7.03,,0.59,4.65,14.91,0.05499999999999999,0.04000000000000001,86.0,Satisfactory,False,True,False,False,False,True,False,False,False,True,True,True,False
2017-08-16,Chennai,39.27,,3.54,10.36,6.92,,0.6,4.73,19.78,0.02,0.02,101.0,Moderate,False,True,False,False,False,True,False,False,False,False,False,True,False
2017-08-17,Chennai,42.01,,3.65,10.3,6.96,,0.37,5.8,14.83,0.11,0.11,99.0,Satisfactory,False,True,False,False,False,True,False,False,False,False,False,True,False
2017-08-18,Chennai,40.1225,,3.64,10.2825,6.9425,,0.34750000000000003,5.8125,14.8375,0.0,0.0,76.0,Satisfactory,True,True,True,True,True,True,True,True,True,False,False,True,False
2017-08-19,Chennai,38.235,,3.63,10.265,6.925,,0.325,5.825,14.844999999999999,0.0,0.0,,,True,True,True,True,True,True,True,True,True,True,True,True,True
2017-08-20,Chennai,36.3475,,3.62,10.2475,6.9075,,0.3025,5.8374999999999995,14.8525,0.0,0.0,,,True,True,True,True,True,True,True,True,True,True,True,True,True
2017-08-21,Chennai,34.46,,3.61,10.23,6.89,,0.28,5.85,14.86,0.0,0.0,,,False,True,False,False,False,True,False,False,False,False,False,True,True
2017-08-22,Chennai,29.83,,5.31,13.63,9.64,,0.59,5.05,13.04,0.19,0.2,90.0,Satisfactory,False,True,False,False,False,True,False,False,False,False,False,True,False
2017-08-23,Chennai,36.03,,7.72,15.48,11.02,,0.63,5.59,14.83,0.1,0.09,86.0,Satisfactory,False,True,False,False,False,True,False,False,False,False,False,True,False
2017-08-24,Chennai,32.77,,3.82,10.62,7.23,,0.87,5.43,13.46,0.04,0.05,91.0,Satisfactory,False,True,False,False,False,True,False,False,False,False,False,True,False
2017-08-25,Chennai,56.97,,4.3,11.07,7.78,,0.44,4.64,13.89,0.06,0.06,91.0,Satisfactory,False,True,False,False,False,True,False,False,False,False,False,True,False
2017-08-26,Chennai,41.58,,5.37,12.14,8.9,,0.53,5.23,16.03,0.22,0.21,81.0,Satisfactory,False,True,False,False,False,True,False,False,False,False,False,True,False
2017-08-27,Chennai,34.32,,7.46,11.56,7.65,,0.52,5.08,17.52,0.0,0.12,81.0,Satisfactory,False,True,False,False,False,True,False,False,False,False,False,True,False
2017-08-28,Chennai,79.2,,6.0,8.35,7.57,,0.27,5.25,28.73,0.0,0.0,109.0,Moderate,False,True,False,False,False,True,False,False,False,False,False,True,False
2017-08-29,Chennai,37.1,,6.5,9.64,8.38,,0.24,5.26,33.28,0.02,0.02,127.0,Moderate,False,True,False,False,False,True,False,False,False,False,False,True,False
2017-08-30,Chennai,61.29,,5.43,10.22,7.72,,0.42,5.12,29.77,0.0,0.0,92.0,Satisfactory,False,True,False,False,False,True,False,False,False,False,False,True,False
2017-08-31,Chennai,40.37,,7.63,10.36,9.47,,0.27,4.91,40.89,0.07,0.07,93.0,Satisfactory,False,True,False,False,False,True,False,False,False,False,False,True,False
2017-09-01,Chennai,37.18,,6.7,11.24,9.09,,0.3,4.92,35.94,0.38,0.36,84.0,Satisfactory,False,True,False,False,False,True,False,False,False,False,False,True,False
2017-09-02,Chennai,48.82,,6.65,9.9,8.56,,0.2,4.76,33.32,0.02,0.01,86.0,Satisfactory,False,True,False,False,False,True,False,False,False,False,False,True,False
2017-09-03,Chennai,34.52,,8.24,11.05,10.15,,0.22,4.65,45.44,0.04,0.04,93.0,Satisfactory,False,True,False,False,False,True,False,False,False,False,False,True,False
2017-09-04,Chennai,39.0,,7.31,11.17,9.59,,0.32,4.46,52.5,0.03,0.02,82.0,Satisfactory,False,True,False,False,False,True,False,False,False,False,False,True,False
2017-09-05,Chennai,69.85,,4.06,8.37,6.2,,0.32,4.36,57.04,0.04,0.03,136.0,Moderate,False,True,False,False,False,True,False,False,False,False,False,True,False
2017-09-06,Chennai,31.96,,5.26,9.0,7.4,,0.23,4.04,50.32,0.11,0.11,104.0,Moderate,False,True,False,False,False,True,False,False,False,False,False,True,False
2017-09-07,Chennai,27.78,,5.25,9.08,7.33,,0.21,3.83,33.91,0.08,0.07,78.0,Satisfactory,False,True,False,False,False,True,False,False,False,False,False,True,False
2017-09-08,Chennai,28.24,,5.01,8.75,6.99,,0.29,3.53,19.78,0.7,0.68,82.0,Satisfactory,False,True,False,False,False,True,False,False,False,False,False,True,False
2017-09-09,Chennai,19.53,,5.18,8.49,6.99,,0.37,8.1,23.26,0.15,0.14,84.0,Satisfactory,False,True,False,False,False,True,False,False,False,False,False,True,False
2017-09-10,Chennai,18.22,,5.12,8.52,6.96,,0.27,14.81,33.22,0.0,0.0,73.0,Satisfactory,False,True,False,False,False,True,False,False,False,False,False,True,False
2017-09-11,Chennai,28.14,,5.35,8.67,7.2,,0.19,8.11,33.73,0.02,0.03,64.0,Satisfactory,False,True,False,False,False,True,False,False,False,False,False,True,False
2017-09-12,Chennai,40.87,,6.95,12.11,9.21,,0.23,6.82,32.25,0.02,0.02,68.0,Satisfactory,False,True,False,False,False,True,False,False,False,False,False,True,False
2017-09-13,Chennai,33.66,,5.01,9.45,7.33,,0.4,6.2,13.16,0.26,0.26,79.0,Satisfactory,False,True,False,False,False,True,False,False,False,False,False,True,False
2017-09-14,Chennai,29.41,,4.57,9.36,6.96,,0.36,7.94,33.18,0.09,0.09,73.0,Satisfactory,False,True,False,False,False,True,False,False,False,False,False,True,False
2017-09-15,Chennai,36.17,,5.07,10.03,7.66,,0.22,12.73,19.31,0.05,0.05,77.0,Satisfactory,False,True,False,False,False,True,False,False,False,False,False,True,False
2017-09-16,Chennai,36.71,,5.2,9.87,7.68,,0.32,7.75,27.23,0.08,0.08,77.0,Satisfactory,False,True,False,False,False,True,False,False,False,False,False,True,False
2017-09-17,Chennai,25.13,,6.33,10.09,8.63,,0.23,10.15,17.7,0.0775,0.0775,77.0,Satisfactory,False,True,False,False,False,True,False,False,False,True,True,True,False
2017-09-18,Chennai,25.17,,5.81,10.02,8.21,,0.32,5.36,19.6,0.07500000000000001,0.07500000000000001,67.0,Satisfactory,False,True,False,False,False,True,False,False,False,True,True,True,False
2017-09-19,Chennai,32.9,,6.12,10.36,8.6,,0.25,5.74,20.92,0.07250000000000001,0.07250000000000001,68.0,Satisfactory,False,True,False,False,False,True,False,False,False,True,True,True,False
2017-09-20,Chennai,39.01,,3.37,6.04,4.94,,0.13,7.53,25.78,0.07,0.07,67.0,Satisfactory,False,True,False,False,False,True,False,False,False,False,False,True,False
2017-09-21,Chennai,31.68,,5.28,10.35,7.97,,0.11,16.84,28.07,0.08,0.08,71.0,Satisfactory,False,True,False,False,False,True,False,False,False,False,False,True,False
2017-09-22,Chennai,49.34,,5.67,9.66,7.93,,0.25,22.92,30.08,0.2,0.51,87.0,Satisfactory,False,True,False,False,False,True,False,False,False,False,False,True,False
2017-09-23,Chennai,65.67,,4.52,8.67,6.66,,0.07,9.82,42.39,0.09,0.51,98.0,Satisfactory,False,True,False,False,False,True,False,False,False,False,False,True,False
2017-09-24,Chennai,85.36,,7.7,12.25,10.32,,0.16,14.17,37.77,0.06,0.06,137.0,Moderate,False,True,False,False,False,True,False,False,False,False,False,True,False
2017-09-25,Chennai,49.27,,23.48,32.29,29.32,,0.19,16.49,27.56,0.03,0.03,156.0,Moderate,False,True,False,False,False,True,False,False,False,False,False,True,False
2017-09-26,Chennai,69.26,,14.5,24.7,21.45,,0.12,18.8,32.34,0.09,0.07,116.0,Moderate,False,True,False,False,False,True,False,False,False,False,False,True,False
2017-09-27,Chennai,51.96,,16.97,27.26,22.68,33.37,0.37,25.33,21.74,0.06,4.2,104.0,Moderate,False,True,False,False,False,False,False,False,False,False,False,True,False
2017-09-28,Chennai,50.0,,13.66,23.67,22.24,37.52,0.28,21.76,22.01,0.0,0.04,106.0,Moderate,False,True,False,False,False,False,False,False,False,False,False,True,False
2017-09-29,Chennai,44.9,,3.28,15.34,15.0,36.428333333333335,0.25,50.51,30.37,0.06,0.06,81.0,Satisfactory,False,True,False,False,False,True,False,False,False,False,False,True,False
2017-09-30,Chennai,29.8,,2.64,15.25,14.75,35.336666666666666,0.34,22.92,35.78,0.06,0.05,78.0,Satisfactory,False,True,False,False,False,True,False,False,False,False,False,True,False
2017-10-01,Chennai,25.58,,3.63,14.93,12.04,34.245000000000005,0.41,11.61,23.47,0.05,0.03,66.0,Satisfactory,False,True,False,False,False,True,False,False,False,False,False,True,False
2017-10-02,Chennai,16.59,,3.05,12.88,9.25,33.153333333333336,0.11,8.99,31.28,0.0,0.0,62.0,Satisfactory,False,True,False,False,False,True,False,False,False,False,False,True,False
2017-10-03,Chennai,25.6,,3.07,13.93,9.16,32.06166666666667,0.77,19.68,30.05,0.01,0.01,58.0,Satisfactory,False,True,False,False,False,True,False,False,False,False,False,True,False
2017-10-04,Chennai,20.75,,4.65,15.77,11.83,30.97,0.44,21.41,16.24,0.0,0.0,62.0,Satisfactory,False,True,False,False,False,False,False,False,False,False,False,True,False
2017-10-05,Chennai,25.51,,8.13,14.73,13.9,39.69,0.2,16.78,33.99,0.05,0.04,78.0,Satisfactory,False,True,False,False,False,False,False,False,False,False,False,True,False
2017-10-06,Chennai,38.5,,7.18,15.1,14.66,59.7,0.44,12.15,29.66,0.03,0.05,68.0,Satisfactory,False,True,False,False,False,False,False,False,False,False,False,True,False
2017-10-07,Chennai,40.16,,6.7,14.14,12.3,40.7,0.17,10.46,24.72,0.03,0.04,75.0,Satisfactory,False,True,False,False,False,False,False,False,False,False,False,True,False
2017-10-08,Chennai,35.37,,8.06,14.77,12.53,49.16,0.09,10.51,35.85,0.03,0.05,75.0,Satisfactory,False,True,False,False,False,False,False,False,False,False,False,True,False
2017-10-09,Chennai,35.94,,13.8,15.45,18.35,64.61,0.25,14.28,35.88,0.03,0.05,77.0,Satisfactory,False,True,False,False,False,False,False,False,False,False,False,True,False
2017-10-10,Chennai,52.2,,4.51,15.98,12.65,96.85,0.12,5.18,28.71,0.1,0.04,89.0,Satisfactory,False,True,False,False,False,False,False,False,False,False,False,True,False
2017-10-11,Chennai,41.34,,4.74,20.16,14.11,102.21,0.29,7.64,40.74,0.03,0.02,94.0,Satisfactory,False,True,False,False,False,False,False,False,False,False,False,True,False
2017-10-12,Chennai,35.8,,5.48,20.18,16.1,126.82,1.06,3.49,33.92,0.05,0.07,86.0,Satisfactory,False,True,False,False,False,False,False,False,False,False,False,True,False
2017-10-13,Chennai,44.53,,6.31,22.36,20.74,84.53,1.74,14.37,11.17,0.05,0.04,146.0,Moderate,False,True,False,False,False,False,False,False,False,False,False,True,False
2017-10-14,Chennai,56.36,,8.52,21.73,17.57,104.29,0.48,13.82,24.98,0.03,0.05,90.0,Satisfactory,False,True,False,False,False,False,False,False,False,False,False,True,False
2017-10-15,Chennai,37.27,,11.5,17.74,16.49,82.02,0.45,11.79,17.31,0.02,0.02,83.0,Satisfactory,False,True,False,False,False,False,False,False,False,False,False,True,False
2017-10-16,Chennai,35.62,,12.15,18.88,18.07,82.05,0.58,10.98,9.19,0.06,0.05,77.0,Satisfactory,False,True,False,False,False,False,False,False,False,False,False,True,False
2017-10-17,Chennai,68.01,,20.97,19.66,23.85,86.07,0.73,9.8,6.88,0.06,0.06,76.0,Satisfactory,False,True,False,False,False,False,False,False,False,False,False,True,False
2017-10-18,Chennai,193.3,,21.68,24.61,26.48,66.11,0.77,22.85,26.01,0.04,0.03,277.0,Poor,False,True,False,False,False,False,False,False,False,False,False,True,False
2017-10-19,Chennai,226.74,,26.58,26.9,27.96,101.96,0.96,25.11,45.95,0.03,0.03,431.0,Severe,False,True,False,False,False,False,False,False,False,False,False,True,False
2017-10-20,Chennai,57.62,,8.35,19.36,14.79,108.72,0.54,8.8,38.81,0.04,0.03,213.0,Poor,False,True,False,False,False,False,False,False,False,False,False,True,False
2017-10-21,Chennai,30.2,,7.94,22.86,14.83,98.49,0.57,7.05,43.89,0.02,0.02,72.0,Satisfactory,False,True,False,False,False,False,False,False,False,False,False,True,False
2017-10-22,Chennai,31.17,,8.71,21.36,14.45,94.26,0.57,10.8,44.44,0.13,0.13,70.0,Satisfactory,False,True,False,False,False,False,False,False,False,False,False,True,False
2017-10-23,Chennai,58.59,,8.95,25.92,16.93,68.64,0.64,10.73,65.06,0.18,0.18,114.0,Moderate,False,True,False,False,False,False,False,False,False,False,False,True,False
2017-10-24,Chennai,53.74,,10.81,21.91,16.04,113.77,0.63,11.09,34.76,0.06,0.02,115.0,Moderate,False,True,False,False,False,False,False,False,False,False,False,True,False
2017-10-25,Chennai,36.65,,13.86,18.11,16.63,83.43,0.8,11.24,24.77,0.02,0.01,100.0,Satisfactory,False,True,False,False,False,False,False,False,False,False,False,True,False
2017-10-26,Chennai,25.9,,15.23,19.04,18.49,98.61,0.79,17.26,14.36,0.08,0.56,68.0,Satisfactory,False,True,False,False,False,False,False,False,False,False,False,True,False
2017-10-27,Chennai,31.32,,11.38,20.74,16.51,105.51,0.76,6.78,19.74,0.02,0.06,70.0,Satisfactory,False,True,False,False,False,False,False,False,False,False,False,True,False
2017-10-28,Chennai,53.37,,10.83,19.51,15.98,157.52,0.67,11.79,20.15,0.03,0.02,83.0,Satisfactory,False,True,False,False,False,False,False,False,False,False,False,True,False
2017-10-29,Chennai,62.08,,9.13,21.3,14.75,296.43,0.66,11.68,29.74,0.03,0.02,113.0,Moderate,False,True,False,False,False,False,False,False,False,False,False,True,False
2017-10-30,Chennai,19.87,,10.73,18.46,16.25,228.18,0.61,9.51,9.72,0.01,0.02,88.0,Satisfactory,False,True,False,False,False,False,False,False,False,False,False,True,False
2017-10-31,Chennai,41.87,,8.64,21.69,14.16,142.64,1.2,11.69,21.9,0.44,2.29,75.0,Satisfactory,False,True,False,False,False,False,False,False,False,False,False,True,False
2017-11-01,Chennai,24.56,,7.92,20.35,9.72,127.91499999999999,0.4,17.43,11.64,0.04,1.72,99.0,Satisfactory,False,True,False,False,False,True,False,False,False,False,False,True,False
2017-11-02,Chennai,27.99,,7.82,18.51,10.8,113.19,0.59,14.51,24.43,0.15,1.54,70.0,Satisfactory,False,True,False,False,False,False,False,False,False,False,False,True,False
2017-11-03,Chennai,30.02,,5.98,21.2,13.65,226.97,0.66,10.59,29.09,0.13,0.99,62.0,Satisfactory,False,True,False,False,False,False,False,False,False,False,False,True,False
2017-11-04,Chennai,27.1,,11.77,23.88,18.14,138.93,0.83,6.35,21.16,0.3,2.4,66.0,Satisfactory,False,True,False,False,False,False,False,False,False,False,False,True,False
2017-11-05,Chennai,24.37,,6.86,16.96,11.65,104.46,0.77,6.55,12.74,0.3,3.46,58.0,Satisfactory,False,True,False,False,False,False,False,False,False,False,False,True,False
2017-11-06,Chennai,29.63,,10.33,20.49,15.71,115.22,1.04,11.84,12.67,0.33,2.54,68.0,Satisfactory,False,True,False,False,False,False,False,False,False,False,False,True,False
2017-11-07,Chennai,33.67,,17.06,21.37,20.32,109.71,0.87,13.26,9.18,1.0,5.08,68.0,Satisfactory,False,True,False,False,False,False,False,False,False,False,False,True,False
2017-11-08,Chennai,37.64,,9.17,18.77,14.1,115.62,0.83,13.02,22.1,0.32,2.27,74.0,Satisfactory,False,True,False,False,False,False,False,False,False,False,False,True,False
2017-11-09,Chennai,40.88,,8.1,19.51,14.27,173.56,0.8,13.05,31.39,0.2,1.67,70.0,Satisfactory,False,True,False,False,False,False,False,False,False,False,False,True,False
2017-11-10,Chennai,68.58,,7.23,24.71,15.3,301.18,0.9,10.05,24.35,0.21,1.74,103.0,Moderate,False,True,False,False,False,False,False,False,False,False,False,True,False
2017-11-11,Chennai,70.8,,5.55,21.71,13.12,247.22,1.1,12.95,32.78,0.19,1.83,146.0,Moderate,False,True,False,False,False,False,False,False,False,False,False,True,False
2017-11-12,Chennai,81.94,,5.54,18.9,11.81,125.17,0.79,16.59,32.86,0.06,0.92,163.0,Moderate,False,True,False,False,False,False,False,False,False,False,False,True,False
2017-11-13,Chennai,48.07,,12.3,27.69,19.88,138.19,0.81,11.35,26.02,0.42,1.69,110.0,Moderate,False,True,False,False,False,False,False,False,False,False,False,True,False
2017-11-14,Chennai,30.57,,13.15,25.74,19.35,153.74,0.85,8.2,16.2,0.29,1.79,91.0,Satisfactory,False,True,False,False,False,False,False,False,False,False,False,True,False
2017-11-15,Chennai,41.87,,19.93,37.3,28.29,134.43,0.71,10.74,23.57,0.26,1.83,68.0,Satisfactory,False,True,False,False,False,False,False,False,False,False,False,True,False
2017-11-16,Chennai,45.77,,24.27,38.77,31.03,144.9,1.11,12.58,25.78,0.16,0.38,96.0,Satisfactory,False,True,False,False,False,False,False,False,False,False,False,True,False
2017-11-17,Chennai,58.96,,13.96,25.49,19.05,154.41,0.6,12.15,29.76,0.83,2.62,108.0,Moderate,False,True,False,False,False,False,False,False,False,False,False,True,False
2017-11-18,Chennai,24.73,,9.5,23.56,18.68,138.02,1.0,13.45,19.58,0.6,2.68,82.0,Satisfactory,False,True,False,False,False,False,False,False,False,False,False,True,False
2017-11-19,Chennai,22.81,,5.48,19.17,14.12,323.48,0.87,12.77,16.62,0.26,2.45,62.0,Satisfactory,False,True,False,False,False,False,False,False,False,False,False,True,False
2017-11-20,Chennai,22.57,,8.23,19.09,14.46,264.99,0.86,11.02,11.44,0.71,3.09,69.0,Satisfactory,False,True,False,False,False,False,False,False,False,False,False,True,False
2017-11-21,Chennai,18.44,,11.55,22.22,16.24,301.28,0.8,12.9,9.64,0.23,1.23,61.0,Satisfactory,False,True,False,False,False,False,False,False,False,False,False,True,False
2017-11-22,Chennai,41.9,,10.58,23.9,18.52,245.08,0.74,12.47,26.93,0.33,1.61,64.0,Satisfactory,False,True,False,False,False,False,False,False,False,False,False,True,False
2017-11-23,Chennai,79.51,,10.58,29.82,25.94,235.51,0.74,12.8,33.97,0.85,2.7,126.0,Moderate,False,True,False,False,False,False,False,False,False,False,False,True,False
2017-11-24,Chennai,75.6,,11.82,27.44,26.61,328.89,0.73,15.48,27.26,0.68,2.38,158.0,Moderate,False,True,False,False,False,False,False,False,False,False,False,True,False
2017-11-25,Chennai,90.46,,8.44,29.43,22.93,222.46,0.65,15.29,45.01,0.31,1.27,184.0,Moderate,False,True,False,False,False,False,False,False,False,False,False,True,False
2017-11-26,Chennai,57.36,,6.32,20.3,15.45,297.64,0.65,11.31,29.54,0.64,1.43,136.0,Moderate,False,True,False,False,False,False,False,False,False,False,False,True,False
2017-11-27,Chennai,37.83,,7.37,22.88,16.55,233.86,0.68,15.38,19.64,0.21,1.14,87.0,Satisfactory,False,True,False,False,False,False,False,False,False,False,False,True,False
2017-11-28,Chennai,42.05,,6.88,24.99,16.62,214.16,0.76,19.09,25.07,0.44,1.47,71.0,Satisfactory,False,True,False,False,False,False,False,False,False,False,False,True,False
2017-11-29,Chennai,38.73,,11.52,22.77,19.6,283.1,0.84,11.66,26.94,0.01,0.3,75.0,Satisfactory,False,True,False,False,False,False,False,False,False,False,False,True,False
2017-11-30,Chennai,29.62,,8.12,18.18,14.21,303.53,0.58,8.83,17.88,0.03,0.61,69.0,Satisfactory,False,True,False,False,False,False,False,False,False,False,False,True,False
2017-12-01,Chennai,31.57,,6.48,19.48,14.07,248.09,0.58,9.32,34.83,0.09,0.33,57.0,Satisfactory,False,True,False,False,False,False,False,False,False,False,False,True,False
2017-12-02,Chennai,50.43,,8.33,22.98,16.1,143.57,0.54,11.23,42.02,0.05,0.08,71.0,Satisfactory,False,True,False,False,False,False,False,False,False,False,False,True,False
2017-12-03,Chennai,46.63,,9.93,20.28,15.55,285.55,0.52,14.78,31.4,0.0,0.0,90.0,Satisfactory,False,True,False,False,False,False,False,False,False,False,False,True,False
2017-12-04,Chennai,43.1,,8.57,20.66,16.56,292.52,0.57,20.97,26.7,0.11,0.56,86.0,Satisfactory,False,True,False,False,False,False,False,False,False,False,False,True,False
2017-12-05,Chennai,34.52,,9.81,23.6,14.06,280.86,0.7,10.72,30.04,0.33,1.05,76.0,Satisfactory,False,True,False,False,False,False,False,False,False,False,False,True,False
2017-12-06,Chennai,38.1,,9.12,24.27,15.27,193.71,0.67,14.01,40.77,0.07,0.83,70.0,Satisfactory,False,True,False,False,False,False,False,False,False,False,False,True,False
2017-12-07,Chennai,94.87,,7.54,27.5,18.02,175.89,0.47,17.67,40.88,0.62,1.75,143.0,Moderate,False,True,False,False,False,False,False,False,False,False,False,True,False
2017-12-08,Chennai,73.06,,8.84,30.39,21.07,138.62,0.0,14.6,47.78,1.18,2.68,175.0,Moderate,False,True,False,False,False,False,False,False,False,False,False,True,False
2017-12-09,Chennai,77.29,,11.23,31.89,20.82,139.26,0.0,12.04,38.98,1.29,3.65,156.0,Moderate,False,True,False,False,False,False,False,False,False,False,False,True,False
2017-12-10,Chennai,79.19,,14.24,25.72,18.97,166.28,0.15,9.89,45.45,0.96,3.96,163.0,Moderate,False,True,False,False,False,False,False,False,False,False,False,True,False
2017-12-11,Chennai,70.02,,8.6,20.47,16.3,161.75,0.26,7.67,55.0,1.02,1.8,153.0,Moderate,False,True,False,False,False,False,False,False,False,False,False,True,False
2017-12-12,Chennai,59.77,,15.54,23.37,20.09,132.96,0.31,6.1,28.49,0.48,1.99,126.0,Moderate,False,True,False,False,False,False,False,False,False,False,False,True,False
2017-12-13,Chennai,45.88,,10.48,16.18,14.83,102.84,0.27,9.12,19.15,2.56,3.31,93.0,Satisfactory,False,True,False,False,False,False,False,False,False,False,False,True,False
2017-12-14,Chennai,46.3,,16.43,18.6,18.59,149.76,0.23,13.19,15.41,5.85,5.58,81.0,Satisfactory,False,True,False,False,False,False,False,False,False,False,False,True,False
2017-12-15,Chennai,59.7,,8.39,21.82,14.2,244.64,0.35,11.93,27.65,3.86,3.23,95.0,Satisfactory,False,True,False,False,False,False,False,False,False,False,False,True,False
2017-12-16,Chennai,53.21,,8.19,26.4,18.54,208.34,0.17,7.92,52.58,2.32,2.1,107.0,Moderate,False,True,False,False,False,False,False,False,False,False,False,True,False
2017-12-17,Chennai,50.08,,6.93,18.91,13.79,249.01,0.09,8.69,68.71,1.98,1.51,102.0,Moderate,False,True,False,False,False,False,False,False,False,False,False,True,False
2017-12-18,Chennai,47.66,,7.49,21.38,15.45,292.82,0.22,8.65,66.46,1.96,2.09,97.0,Satisfactory,False,True,False,False,False,False,False,False,False,False,False,True,False
2017-12-19,Chennai,41.07,,6.46,25.36,16.64,185.64,0.22,21.79,61.01,3.03,2.33,91.0,Satisfactory,False,True,False,False,False,False,False,False,False,False,False,True,False
2017-12-20,Chennai,45.39,,7.25,27.36,18.2,286.59,0.22,11.48,35.3,2.94,2.85,78.0,Satisfactory,False,True,False,False,False,False,False,False,False,False,False,True,False
2017-12-21,Chennai,52.1,,10.07,21.58,17.48,166.91,0.34,10.75,25.9,2.92,2.5,93.0,Satisfactory,False,True,False,False,False,False,False,False,False,False,False,True,False
2017-12-22,Chennai,62.7,,13.71,23.85,21.68,242.56,0.24,13.33,24.92,1.77,2.26,109.0,Moderate,False,True,False,False,False,False,False,False,False,False,False,True,False
2017-12-23,Chennai,38.95,,12.3,24.36,20.49,276.08,0.14,13.21,25.37,2.13,2.94,89.0,Satisfactory,False,True,False,False,False,False,False,False,False,False,False,True,False
2017-12-24,Chennai,51.21,,10.43,23.99,19.0,265.09,0.24,15.53,25.72,1.98,3.04,83.0,Satisfactory,False,True,False,False,False,False,False,False,False,False,False,True,False
2017-12-25,Chennai,53.02,,8.82,21.51,16.38,244.15,0.3,8.9,24.74,2.25,2.95,88.0,Satisfactory,False,True,False,False,False,False,False,False,False,False,False,True,False
2017-12-26,Chennai,79.72,,14.75,25.27,23.35,161.15,0.29,14.59,37.33,1.97,2.7,113.0,Moderate,False,True,False,False,False,False,False,False,False,False,False,True,False
2017-12-27,Chennai,82.28,,10.49,23.92,19.01,249.49,0.1,13.05,58.63,1.83,2.53,186.0,Moderate,False,True,False,False,False,False,False,False,False,False,False,True,False
2017-12-28,Chennai,64.49,,18.2,28.09,27.14,192.98,0.09,11.39,38.43,2.1,3.21,148.0,Moderate,False,True,False,False,False,False,False,False,False,False,False,True,False
2017-12-29,Chennai,52.37,,11.21,28.73,20.07,207.46,0.22,12.13,35.45,1.64,4.44,95.0,Satisfactory,False,True,False,False,False,False,False,False,False,False,False,True,False
2017-12-30,Chennai,53.72,,15.88,20.64,21.65,180.82,0.28,8.92,19.64,1.56,3.92,108.0,Moderate,False,True,False,False,False,False,False,False,False,False,False,True,False
2017-12-31,Chennai,48.28,,8.51,12.16,10.97,181.06,0.17,6.62,26.74,1.51,3.4,77.0,Satisfactory,False,True,False,False,False,False,False,False,False,False,False,True,False
2018-01-01,Chennai,51.16,,8.39,13.63,11.72,175.58,0.03,6.0,28.82,2.02,2.97,89.0,Satisfactory,False,True,False,False,False,False,False,False,False,False,False,True,False
2018-01-02,Chennai,58.46,,9.6,14.95,13.17,188.29,0.075,8.23,17.19,1.58,4.07,94.0,Satisfactory,False,True,False,False,False,False,True,False,False,False,False,True,False
2018-01-03,Chennai,56.26,,10.67,17.75,15.62,219.26,0.12,12.77,26.41,1.67,3.11,105.0,Moderate,False,True,False,False,False,False,True,False,False,False,False,True,False
2018-01-04,Chennai,113.21,,8.71,18.64,14.55,165.62,0.165,11.75,40.16,1.49,3.17,184.0,Moderate,False,True,False,False,False,False,True,False,False,False,False,True,False
2018-01-05,Chennai,76.77,,8.96,17.43,14.05,202.45,0.21,16.44,31.36,1.25,3.06,176.0,Moderate,False,True,False,False,False,False,True,False,False,False,False,True,False
2018-01-06,Chennai,76.4,,7.67,17.86,13.34,112.41,0.255,29.31,42.57,1.36,3.56,158.0,Moderate,False,True,False,False,False,False,True,False,False,False,False,True,False
2018-01-07,Chennai,62.12,,8.91,15.6,13.8,110.73,0.30000000000000004,17.55,50.15,1.53,3.7,136.0,Moderate,False,True,False,False,False,False,True,False,False,False,False,True,False
2018-01-08,Chennai,75.69,,7.85,16.08,13.71,140.2,0.345,14.31,48.76,1.07,2.86,124.0,Moderate,False,True,False,False,False,False,True,False,False,False,False,True,False
2018-01-09,Chennai,55.3,,8.66,14.02,11.96,145.13,0.39,20.33,50.51,0.74,2.56,121.0,Moderate,False,True,False,False,False,False,False,False,False,False,False,True,False
2018-01-10,Chennai,66.55,,8.24,14.84,12.39,162.93,1.15,10.64,18.73,1.95,4.02,96.0,Satisfactory,False,True,False,False,False,False,False,False,False,False,False,True,False
2018-01-11,Chennai,79.23,,8.95,18.07,14.8,72.38,0.94,11.52,26.63,1.25,3.17,179.0,Moderate,False,True,False,False,False,False,False,False,False,False,False,True,False
2018-01-12,Chennai,82.65,,9.91,17.84,15.35,113.39,0.98,12.57,31.97,1.67,3.65,156.0,Moderate,False,True,False,False,False,False,False,False,False,False,False,True,False
2018-01-13,Chennai,164.37,,17.04,20.65,20.98,125.32,1.23,19.38,20.49,3.58,4.43,258.0,Poor,False,True,False,False,False,False,False,False,False,False,False,True,False
2018-01-14,Chennai,76.62,,11.78,14.82,14.32,106.54,0.93,20.61,28.71,0.94,2.54,207.0,Poor,False,True,False,False,False,False,False,False,False,False,False,True,False
2018-01-15,Chennai,68.45,,9.11,11.26,10.79,113.32,0.89,13.78,40.6,1.03,1.81,147.0,Moderate,False,True,False,False,False,False,False,False,False,False,False,True,False
2018-01-16,Chennai,74.62,,8.78,11.0,10.75,104.84,0.9,12.31,42.88,1.09,2.28,134.0,Moderate,False,True,False,False,False,False,False,False,False,False,False,True,False
2018-01-17,Chennai,71.04,,11.58,16.94,15.27,100.53,0.83,26.45,33.83,1.93,3.33,161.0,Moderate,False,True,False,False,False,False,False,False,False,False,False,True,False
2018-01-18,Chennai,67.8,,14.74,20.78,18.85,91.94,0.76,23.22,44.7,1.83,3.03,129.0,Moderate,False,True,False,False,False,False,False,False,False,False,False,True,False
2018-01-19,Chennai,70.06,,12.12,20.38,17.57,108.54,0.64,29.85,52.91,1.71,2.9,164.0,Moderate,False,True,False,False,False,False,False,False,False,False,False,True,False
2018-01-20,Chennai,68.89,,11.7,22.48,17.79,108.56,0.68,34.03,51.59,1.74,3.05,140.0,Moderate,False,True,False,False,False,False,False,False,False,False,False,True,False
2018-01-21,Chennai,85.98,,11.64,20.48,16.88,103.69,0.6,33.72,57.39,2.21,2.95,180.0,Moderate,False,True,False,False,False,False,False,False,False,False,False,True,False
2018-01-22,Chennai,70.63,,12.08,20.41,16.82,101.27,0.68,13.69,40.29,1.58,2.68,167.0,Moderate,False,True,False,False,False,False,False,False,False,False,False,True,False
2018-01-23,Chennai,80.58,,13.66,19.77,18.15,110.34,0.62,9.92,38.16,1.48,3.09,149.0,Moderate,False,True,False,False,False,False,False,False,False,False,False,True,False
2018-01-24,Chennai,80.11,,13.56,21.32,18.6,93.14,0.7,12.56,28.97,1.09,2.55,164.0,Moderate,False,True,False,False,False,False,False,False,False,False,False,True,False
2018-01-25,Chennai,84.31,,14.15,21.0,18.91,104.38,0.9,9.64,37.25,1.57,2.71,187.0,Moderate,False,True,False,False,False,False,False,False,False,False,False,True,False
2018-01-26,Chennai,74.03,,11.69,18.96,16.01,119.36,0.83,6.7,51.81,1.19,2.32,172.0,Moderate,False,True,False,False,False,False,False,False,False,False,False,True,False
2018-01-27,Chennai,79.6,,11.77,19.89,16.59,101.14,0.89,7.26,40.58,1.2,2.54,161.0,Moderate,False,True,False,False,False,False,False,False,False,False,False,True,False
2018-01-28,Chennai,71.53,,11.99,18.29,15.9,119.98,0.78,6.72,53.46,1.46,1.75,165.0,Moderate,False,True,False,False,False,False,False,False,False,False,False,True,False
2018-01-29,Chennai,73.21,,12.29,18.74,16.29,111.87,0.82,8.17,56.87,1.72,2.39,155.0,Moderate,False,True,False,False,False,False,False,False,False,False,False,True,False
2018-01-30,Chennai,68.01,,13.32,22.09,18.79,122.94,0.79,11.98,52.14,1.72,2.12,148.0,Moderate,False,True,False,False,False,False,False,False,False,False,False,True,False
2018-01-31,Chennai,72.05,,15.19,23.76,21.61,97.57,0.86,17.29,49.48,1.33,2.83,159.0,Moderate,False,True,False,False,False,False,False,False,False,False,False,True,False
2018-02-01,Chennai,66.15,,16.37,22.16,20.84,86.28,0.79,14.37,37.94,1.89,3.56,135.0,Moderate,False,True,False,False,False,False,False,False,False,False,False,True,False
2018-02-02,Chennai,78.68,,14.88,19.5,18.15,97.64,0.95,8.5,45.96,1.39,3.61,167.0,Moderate,False,True,False,False,False,False,False,False,False,False,False,True,False
2018-02-03,Chennai,74.22,,19.31,21.27,22.82,82.28,0.83,6.93,32.07,1.65,3.4,164.0,Moderate,False,True,False,False,False,False,False,False,False,False,False,True,False
2018-02-04,Chennai,37.64,,14.04,17.68,16.68,111.54,0.75,5.65,40.93,0.86,1.4,123.0,Moderate,False,True,False,False,False,False,False,False,False,False,False,True,False
2018-02-05,Chennai,38.01,,12.39,20.26,17.01,113.67,0.79,6.64,34.94,1.5,2.54,79.0,Satisfactory,False,True,False,False,False,False,False,False,False,False,False,True,False
2018-02-06,Chennai,44.18,,11.72,23.45,18.16,98.59,0.95,8.16,20.1,1.27,2.54,94.0,Satisfactory,False,True,False,False,False,False,False,False,False,False,False,True,False
2018-02-07,Chennai,33.44,,10.32,19.56,15.07,123.21,0.94,6.16,16.92,1.21,1.71,78.0,Satisfactory,False,True,False,False,False,False,False,False,False,False,False,True,False
2018-02-08,Chennai,34.52,,10.76,20.56,15.81,105.14,1.05,6.61,20.76,1.02,1.84,78.0,Satisfactory,False,True,False,False,False,False,False,False,False,False,False,True,False
2018-02-09,Chennai,49.07,,15.63,18.92,18.28,105.71,1.03,5.6,14.02,1.46,2.1,107.0,Moderate,False,True,False,False,False,False,False,False,False,False,False,True,False
2018-02-10,Chennai,50.86,,12.89,20.61,17.07,104.86,0.97,6.64,29.6,1.06,1.68,113.0,Moderate,False,True,False,False,False,False,False,False,False,False,False,True,False
2018-02-11,Chennai,52.68,,11.77,17.7,14.25,117.81,0.91,6.47,22.69,1.11,1.45,131.0,Moderate,False,True,False,False,False,False,False,False,False,False,False,True,False
2018-02-12,Chennai,46.07,,9.24,16.23,12.66,115.09,0.85,5.97,28.55,1.06,1.79,88.0,Satisfactory,False,True,False,False,False,False,False,False,False,False,False,True,False
2018-02-13,Chennai,76.41,,12.37,19.55,16.55,98.89,1.0,7.42,27.95,0.96,1.59,130.0,Moderate,False,True,False,False,False,False,False,False,False,False,False,True,False
2018-02-14,Chennai,55.38,,11.08,22.9,17.53,111.03,1.0,7.06,40.05,1.29,1.18,138.0,Moderate,False,True,False,False,False,False,False,False,False,False,False,True,False
2018-02-15,Chennai,63.06,,11.03,21.91,16.78,93.85,0.97,11.88,40.81,0.84,1.7,99.0,Satisfactory,False,True,False,False,False,False,False,False,False,False,False,True,False
2018-02-16,Chennai,57.82,,9.31,16.26,12.52,113.45,0.85,9.95,38.51,0.5,1.91,119.0,Moderate,False,True,False,False,False,False,False,False,False,False,False,True,False
2018-02-17,Chennai,55.81,,7.37,13.41,10.31,114.38,1.05,7.69,42.39,0.58,1.69,113.0,Moderate,False,True,False,False,False,False,False,False,False,False,False,True,False
2018-02-18,Chennai,70.43,,10.66,15.41,13.46,106.9,0.79,8.49,47.51,0.3,0.32,133.0,Moderate,False,True,False,False,False,False,False,False,False,False,False,True,False
2018-02-19,Chennai,67.83,,8.69,14.05,11.8,99.43,0.8,9.71,33.17,0.34,0.28,150.0,Moderate,False,True,False,False,False,False,False,False,False,False,False,True,False
2018-02-20,Chennai,63.29,,7.8,15.79,12.05,107.66,0.74,9.94,35.85,0.71,0.71,118.0,Moderate,False,True,False,False,False,False,False,False,False,False,False,True,False
2018-02-21,Chennai,74.3,,6.76,14.74,11.0,99.2,0.75,10.16,28.4,0.95,1.62,146.0,Moderate,False,True,False,False,False,False,False,False,False,False,False,True,False
2018-02-22,Chennai,59.12,,9.14,14.41,12.53,98.69,0.73,10.97,26.36,1.17,3.38,118.0,Moderate,False,True,False,False,False,False,False,False,False,False,False,True,False
2018-02-23,Chennai,50.3,,9.06,13.99,11.96,90.07,0.68,8.95,23.75,0.84,2.26,95.0,Satisfactory,False,True,False,False,False,False,False,False,False,False,False,True,False
2018-02-24,Chennai,48.95,,6.97,12.06,9.91,112.82,0.75,9.72,23.03,0.55,1.78,88.0,Satisfactory,False,True,False,False,False,False,False,False,False,False,False,True,False
2018-02-25,Chennai,31.53,,8.77,11.05,10.8,97.94,0.71,12.04,20.43,0.53,1.23,73.0,Satisfactory,False,True,False,False,False,False,False,False,False,False,False,True,False
2018-02-26,Chennai,48.05,,11.45,12.98,13.45,100.03,0.75,12.92,24.98,0.41,2.2,76.0,Satisfactory,False,True,False,False,False,False,False,False,False,False,False,True,False
2018-02-27,Chennai,73.78,,9.38,15.12,12.95,111.54,0.66,10.04,45.08,0.47,3.17,117.0,Moderate,False,True,False,False,False,False,False,False,False,False,False,True,False
2018-02-28,Chennai,95.58,,11.08,15.61,14.34,110.95,0.66,9.39,32.1,0.9,2.98,182.0,Moderate,False,True,False,False,False,False,False,False,False,False,False,True,False
2018-03-01,Chennai,100.8,,11.48,11.85,12.58,105.03,0.76,10.14,50.02,1.71,3.03,234.0,Poor,False,True,False,False,False,False,False,False,False,False,False,True,False
2018-03-02,Chennai,52.34,,9.87,11.84,11.87,96.9,0.7,9.72,40.18,1.11,2.78,138.0,Moderate,False,True,False,False,False,False,False,False,False,False,False,True,False
2018-03-03,Chennai,49.83,,7.44,12.93,10.47,96.52,0.76,10.37,50.51,0.73,2.66,115.0,Moderate,False,True,False,False,False,False,False,False,False,False,False,True,False
2018-03-04,Chennai,60.18,,8.74,13.37,11.96,82.41,0.72,9.28,33.49,0.56,2.41,113.0,Moderate,False,True,False,False,False,False,False,False,False,False,False,True,False
2018-03-05,Chennai,43.63,,8.23,10.82,10.3,95.51,0.69,7.71,24.97,0.49,1.9,93.0,Satisfactory,False,True,False,False,False,False,False,False,False,False,False,True,False
2018-03-06,Chennai,48.43,,14.0,12.83,15.17,70.36,0.69,8.42,26.86,0.62,2.41,83.0,Satisfactory,False,True,False,False,False,False,False,False,False,False,False,True,False
2018-03-07,Chennai,68.14,,10.69,16.63,14.02,71.38,0.86,5.79,33.84,0.79,2.27,113.0,Moderate,False,True,False,False,False,False,False,False,False,False,False,True,False
2018-03-08,Chennai,82.38,,24.42,22.6,27.97,29.09,0.8,9.39,33.49,0.99,3.27,174.0,Moderate,False,True,False,False,False,False,False,False,False,False,False,True,False
2018-03-09,Chennai,61.5,,10.82,16.09,14.85,24.26,0.84,7.73,39.55,0.38,3.22,126.0,Moderate,False,True,False,False,False,False,False,False,False,False,False,True,False
2018-03-10,Chennai,70.08,,12.02,16.87,15.41,24.08,0.75,7.81,33.76,0.46,5.21,128.0,Moderate,False,True,False,False,False,False,False,False,False,False,False,True,False
2018-03-11,Chennai,59.66,,8.1,15.41,12.02,28.13,0.75,12.98,45.47,0.19,0.23,128.0,Moderate,False,True,False,False,False,False,False,False,False,False,False,True,False
2018-03-12,Chennai,93.32,,7.95,14.81,10.68,32.54,1.03,12.55,17.77,0.64,0.66,118.0,Moderate,False,True,False,False,False,False,False,False,False,False,False,True,False
2018-03-13,Chennai,30.74,,8.06,12.19,10.34,32.28,1.02,7.09,18.79,0.91,0.96,153.0,Moderate,False,True,False,False,False,False,False,False,False,False,False,True,False
2018-03-14,Chennai,26.74,,8.51,15.1,11.68,43.52,0.99,7.06,14.83,1.01,0.92,74.0,Satisfactory,False,True,False,False,False,False,False,False,False,False,False,True,False
2018-03-15,Chennai,30.99,,10.02,17.35,14.92,22.56,0.95,7.31,13.35,0.89,0.83,69.0,Satisfactory,False,True,False,False,False,False,False,False,False,False,False,True,False
2018-03-16,Chennai,26.1,,8.36,17.5,13.71,25.11,0.98,5.73,14.79,1.02,0.99,78.0,Satisfactory,False,True,False,False,False,False,False,False,False,False,False,True,False
2018-03-17,Chennai,37.93,,10.02,21.89,16.28,27.18,1.09,8.57,19.13,0.73,1.09,81.0,Satisfactory,False,True,False,False,False,False,False,False,False,False,False,True,False
2018-03-18,Chennai,53.22,,14.05,18.04,16.28,49.3,0.88,20.78,26.31,0.97,0.86,89.0,Satisfactory,False,True,False,False,False,False,False,False,False,False,False,True,False
2018-03-19,Chennai,50.29,,12.84,18.55,17.53,20.84,0.99,10.23,24.22,0.96,1.13,88.0,Satisfactory,False,True,False,False,False,False,False,False,False,False,False,True,False
2018-03-20,Chennai,65.17,,15.15,17.18,18.53,28.44,0.94,11.81,21.59,1.06,1.29,108.0,Moderate,False,True,False,False,False,False,False,False,False,False,False,True,False
2018-03-21,Chennai,56.5,,10.89,19.74,16.58,28.56,1.18,9.22,21.6,1.2,1.14,115.0,Moderate,False,True,False,False,False,False,False,False,False,False,False,True,False
2018-03-22,Chennai,45.69,,9.84,18.66,15.48,27.01,1.35,7.46,28.59,1.17,1.04,93.0,Satisfactory,False,True,False,False,False,False,False,False,False,False,False,True,False
2018-03-23,Chennai,56.79,,7.37,17.43,12.52,35.85,0.98,3.84,32.94,1.26,1.55,94.0,Satisfactory,False,True,False,False,False,False,False,False,False,False,False,True,False
2018-03-24,Chennai,66.3,,6.43,13.95,9.04,28.05,1.14,5.9,37.83,1.01,2.11,127.0,Moderate,False,True,False,False,False,False,False,False,False,False,False,True,False
2018-03-25,Chennai,51.92,,8.23,11.45,7.91,25.24,1.11,3.54,25.78,1.2,1.99,117.0,Moderate,False,True,False,False,False,False,False,False,False,False,False,True,False
2018-03-26,Chennai,50.55,,8.72,17.56,11.67,25.31,1.09,9.39,21.06,1.31,2.33,109.0,Moderate,False,True,False,False,False,False,False,False,False,False,False,True,False
2018-03-27,Chennai,51.77,,9.44,19.36,13.31,24.62,1.07,7.14,12.2,1.12,2.12,109.0,Moderate,False,True,False,False,False,False,False,False,False,False,False,True,False
2018-03-28,Chennai,26.35,,8.95,20.71,13.96,22.42,1.31,4.51,14.1,0.85,1.72,90.0,Satisfactory,False,True,False,False,False,False,False,False,False,False,False,True,False
2018-03-29,Chennai,22.93,,6.89,21.13,12.43,28.69,0.91,5.95,20.3,0.73,1.66,70.0,Satisfactory,False,True,False,False,False,False,False,False,False,False,False,True,False
2018-03-30,Chennai,34.85,,6.77,17.4,11.16,24.3,0.88,6.74,31.36,1.72,1.72,69.0,Satisfactory,False,True,False,False,False,False,False,False,False,False,False,True,False
2018-03-31,Chennai,39.89,,9.23,17.85,12.92,18.18,0.82,6.34,52.63,1.82,1.14,75.0,Satisfactory,False,True,False,False,False,False,False,False,False,False,False,True,False
2018-04-01,Chennai,45.25,,11.31,18.58,13.7,19.7,0.79,7.76,62.76,0.0,0.07,86.0,Satisfactory,False,True,False,False,False,False,False,False,False,False,False,True,False
2018-04-02,Chennai,29.45,,9.46,21.64,13.43,30.41,0.74,6.52,46.55,0.15,1.2,67.0,Satisfactory,False,True,False,False,False,False,False,False,False,False,False,True,False
2018-04-03,Chennai,27.82,,10.86,18.82,13.71,29.2,0.78,6.48,38.27,0.0,4.98,68.0,Satisfactory,False,True,False,False,False,False,False,False,False,False,False,True,False
2018-04-04,Chennai,36.15,,11.83,22.47,16.57,25.19,0.97,5.81,55.15,0.65,2.92,71.0,Satisfactory,False,True,False,False,False,False,False,False,False,False,False,True,False
2018-04-05,Chennai,38.02,,10.79,19.4,14.11,29.5,1.07,7.03,56.64,0.0,0.0,81.0,Satisfactory,False,True,False,False,False,False,False,False,False,False,False,True,False
2018-04-06,Chennai,38.53,,12.02,23.13,17.25,23.39,0.91,6.96,46.24,0.7,0.64,103.0,Moderate,False,True,False,False,False,False,False,False,False,False,False,True,False
2018-04-07,Chennai,35.94,,15.42,18.76,17.41,21.23,0.59,4.99,42.24,1.17,3.35,84.0,Satisfactory,False,True,False,False,False,False,False,False,False,False,False,True,False
2018-04-08,Chennai,24.52,,19.95,16.5,19.85,20.5,0.58,11.9,46.15,1.25,1.94,62.0,Satisfactory,False,True,False,False,False,False,False,False,False,False,False,True,False
2018-04-09,Chennai,26.0,,29.11,18.95,16.58,180.87,0.51,28.17,53.25,1.09,1.95,70.0,Satisfactory,False,True,False,False,False,False,False,False,False,False,False,True,False
2018-04-10,Chennai,36.7,,16.07,15.68,16.73,17.58,0.78,30.67,23.9,0.09,5.55,66.0,Satisfactory,False,True,False,False,False,False,False,False,False,False,False,True,False
2018-04-11,Chennai,29.62,,16.23,18.65,18.24,39.23,0.77,20.43,26.55,0.16,1.87,66.0,Satisfactory,False,True,False,False,False,False,False,False,False,False,False,True,False
2018-04-12,Chennai,26.52,,13.48,17.92,15.81,56.56,0.85,6.2,20.72,2.86,7.75,61.0,Satisfactory,False,True,False,False,False,False,False,False,False,False,False,True,False
2018-04-13,Chennai,43.91,,16.32,23.73,20.6,58.65,0.92,5.03,16.83,0.21,5.73,63.0,Satisfactory,False,True,False,False,False,False,False,False,False,False,False,True,False
2018-04-14,Chennai,22.23,,14.1,20.28,17.46,54.65,0.86,4.51,23.02,0.0,1.4,61.0,Satisfactory,False,True,False,False,False,False,False,False,False,False,False,True,False
2018-04-15,Chennai,16.69,,11.42,18.36,14.52,43.94,0.74,3.97,24.7,0.0,0.26,59.0,Satisfactory,False,True,False,False,False,False,False,False,False,False,False,True,False
2018-04-16,Chennai,21.91,,12.67,20.35,16.4,43.78,0.9,4.74,23.77,0.18,0.84,61.0,Satisfactory,False,True,False,False,False,False,False,False,False,False,False,True,False
2018-04-17,Chennai,22.75,,15.33,21.92,18.98,36.47,1.06,3.34,24.69,1.44,2.43,62.0,Satisfactory,False,True,False,False,False,False,False,False,False,False,False,True,False
2018-04-18,Chennai,41.36,,14.92,21.77,18.74,27.48,0.87,3.88,24.28,4.76,10.79,56.0,Satisfactory,False,True,False,False,False,False,False,False,False,False,False,True,False
2018-04-19,Chennai,27.35,,13.64,23.87,18.85,38.75,0.93,3.44,28.49,2.53,7.84,71.0,Satisfactory,False,True,False,False,False,False,False,False,False,False,False,True,False
2018-04-20,Chennai,36.7,,12.44,23.67,17.82,25.66,0.82,4.3,31.08,3.19,5.94,65.0,Satisfactory,False,True,False,False,False,False,False,False,False,False,False,True,False
2018-04-21,Chennai,31.87,,13.86,24.81,19.04,35.95,0.85,3.77,34.68,2.45,7.1,66.0,Satisfactory,False,True,False,False,False,False,False,False,False,False,False,True,False
2018-04-22,Chennai,31.22,,10.76,20.92,15.3,28.55,0.8,3.78,32.97,1.13,6.3,55.0,Satisfactory,False,True,False,False,False,False,False,False,False,False,False,True,False
2018-04-23,Chennai,38.58,,11.23,21.53,15.93,26.69,0.78,3.35,31.38,1.63,7.19,65.0,Satisfactory,False,True,False,False,False,False,False,False,False,False,False,True,False
2018-04-24,Chennai,51.52,,15.66,23.98,20.6,37.21,0.85,4.11,27.93,1.84,9.66,76.0,Satisfactory,False,True,False,False,False,False,False,False,False,False,False,True,False
2018-04-25,Chennai,41.31,,58.08,22.21,49.33,40.34,0.85,3.37,27.55,3.28,10.95,78.0,Satisfactory,False,True,False,False,False,False,False,False,False,False,False,True,False
2018-04-26,Chennai,44.01,,38.85,26.2,39.58,54.19,0.81,5.12,29.81,3.82,11.14,89.0,Satisfactory,False,True,False,False,False,False,False,False,False,False,False,True,False
2018-04-27,Chennai,42.33,,11.77,31.66,23.4,72.04,0.88,5.02,22.95,2.05,9.3,74.0,Satisfactory,False,True,False,False,False,False,False,False,False,False,False,True,False
2018-04-28,Chennai,29.34,,12.69,33.17,24.85,73.01,0.82,4.86,15.65,2.85,9.53,62.0,Satisfactory,False,True,False,False,False,False,False,False,False,False,False,True,False
2018-04-29,Chennai,32.08,,12.09,31.66,21.08,82.96,0.84,3.63,25.58,0.73,7.29,59.0,Satisfactory,False,True,False,False,False,False,False,False,False,False,False,True,False
2018-04-30,Chennai,42.57,,12.94,40.82,24.69,87.15,0.8,3.97,29.47,1.38,9.11,68.0,Satisfactory,False,True,False,False,False,False,False,False,False,False,False,True,False
2018-05-01,Chennai,50.73,,22.85,98.77,64.31,100.02,1.71,3.39,41.65,0.71,1.09,92.0,Satisfactory,False,True,False,False,False,False,False,False,False,False,False,True,False
2018-05-02,Chennai,62.94,,19.0,70.0,47.54,77.84,0.91,5.4,57.07,1.25,2.05,112.0,Moderate,False,True,False,False,False,False,False,False,False,False,False,True,False
2018-05-03,Chennai,52.76,,14.72,32.62,25.05,106.6,0.71,7.39,45.4,1.49,2.4,111.0,Moderate,False,True,False,False,False,False,False,False,False,False,False,True,False
2018-05-04,Chennai,76.95,,38.8,73.31,77.57,209.32,0.77,4.36,40.29,1.45,2.35,127.0,Moderate,False,True,False,False,False,False,False,False,False,False,False,True,False
2018-05-05,Chennai,37.39,,32.13,79.04,59.62,125.47,0.8,4.32,24.41,1.55,2.41,128.0,Moderate,False,True,False,False,False,False,False,False,False,False,False,True,False
2018-05-06,Chennai,39.42,,19.12,39.13,32.55,31.71,0.73,5.11,30.79,1.45,2.35,77.0,Satisfactory,False,True,False,False,False,False,False,False,False,False,False,True,False
2018-05-07,Chennai,48.75,,17.33,36.82,30.08,43.43,0.78,20.65,45.6,1.3,2.22,75.0,Satisfactory,False,True,False,False,False,False,False,False,False,False,False,True,False
2018-05-08,Chennai,22.47,,20.71,39.54,33.89,69.61,0.74,9.24,23.39,1.49,2.4,77.0,Satisfactory,False,True,False,False,False,False,False,False,False,False,False,True,False
2018-05-09,Chennai,15.55,,26.57,47.0,41.88,63.64,1.37,6.74,30.84,1.64,2.73,94.0,Satisfactory,False,True,False,False,False,False,False,False,False,False,False,True,False
2018-05-10,Chennai,22.62,,15.24,30.4,25.82,64.97,0.93,7.95,23.49,0.75,0.0,80.0,Satisfactory,False,True,False,False,False,False,False,False,False,False,False,True,False
2018-05-11,Chennai,23.19,,12.7,27.47,22.08,50.25,1.1,5.67,23.89,0.0,6.83,70.0,Satisfactory,False,True,False,False,False,False,False,False,False,False,False,True,False
2018-05-12,Chennai,20.7,,13.16,25.94,21.65,27.99,1.18,6.1,17.65,0.6033333333333334,5.476666666666667,74.0,Satisfactory,False,True,False,False,False,False,False,False,False,True,True,True,False
2018-05-13,Chennai,28.08,,12.47,23.98,20.18,24.47,1.2,6.18,26.54,1.2066666666666668,4.123333333333333,77.0,Satisfactory,False,True,False,False,False,False,False,False,False,True,True,True,False
2018-05-14,Chennai,25.14,,12.41,24.3,20.3,29.59,1.15,6.23,34.08,1.81,2.77,71.0,Satisfactory,False,True,False,False,False,False,False,False,False,False,False,True,False
2018-05-15,Chennai,27.68,,12.47,25.39,20.89,29.09,1.24,6.55,33.99,1.31,2.09,79.0,Satisfactory,False,True,False,False,False,False,False,False,False,False,False,True,False
2018-05-16,Chennai,27.85,,12.09,25.05,20.45,36.46,1.27,6.31,17.05,1.45,2.34,81.0,Satisfactory,False,True,False,False,False,False,False,False,False,False,False,True,False
2018-05-17,Chennai,23.7,,12.01,24.77,20.26,33.18,1.16,7.82,19.95,1.45,2.35,82.0,Satisfactory,False,True,False,False,False,False,False,False,False,False,False,True,False
2018-05-18,Chennai,48.5,,11.75,25.61,20.47,46.55,0.86,5.65,44.79,1.36,2.23,70.0,Satisfactory,False,True,False,False,False,False,False,False,False,False,False,True,False
2018-05-19,Chennai,35.46,,11.53,23.85,19.43,49.08,0.86,6.8,48.23,1.46,2.36,81.0,Satisfactory,False,True,False,False,False,False,False,False,False,False,False,True,False
2018-05-20,Chennai,35.53,,11.39,22.6,18.7,32.6,0.85,7.94,26.21,1.5,2.41,66.0,Satisfactory,False,True,False,False,False,False,False,False,False,False,False,True,False
2018-05-21,Chennai,42.6,,14.31,23.98,21.56,54.28,0.8,6.83,29.4,1.46,2.37,64.0,Satisfactory,False,True,False,False,False,False,False,False,False,False,False,True,False
2018-05-22,Chennai,52.89,,19.02,32.72,29.83,32.11,0.81,6.22,43.92,0.54,1.06,82.0,Satisfactory,False,True,False,False,False,False,False,False,False,False,False,True,False
2018-05-23,Chennai,42.53,,14.7,24.14,21.94,39.14,0.84,6.03,33.92,0.0,0.28,84.0,Satisfactory,False,True,False,False,False,False,False,False,False,False,False,True,False
2018-05-24,Chennai,40.25,,13.85,24.44,20.48,65.33,0.78,6.28,33.21,0.06,0.55,73.0,Satisfactory,False,True,False,False,False,False,False,False,False,False,False,True,False
2018-05-25,Chennai,28.46,,13.53,21.67,19.86,71.63,0.86,6.2,24.94,0.0,0.25,64.0,Satisfactory,False,True,False,False,False,False,False,False,False,False,False,True,False
2018-05-26,Chennai,38.2,,12.09,20.58,18.25,59.67,0.88,6.46,38.06,0.02,0.62,65.0,Satisfactory,False,True,False,False,False,False,False,False,False,False,False,True,False
2018-05-27,Chennai,51.13,,12.51,20.89,18.71,80.83,0.86,5.25,51.17,0.0775,0.18,79.0,Satisfactory,False,True,False,False,False,False,False,False,False,True,False,True,False
2018-05-28,Chennai,47.54,,11.02,19.46,16.9,86.37,0.82,5.48,43.95,0.135,0.97,77.0,Satisfactory,False,True,False,False,False,False,False,False,False,True,False,True,False
2018-05-29,Chennai,46.07,,10.46,20.06,16.78,63.53,0.84,5.4,39.32,0.1925,1.19,88.0,Satisfactory,False,True,False,False,False,False,False,False,False,True,False,True,False
2018-05-30,Chennai,44.17,,10.59,20.48,17.08,33.63,0.84,6.2,43.58,0.25,2.61,82.0,Satisfactory,False,True,False,False,False,False,False,False,False,False,False,True,False
2018-05-31,Chennai,56.1,,10.48,20.55,17.04,43.79,0.82,5.1,50.16,0.23249999999999998,3.6,85.0,Satisfactory,False,True,False,False,False,False,False,False,False,True,False,True,False
2018-06-01,Chennai,57.69,,12.76,23.83,20.3,37.94,0.81,4.68,43.0,0.215,2.93,98.0,Satisfactory,False,True,False,False,False,False,False,False,False,True,False,True,False
2018-06-02,Chennai,64.65,,12.53,23.29,19.9,27.51,0.84,4.91,43.99,0.1975,3.44,124.0,Moderate,False,True,False,False,False,False,False,False,False,True,False,True,False
2018-06-03,Chennai,50.69,,11.43,22.96,18.9,26.94,0.85,6.62,47.96,0.18,4.33,98.0,Satisfactory,False,True,False,False,False,False,False,False,False,False,False,True,False
2018-06-04,Chennai,52.68,,10.96,22.99,18.57,25.18,0.76,6.78,42.95,0.0,4.22,83.0,Satisfactory,False,True,False,False,False,False,False,False,False,False,False,True,False
2018-06-05,Chennai,42.26,,10.19,22.66,17.84,28.25,0.77,6.24,34.07,0.0,3.45,86.0,Satisfactory,False,True,False,False,False,False,False,False,False,False,False,True,False
2018-06-06,Chennai,50.38,,12.65,25.11,20.84,18.57,0.88,5.87,24.65,0.32,4.8,79.0,Satisfactory,False,True,False,False,False,False,False,False,False,False,False,True,False
2018-06-07,Chennai,34.9,,10.59,22.5,18.07,17.85,0.83,5.12,27.19,0.25,5.67,66.0,Satisfactory,False,True,False,False,False,False,False,False,False,False,False,True,False
2018-06-08,Chennai,36.28,,9.76,21.78,17.0,14.52,0.79,6.26,25.31,0.11,4.27,71.0,Satisfactory,False,True,False,False,False,False,False,False,False,False,False,True,False
2018-06-09,Chennai,41.3,,9.17,20.74,16.14,20.33,0.82,5.8,32.32,0.105,2.23,67.0,Satisfactory,False,True,False,False,False,False,False,False,False,True,False,True,False
2018-06-10,Chennai,33.79,,9.29,19.98,15.87,32.25,0.79,6.33,33.45,0.1,0.95,73.0,Satisfactory,False,True,False,False,False,False,False,False,False,True,False,True,False
2018-06-11,Chennai,41.09,,11.21,23.47,18.97,34.82,0.74,5.87,23.99,0.095,3.53,73.0,Satisfactory,False,True,False,False,False,False,False,False,False,True,False,True,False
2018-06-12,Chennai,43.9,,9.65,23.69,18.09,30.86,0.8,6.19,25.17,0.09,5.72,88.0,Satisfactory,False,True,False,False,False,False,False,False,False,True,False,True,False
2018-06-13,Chennai,45.77,,14.28,32.22,25.56,30.88,0.85,5.75,26.51,0.085,4.06,88.0,Satisfactory,False,True,False,False,False,False,False,False,False,True,False,True,False
2018-06-14,Chennai,50.27,,10.84,24.55,19.27,30.39,0.8,5.64,23.98,0.08,5.26,91.0,Satisfactory,False,True,False,False,False,False,False,False,False,False,False,True,False
2018-06-15,Chennai,66.88,,8.69,21.03,15.94,21.96,0.82,5.95,31.37,0.48,5.81,97.0,Satisfactory,False,True,False,False,False,False,False,False,False,False,False,True,False
2018-06-16,Chennai,49.62,,10.37,21.35,17.28,38.18,0.83,4.42,28.32,0.386,4.36,114.0,Moderate,False,True,False,False,False,False,False,False,False,True,False,True,False
2018-06-17,Chennai,59.7,,13.14,23.76,20.48,19.59,0.78,4.97,32.73,0.29200000000000004,0.4,86.0,Satisfactory,False,True,False,False,False,False,False,False,False,True,False,True,False
2018-06-18,Chennai,48.19,,11.84,23.43,19.42,21.13,0.78,6.27,29.86,0.198,2.6,99.0,Satisfactory,False,True,False,False,False,False,False,False,False,True,False,True,False
2018-06-19,Chennai,52.41,,8.25,20.36,15.28,38.81,0.81,6.21,25.66,0.10400000000000004,2.95,90.0,Satisfactory,False,True,False,False,False,False,False,False,False,True,False,True,False
2018-06-20,Chennai,57.34,,14.47,26.73,22.85,31.04,0.79,5.71,15.15,0.01,3.21,104.0,Moderate,False,True,False,False,False,False,False,False,False,False,False,True,False
2018-06-21,Chennai,60.06,,8.04,20.06,14.97,32.22,0.8,5.9,25.05,0.0,4.43,107.0,Moderate,False,True,False,False,False,False,False,False,False,False,False,True,False
2018-06-22,Chennai,57.98,,7.82,20.51,15.03,37.83,0.79,5.65,27.11,0.0,4.83,107.0,Moderate,False,True,False,False,False,False,False,False,False,False,False,True,False
2018-06-23,Chennai,61.21,,9.42,21.55,16.64,43.98,0.79,4.85,31.31,0.09,3.08,102.0,Moderate,False,True,False,False,False,False,False,False,False,False,False,True,False
2018-06-24,Chennai,55.1,,7.89,19.88,14.78,52.01,0.81,5.48,31.74,0.1225,1.19,109.0,Moderate,False,True,False,False,False,False,False,False,False,True,False,True,False
2018-06-25,Chennai,61.59,,7.9,21.68,15.69,26.04,0.8,6.06,27.59,0.155,3.87,101.0,Moderate,False,True,False,False,False,False,False,False,False,True,False,True,False
2018-06-26,Chennai,61.34,,7.61,21.88,15.56,25.85,0.8,5.28,31.3,0.1875,4.05,112.0,Moderate,False,True,False,False,False,False,False,False,False,True,False,True,False
2018-06-27,Chennai,76.53,,7.73,20.83,15.13,36.12,0.81,5.84,25.83,0.22,4.17,133.0,Moderate,False,True,False,False,False,False,False,False,False,True,False,True,False
2018-06-28,Chennai,54.64,,7.63,20.9,15.09,21.69,0.81,5.57,29.89,0.2525,5.96,127.0,Moderate,False,True,False,False,False,False,False,False,False,True,False,True,False
2018-06-29,Chennai,57.46,,7.87,21.91,15.77,40.02,0.81,5.21,30.33,0.28500000000000003,7.68,98.0,Satisfactory,False,True,False,False,False,False,False,False,False,True,False,True,False
2018-06-30,Chennai,81.3,,7.25,20.79,14.75,14.13,0.78,6.16,40.22,0.3175,7.02,135.0,Moderate,False,True,False,False,False,False,False,False,False,True,False,True,False
2018-07-01,Chennai,68.11,,7.1,19.07,13.8,33.38,0.79,5.51,35.33,0.35,1.37,150.0,Moderate,False,True,False,False,False,False,False,False,False,True,False,True,False
2018-07-02,Chennai,87.21,,7.32,19.61,14.25,28.95,0.87,6.51,36.67,0.38249999999999995,3.87,150.0,Moderate,False,True,False,False,False,False,False,False,False,True,False,True,False
2018-07-03,Chennai,54.36,,7.04,18.16,13.28,43.75,0.88,5.53,25.71,0.41500000000000004,3.19,159.0,Moderate,False,True,False,False,False,False,False,False,False,True,False,True,False
2018-07-04,Chennai,53.97,,7.05,19.43,13.93,50.44,0.86,5.74,23.34,0.4475,1.74,93.0,Satisfactory,False,True,False,False,False,False,False,False,False,True,False,True,False
2018-07-05,Chennai,55.84,,9.19,21.43,16.19,26.72,0.84,5.91,18.21,0.48,0.82,97.0,Satisfactory,False,True,False,False,False,False,False,False,False,False,False,True,False
2018-07-06,Chennai,78.46,,10.65,23.44,18.4,47.54,0.9,5.73,13.72,1.4,2.29,128.0,Moderate,False,True,False,False,False,False,False,False,False,False,False,True,False
2018-07-07,Chennai,54.32,,15.47,24.81,22.4,19.0,0.84,4.83,16.05,0.65,1.64,135.0,Moderate,False,True,False,False,False,False,False,False,False,False,False,True,False
2018-07-08,Chennai,53.66,,8.65,20.86,15.81,59.16,0.83,6.22,23.4,0.6389473684210527,1.19,80.0,Satisfactory,False,True,False,False,False,False,False,False,False,True,False,True,False
2018-07-09,Chennai,62.38,,6.89,19.03,13.61,67.32,0.78,5.42,19.44,0.6278947368421053,1.44,106.0,Moderate,False,True,False,False,False,False,False,False,False,True,False,True,False
2018-07-10,Chennai,56.32,,7.12,19.54,14.04,57.23,0.82,5.36,17.08,0.6168421052631579,1.63,103.0,Moderate,False,True,False,False,False,False,False,False,False,True,False,True,False
2018-07-11,Chennai,49.15,,6.95,19.78,14.02,67.81,0.77,6.56,13.87,0.6057894736842105,1.78,97.0,Satisfactory,False,True,False,False,False,False,False,False,False,True,False,True,False
2018-07-12,Chennai,44.79,,7.26,19.71,14.22,51.13,0.8,6.04,11.27,0.5947368421052632,1.94,77.0,Satisfactory,False,True,False,False,False,False,False,False,False,True,False,True,False
2018-07-13,Chennai,45.82,,11.07,23.06,18.65,53.15,0.77,5.81,13.4,0.5836842105263158,2.48,84.0,Satisfactory,False,True,False,False,False,False,False,False,False,True,False,True,False
2018-07-14,Chennai,47.78,,7.81,20.11,14.77,68.04,0.78,4.79,15.14,0.5726315789473684,2.48,76.0,Satisfactory,False,True,False,False,False,False,False,False,False,True,False,True,False
2018-07-15,Chennai,50.76,,7.11,19.19,13.9,62.6,0.78,5.74,15.06,0.5615789473684211,1.31,92.0,Satisfactory,False,True,False,False,False,False,False,False,False,True,False,True,False
2018-07-16,Chennai,43.0,,7.09,18.5,10.15,63.57,0.73,5.79,16.12,0.5505263157894738,2.72,79.0,Satisfactory,False,True,False,False,False,False,False,False,False,True,False,True,False
2018-07-17,Chennai,37.08,,8.88,21.86,12.63,60.52,0.85,7.06,20.24,0.5394736842105263,2.94,66.0,Satisfactory,False,True,False,False,False,False,False,False,False,True,False,True,False
2018-07-18,Chennai,41.77,,9.6,21.3,16.76,51.1,0.82,11.13,22.81,0.5284210526315789,2.7,69.0,Satisfactory,False,True,False,False,False,False,False,False,False,True,False,True,False
2018-07-19,Chennai,47.86,,9.46,20.18,16.09,58.85,0.81,7.33,16.08,0.5173684210526316,2.48,79.0,Satisfactory,False,True,False,False,False,False,False,False,False,True,False,True,False
2018-07-20,Chennai,40.3,,9.41,20.54,16.23,68.89,0.77,6.12,18.83,0.5063157894736843,1.99,71.0,Satisfactory,False,True,False,False,False,False,False,False,False,True,False,True,False
2018-07-21,Chennai,46.01,,9.51,20.42,16.28,67.71,0.79,6.79,18.61,0.49526315789473685,1.33,70.0,Satisfactory,False,True,False,False,False,False,False,False,False,True,False,True,False
2018-07-22,Chennai,55.78,,9.22,19.34,15.5,69.06,0.83,8.48,21.63,,2.28,87.0,Satisfactory,False,True,False,False,False,False,False,False,False,True,False,True,False
2018-07-23,Chennai,50.08,,9.39,19.84,15.87,64.01,0.74,6.89,18.07,,2.7,101.0,Moderate,False,True,False,False,False,False,False,False,False,True,False,True,False
2018-07-24,Chennai,49.87,,9.38,20.72,16.3,81.33,0.81,6.18,19.22,,2.52,87.0,Satisfactory,False,True,False,False,False,False,False,False,False,True,False,True,False
2018-07-25,Chennai,35.67,,9.47,20.48,16.25,61.69,0.81,8.34,14.35,,2.41,68.0,Satisfactory,False,True,False,False,False,False,False,False,False,True,False,True,False
2018-07-26,Chennai,37.4,,11.65,21.36,18.27,65.68,0.82,11.1,16.83,,7.04,63.0,Satisfactory,False,True,False,False,False,False,False,False,False,True,False,True,False
2018-07-27,Chennai,41.69,,10.76,24.76,19.2,61.41,0.85,5.64,17.6,,7.55,63.0,Satisfactory,False,True,False,False,False,False,False,False,False,True,False,True,False
2018-07-28,Chennai,54.4,,11.38,25.2,19.98,43.4,0.81,6.54,22.09,,6.97,95.0,Satisfactory,False,True,False,False,False,False,False,False,False,True,False,True,False
2018-07-29,Chennai,54.77,,10.78,22.76,18.32,32.43,0.86,9.83,24.44,,3.19,97.0,Satisfactory,False,True,False,False,False,False,False,False,False,True,False,True,False
2018-07-30,Chennai,45.89,,10.49,23.22,18.35,22.85,0.78,7.12,22.0,,6.4,78.0,Satisfactory,False,True,False,False,False,False,False,False,False,True,False,True,False
2018-07-31,Chennai,51.13,,10.23,25.1,19.1,16.55,0.82,6.08,17.29,,4.78,93.0,Satisfactory,False,True,False,False,False,False,False,False,False,True,False,True,False
2018-08-01,Chennai,50.78,,9.88,25.12,18.84,18.58,0.86,6.97,12.09,,3.04,80.0,Satisfactory,False,True,False,False,False,False,False,False,False,True,False,True,False
2018-08-02,Chennai,39.82,,10.0,26.54,19.69,12.28,0.94,6.19,21.72,,13.84,91.0,Satisfactory,False,True,False,False,False,False,False,False,False,True,False,True,False
2018-08-03,Chennai,44.27,,8.78,22.93,16.97,15.24,0.79,7.57,25.99,,5.76,71.0,Satisfactory,False,True,False,False,False,False,False,False,False,True,False,True,False
2018-08-04,Chennai,52.36,,9.3,22.68,17.22,15.25,0.8,5.68,20.97,,6.27,79.0,Satisfactory,False,True,False,False,False,False,False,False,False,True,False,True,False
2018-08-05,Chennai,60.28,,9.4,21.71,16.82,12.9,0.78,5.85,18.82,,4.04,107.0,Moderate,False,True,False,False,False,False,False,False,False,True,False,True,False
2018-08-06,Chennai,60.81,,9.93,22.73,17.71,16.64,0.83,5.49,17.12,,7.59,123.0,Moderate,False,True,False,False,False,False,False,False,False,True,False,True,False
2018-08-07,Chennai,40.73,,9.57,21.88,17.01,14.28,0.76,5.8,15.24,,8.79,96.0,Satisfactory,False,True,False,False,False,False,False,False,False,True,False,True,False
2018-08-08,Chennai,26.05,,9.17,21.79,16.69,18.38,0.74,5.96,18.57,,1.37,57.0,Satisfactory,False,True,False,False,False,False,False,False,False,True,False,True,False
2018-08-09,Chennai,29.65,,9.48,21.28,16.65,14.63,0.81,6.67,10.56,,7.51,54.0,Satisfactory,False,True,False,False,False,False,False,False,False,True,False,True,False
2018-08-10,Chennai,45.66,,10.05,24.69,18.78,16.63,0.8,6.22,13.72,,9.88,63.0,Satisfactory,False,True,False,False,False,False,False,False,False,True,False,True,False
2018-08-11,Chennai,30.97,,10.68,23.67,18.74,16.31,0.85,7.81,9.61,,0.0,87.0,Satisfactory,False,True,False,False,False,False,False,False,False,True,False,True,False
2018-08-12,Chennai,26.95,,9.82,20.63,16.6,12.63,0.79,4.28,9.08,,5.24,60.0,Satisfactory,False,True,False,False,False,False,False,False,False,True,False,True,False
2018-08-13,Chennai,38.03,,9.84,20.26,23.9,15.54,0.86,6.47,13.44,,4.94,60.0,Satisfactory,False,True,False,False,False,False,False,False,False,True,False,True,False
2018-08-14,Chennai,35.44,,10.57,17.3,27.87,14.31,0.8,6.16,10.41,0.23,1.43,71.0,Satisfactory,False,True,False,False,False,False,False,False,False,False,False,True,False
2018-08-15,Chennai,20.43,,10.01,16.34,26.35,15.45,0.73,4.58,11.0,0.0,0.24,61.0,Satisfactory,False,True,False,False,False,False,False,False,False,False,False,True,False
2018-08-16,Chennai,26.01,,9.68,15.11,24.79,36.4,0.78,10.58,16.84,0.0,2.5,53.0,Satisfactory,False,True,False,False,False,False,False,False,False,False,False,True,False
2018-08-17,Chennai,60.61,,10.49,17.11,27.61,74.25,0.86,15.97,9.03,0.2,3.73,76.0,Satisfactory,False,True,False,False,False,False,False,False,False,False,False,True,False
2018-08-18,Chennai,55.4,,9.64,18.69,28.32,69.27,0.85,14.94,10.1,0.18875,6.74,126.0,Moderate,False,True,False,False,False,False,False,False,False,True,False,True,False
2018-08-19,Chennai,49.34,,9.68,17.73,27.41,69.49,0.8,15.14,8.17,0.17750000000000002,6.46,111.0,Moderate,False,True,False,False,False,False,False,False,False,True,False,True,False
2018-08-20,Chennai,69.17,,10.28,18.76,29.04,74.85,0.83,14.29,9.05,0.16625,8.41,152.0,Moderate,False,True,False,False,False,False,False,False,False,True,False,True,False
2018-08-21,Chennai,85.12,,9.5,16.74,26.15,68.84,0.73,15.09,7.35,0.15500000000000003,6.46,148.0,Moderate,False,True,False,False,False,False,False,False,False,True,False,True,False
2018-08-22,Chennai,52.23,,9.25,16.0,25.25,67.39,0.83,14.35,7.55,0.14375000000000002,4.54,161.0,Moderate,False,True,False,False,False,False,False,False,False,True,False,True,False
2018-08-23,Chennai,34.77,,9.48,17.76,27.24,65.92,0.81,14.77,4.86,0.1325,6.12,74.0,Satisfactory,False,True,False,False,False,False,False,False,False,True,False,True,False
2018-08-24,Chennai,40.39,,10.19,16.66,26.86,69.9,0.83,11.98,4.89,0.12125000000000001,4.99,71.0,Satisfactory,False,True,False,False,False,False,False,False,False,True,False,True,False
2018-08-25,Chennai,55.14,,9.56,16.2,25.76,61.54,0.77,13.19,6.0,0.11000000000000001,4.6,106.0,Moderate,False,True,False,False,False,False,False,False,False,True,False,True,False
2018-08-26,Chennai,32.83,,9.18,16.09,25.26,66.35,0.8,14.06,8.98,0.09875,1.74,81.0,Satisfactory,False,True,False,False,False,False,False,False,False,True,False,True,False
2018-08-27,Chennai,34.87,,9.64,18.75,28.39,71.97,0.9,12.04,10.38,0.08750000000000001,5.27,70.0,Satisfactory,False,True,False,False,False,False,False,False,False,True,False,True,False
2018-08-28,Chennai,29.44,,10.57,17.38,27.95,74.44,0.67,12.49,18.68,0.07625000000000001,4.56,62.0,Satisfactory,False,True,False,False,False,False,False,False,False,True,False,True,False
2018-08-29,Chennai,32.56,,12.06,19.87,31.81,65.29,0.83,11.59,18.48,0.065,6.41,58.0,Satisfactory,False,True,False,False,False,False,False,False,False,True,False,True,False
2018-08-30,Chennai,50.7,,10.67,16.49,27.15,14.89,0.82,10.61,19.46,0.05375000000000002,7.59,89.0,Satisfactory,False,True,False,False,False,False,False,False,False,True,False,True,False
2018-08-31,Chennai,29.65,,10.65,15.98,26.63,9.19,0.93,13.07,19.14,0.04250000000000001,5.94,83.0,Satisfactory,False,True,False,False,False,False,False,False,False,True,False,True,False
2018-09-01,Chennai,38.58,,11.66,19.22,30.79,18.85,0.84,12.61,24.39,,7.97,65.0,Satisfactory,False,True,False,False,False,False,False,False,False,True,False,True,False
2018-09-02,Chennai,47.56,,9.99,20.74,30.72,18.32,0.78,13.98,32.26,0.02,7.17,84.0,Satisfactory,False,True,False,False,False,False,False,False,False,False,False,True,False
2018-09-03,Chennai,42.77,,9.72,15.68,25.39,12.99,0.97,14.76,44.5,0.03,5.62,83.0,Satisfactory,False,True,False,False,False,False,False,False,False,False,False,True,False
2018-09-04,Chennai,54.8,,9.69,16.89,26.57,17.71,0.85,12.8,50.33,0.03,10.27,87.0,Satisfactory,False,True,False,False,False,False,False,False,False,False,False,True,False
2018-09-05,Chennai,47.98,,9.59,16.8,26.39,17.27,0.72,9.42,44.4,0.03,4.71,111.0,Moderate,False,True,False,False,False,False,False,False,False,True,False,True,False
2018-09-06,Chennai,61.47,,9.47,16.96,26.43,20.23,0.9,6.19,39.37,0.03,2.76,93.0,Satisfactory,False,True,False,False,False,False,False,False,False,True,False,True,False
2018-09-07,Chennai,48.17,,10.31,16.34,26.31,28.24,0.99,8.08,32.63,0.03,2.03,108.0,Moderate,False,True,False,False,False,False,False,False,False,True,False,True,False
2018-09-08,Chennai,67.78,,9.96,16.92,26.88,30.08,0.93,14.86,33.69,0.03,0.79,118.0,Moderate,False,True,False,False,False,False,False,False,False,True,False,True,False
2018-09-09,Chennai,30.81,,9.27,15.16,24.42,23.29,0.85,7.37,43.7,0.03,0.68,115.0,Moderate,False,True,False,False,False,False,False,False,False,True,False,True,False
2018-09-10,Chennai,41.96,,10.4,18.5,28.9,22.0,0.78,5.85,35.48,0.03,0.05,68.0,Satisfactory,False,True,False,False,False,False,False,False,False,False,False,True,False
2018-09-11,Chennai,40.59,,10.09,16.37,26.44,17.26,0.85,5.71,33.64,0.02,0.07,79.0,Satisfactory,False,True,False,False,False,False,False,False,False,False,False,True,False
2018-09-12,Chennai,44.5,,10.67,16.44,27.1,27.07,0.74,4.94,36.56,0.05,0.14,70.0,Satisfactory,False,True,False,False,False,False,False,False,False,False,False,True,False
2018-09-13,Chennai,45.96,,9.82,15.41,25.22,18.84,0.81,5.26,43.52,0.0,1.07,86.0,Satisfactory,False,True,False,False,False,False,False,False,False,False,False,True,False
2018-09-14,Chennai,82.38,,9.42,14.86,24.28,21.58,0.76,5.34,35.37,0.11,0.25,161.0,Moderate,False,True,False,False,False,False,False,False,False,False,False,True,False
2018-09-15,Chennai,42.08,,9.91,16.23,26.14,24.24,0.8,6.92,41.45,0.06,0.23,112.0,Moderate,False,True,False,False,False,False,False,False,False,False,False,True,False
2018-09-16,Chennai,43.25,,9.73,16.5,26.23,28.89,0.93,6.42,37.48,0.0,0.05,97.0,Satisfactory,False,True,False,False,False,False,False,False,False,False,False,True,False
2018-09-17,Chennai,30.77,,14.5,19.66,34.16,33.81,1.1,10.04,29.89,0.02,0.21,96.0,Satisfactory,False,True,False,False,False,False,False,False,False,False,False,True,False
2018-09-18,Chennai,44.32,,13.53,20.0,33.53,35.42,0.86,11.07,15.27,0.0,0.19,92.0,Satisfactory,False,True,False,False,False,False,False,False,False,False,False,True,False
2018-09-19,Chennai,24.98,,14.67,19.13,33.81,28.55,0.89,7.27,13.27,0.02,0.05,80.0,Satisfactory,False,True,False,False,False,False,False,False,False,False,False,True,False
2018-09-20,Chennai,55.76,,15.03,21.45,36.47,51.46,1.09,8.13,15.8,0.0,0.8,92.0,Satisfactory,False,True,False,False,False,False,False,False,False,False,False,True,False
2018-09-21,Chennai,49.28,,10.95,18.84,29.79,27.61,0.83,6.23,22.41,0.02,1.22,109.0,Moderate,False,True,False,False,False,False,False,False,False,False,False,True,False
2018-09-22,Chennai,50.3,,10.07,19.48,29.55,38.8,0.78,5.06,24.6,0.024,0.65,108.0,Moderate,False,True,False,False,False,False,False,False,False,True,False,True,False
2018-09-23,Chennai,50.51,,9.81,14.26,24.07,46.92,0.67,5.8,20.67,0.028,0.79,89.0,Satisfactory,False,True,False,False,False,False,False,False,False,True,False,True,False
2018-09-24,Chennai,31.02,,11.02,15.16,26.17,52.74,0.99,5.68,21.88,0.032,1.26,111.0,Moderate,False,True,False,False,False,False,False,False,False,True,False,True,False
2018-09-25,Chennai,43.43,,11.18,16.56,27.74,41.41,0.99,6.98,17.92,0.036000000000000004,1.34,107.0,Moderate,False,True,False,False,False,False,False,False,False,True,False,True,False
2018-09-26,Chennai,61.73,,11.06,14.65,25.69,40.82,0.94,6.47,16.79,0.04,0.23,93.0,Satisfactory,False,True,False,False,False,False,False,False,False,False,False,True,False
2018-09-27,Chennai,28.2,,10.21,13.68,23.88,53.67,0.74,5.66,14.0,0.08,0.0,111.0,Moderate,False,True,False,False,False,False,False,False,False,False,False,True,False
2018-09-28,Chennai,22.68,,11.25,13.15,24.39,55.26,0.78,7.46,13.21,0.09,0.91,54.0,Satisfactory,False,True,False,False,False,False,False,False,False,False,False,True,False
2018-09-29,Chennai,71.65,,11.08,13.36,24.44,46.25,0.66,6.62,11.13,0.0,0.25,58.0,Satisfactory,False,True,False,False,False,False,False,False,False,False,False,True,False
2018-09-30,Chennai,64.87,,11.14,13.77,24.91,45.68,0.83,7.98,12.69,0.0,1.32,157.0,Moderate,False,True,False,False,False,False,False,False,False,False,False,True,False
2018-10-01,Chennai,32.53,,11.97,12.48,24.44,60.08,1.0,7.23,14.15,0.1,1.37,82.0,Satisfactory,False,True,False,False,False,False,False,False,False,False,False,True,False
2018-10-02,Chennai,22.28,,11.63,13.11,24.73,47.8,0.97,7.93,13.46,0.03,1.43,66.0,Satisfactory,False,True,False,False,False,False,False,False,False,False,False,True,False
2018-10-03,Chennai,17.89,,10.88,12.81,23.68,73.66,0.78,7.96,12.78,0.06,1.6,63.0,Satisfactory,False,True,False,False,False,False,False,False,False,False,False,True,False
2018-10-04,Chennai,20.58,,14.36,15.72,29.87,50.7,1.16,17.2,10.81,0.02,7.33,66.0,Satisfactory,False,True,False,False,False,False,False,False,False,False,False,True,False
2018-10-05,Chennai,23.68,,17.31,18.38,35.69,45.62,1.05,27.34,14.23,0.15,7.88,75.0,Satisfactory,False,True,False,False,False,False,False,False,False,False,False,True,False
2018-10-06,Chennai,16.7,,14.62,15.29,29.91,55.39,1.08,24.43,15.03,0.39,10.52,81.0,Satisfactory,False,True,False,False,False,False,False,False,False,False,False,True,False
2018-10-07,Chennai,34.54,,12.76,13.8,26.55,56.32,0.72,9.43,19.43,0.0,24.92,65.0,Satisfactory,False,True,False,False,False,False,False,False,False,False,False,True,False
2018-10-08,Chennai,36.11,,13.24,17.82,31.0,68.46,0.85,10.98,18.66,0.08,18.97,69.0,Satisfactory,False,True,False,False,False,False,False,False,False,False,False,True,False
2018-10-09,Chennai,61.0,,12.17,17.82,29.99,62.49,1.09,9.66,23.62,0.11,5.19,96.0,Satisfactory,False,True,False,False,False,False,False,False,False,False,False,True,False
2018-10-10,Chennai,70.42,,13.47,21.12,34.59,50.74,0.95,11.67,24.71,0.64,6.02,164.0,Moderate,False,True,False,False,False,False,False,False,False,False,False,True,False
2018-10-11,Chennai,53.49,,10.88,19.25,30.12,53.93,0.88,7.72,35.36,0.26,3.19,147.0,Moderate,False,True,False,False,False,False,False,False,False,False,False,True,False
2018-10-12,Chennai,48.26,,9.52,18.38,27.85,72.48,0.96,6.41,33.56,0.06,0.45,90.0,Satisfactory,False,True,False,False,False,False,False,False,False,False,False,True,False
2018-10-13,Chennai,39.7,,9.2,13.52,22.7,74.8,0.88,6.21,30.89,0.08,0.54,82.0,Satisfactory,False,True,False,False,False,False,False,False,False,False,False,True,False
2018-10-14,Chennai,40.74,,9.93,15.82,25.64,73.68,0.66,8.16,30.56,0.12,0.25,65.0,Satisfactory,False,True,False,False,False,False,False,False,False,False,False,True,False
2018-10-15,Chennai,40.91,,9.23,12.85,22.08,83.04,0.88,7.04,29.96,0.08,0.39,70.0,Satisfactory,False,True,False,False,False,False,False,False,False,False,False,True,False
2018-10-16,Chennai,29.82,,10.8,12.68,23.42,56.22,0.8,7.54,17.9,0.0,0.14,68.0,Satisfactory,False,True,False,False,False,False,False,False,False,False,False,True,False
2018-10-17,Chennai,33.85,,12.34,15.63,27.86,58.51,1.06,8.69,16.26,0.49,0.8,77.0,Satisfactory,False,True,False,False,False,False,False,False,False,False,False,True,False
2018-10-18,Chennai,31.6,,12.48,17.18,29.65,61.61,0.94,6.33,18.73,0.08,0.69,67.0,Satisfactory,False,True,False,False,False,False,False,False,False,False,False,True,False
2018-10-19,Chennai,39.65,,13.75,19.41,33.15,74.61,1.1,11.52,25.74,0.05,0.99,91.0,Satisfactory,False,True,False,False,False,False,False,False,False,False,False,True,False
2018-10-20,Chennai,66.17,,13.49,22.31,35.57,68.62,1.12,10.13,18.13,0.6,1.15,110.0,Moderate,False,True,False,False,False,False,False,False,False,False,False,True,False
2018-10-21,Chennai,65.55,,10.73,16.62,26.02,106.37,0.89,6.7,19.48,0.13,4.75,124.0,Moderate,False,True,False,False,False,False,False,False,False,False,False,True,False
2018-10-22,Chennai,168.81,,12.38,19.55,30.6,81.41,0.96,15.4,19.31,0.03,8.32,218.0,Poor,False,True,False,False,False,False,False,False,False,False,False,True,False
2018-10-23,Chennai,73.57,,12.45,20.24,31.36,53.42,0.63,10.54,20.21,0.02,2.55,170.0,Moderate,False,True,False,False,False,False,False,False,False,False,False,True,False
2018-10-24,Chennai,76.77,,13.08,19.44,31.19,73.34,0.75,9.99,15.61,0.05,0.0,160.0,Moderate,False,True,False,False,False,False,False,False,False,False,False,True,False
2018-10-25,Chennai,72.83,,11.23,21.39,31.3,79.17,0.87,6.88,18.69,0.03,0.21,140.0,Moderate,False,True,False,False,False,False,False,False,False,False,False,True,False
2018-10-26,Chennai,72.24,,10.48,19.89,28.88,103.82,2.03,8.35,25.47,0.54,0.32,144.0,Moderate,False,True,False,False,False,False,False,False,False,False,False,True,False
2018-10-27,Chennai,61.5,,10.49,23.1,32.54,83.85,0.82,15.7,31.79,0.05,0.45,126.0,Moderate,False,True,False,False,False,False,False,False,False,False,False,True,False
2018-10-28,Chennai,59.79,,9.19,20.55,29.44,103.85,0.97,10.0,50.28,0.03,1.36,115.0,Moderate,False,True,False,False,False,False,False,False,False,False,False,True,False
2018-10-29,Chennai,75.15,,8.86,19.05,27.9,93.1,0.84,5.44,52.32,0.07,1.88,158.0,Moderate,False,True,False,False,False,False,False,False,False,False,False,True,False
2018-10-30,Chennai,34.51,,9.26,17.96,27.21,99.69,0.8,7.44,21.44,0.09,1.25,98.0,Satisfactory,False,True,False,False,False,False,False,False,False,False,False,True,False
2018-10-31,Chennai,28.16,,12.78,17.33,30.1,88.8,1.15,6.32,15.54,0.13,1.12,78.0,Satisfactory,False,True,False,False,False,False,False,False,False,False,False,True,False
2018-11-01,Chennai,27.63,,13.25,17.66,30.91,99.75,1.09,7.29,13.71,0.37,1.48,83.0,Satisfactory,False,True,False,False,False,False,False,False,False,False,False,True,False
2018-11-02,Chennai,28.58,,11.29,15.78,27.01,103.28,1.1,5.72,17.25,0.2,0.89,89.0,Satisfactory,False,True,False,False,False,False,False,False,False,False,False,True,False
2018-11-03,Chennai,35.6,,9.47,14.37,23.55,84.08,0.87,7.7,23.51,0.05,0.65,65.0,Satisfactory,False,True,False,False,False,False,False,False,False,False,False,True,False
2018-11-04,Chennai,86.21,,10.83,13.34,24.03,88.05,0.79,15.54,26.27,0.03,0.43,167.0,Moderate,False,True,False,False,False,False,False,False,False,False,False,True,False
2018-11-05,Chennai,35.2,,12.3,15.35,27.64,106.45,0.99,17.81,22.85,0.0,0.65,85.0,Satisfactory,False,True,False,False,False,False,False,False,False,False,False,True,False
2018-11-06,Chennai,55.01,,13.88,17.64,30.82,113.81,1.03,12.25,21.38,0.08,0.4,72.0,Satisfactory,False,True,False,False,False,False,False,False,False,False,False,True,False
2018-11-07,Chennai,59.06,,14.79,18.17,30.88,112.75,0.99,14.09,24.89,0.04,0.97,128.0,Moderate,False,True,False,False,False,False,False,False,False,False,False,True,False
2018-11-08,Chennai,49.98,,11.95,21.91,31.42,101.65,0.94,8.6,20.71,0.07,0.05,96.0,Satisfactory,False,True,False,False,False,False,False,False,False,False,False,True,False
2018-11-09,Chennai,74.73,,11.44,16.56,25.77,90.68,1.14,6.03,25.98,0.02,0.39,133.0,Moderate,False,True,False,False,False,False,False,False,False,False,False,True,False
2018-11-10,Chennai,70.81,,11.21,20.53,28.01,85.32,1.22,10.87,23.79,0.08,0.02,137.0,Moderate,False,True,False,False,False,False,False,False,False,False,False,True,False
2018-11-11,Chennai,82.59,,10.61,17.52,25.69,101.08,1.06,12.87,28.45,0.02,0.0,155.0,Moderate,False,True,False,False,False,False,False,False,False,False,False,True,False
2018-11-12,Chennai,92.17,,10.36,19.12,26.84,102.19,1.23,11.44,31.5,0.02,0.05,185.0,Moderate,False,True,False,False,False,False,False,False,False,False,False,True,False
2018-11-13,Chennai,111.04,,11.08,22.32,30.73,99.8,1.19,10.76,46.49,0.01,0.09,231.0,Poor,False,True,False,False,False,False,False,False,False,False,False,True,False
2018-11-14,Chennai,84.77,,9.62,21.1,29.59,96.22,1.01,12.45,36.28,0.09,0.22,210.0,Poor,False,True,False,False,False,False,False,False,False,False,False,True,False
2018-11-15,Chennai,47.01,,9.26,16.54,24.8,95.63,0.99,10.97,25.99,0.0,0.55,135.0,Moderate,False,True,False,False,False,False,False,False,False,False,False,True,False
2018-11-16,Chennai,17.03,,9.44,14.07,22.92,103.8,0.98,12.81,16.2,0.08,1.57,68.0,Satisfactory,False,True,False,False,False,False,False,False,False,False,False,True,False
2018-11-17,Chennai,28.73,,11.09,16.46,26.96,103.08,1.0,8.51,13.6,0.12,1.44,71.0,Satisfactory,False,True,False,False,False,False,False,False,False,False,False,True,False
2018-11-18,Chennai,31.8,,12.3,15.57,27.07,98.47,0.99,8.95,12.32,0.11,0.05,78.0,Satisfactory,False,True,False,False,False,False,False,False,False,False,False,True,False
2018-11-19,Chennai,22.03,,10.28,13.35,23.22,102.83,1.03,13.48,18.24,0.13,2.38,70.0,Satisfactory,False,True,False,False,False,False,False,False,False,False,False,True,False
2018-11-20,Chennai,42.81,,9.43,15.15,23.8,107.93,1.09,8.75,19.48,0.16,0.98,72.0,Satisfactory,False,True,False,False,False,False,False,False,False,False,False,True,False
2018-11-21,Chennai,20.36,,9.54,13.69,22.53,103.82,0.88,7.71,14.62,0.1,0.1,65.0,Satisfactory,False,True,False,False,False,False,False,False,False,False,False,True,False
2018-11-22,Chennai,19.76,,11.59,17.85,28.68,40.44,0.92,9.4,15.4,0.21,0.23,60.0,Satisfactory,False,True,False,False,False,False,False,False,False,False,False,True,False
2018-11-23,Chennai,47.76,,10.19,18.11,27.7,59.67,1.0,7.81,28.75,0.2,0.23,70.0,Satisfactory,False,True,False,False,False,False,False,False,False,False,False,True,False
2018-11-24,Chennai,92.89,,10.97,21.25,31.62,62.72,0.94,6.77,37.14,0.09,0.31,162.0,Moderate,False,True,False,False,False,False,False,False,False,False,False,True,False
2018-11-25,Chennai,112.05,,10.69,18.89,28.95,51.32,0.95,6.22,37.01,0.11,0.1,234.0,Poor,False,True,False,False,False,False,False,False,False,False,False,True,False
2018-11-26,Chennai,81.75,,11.61,24.37,35.11,30.88,1.05,6.7,46.88,0.28,0.17,211.0,Poor,False,True,False,False,False,False,False,False,False,False,False,True,False
2018-11-27,Chennai,65.56,,11.48,22.07,32.76,39.32,1.24,7.59,43.13,0.15,0.22,141.0,Moderate,False,True,False,False,False,False,False,False,False,False,False,True,False
2018-11-28,Chennai,61.8,,10.68,20.05,30.02,39.76,0.94,7.35,34.91,0.12,1.07,123.0,Moderate,False,True,False,False,False,False,False,False,False,False,False,True,False
2018-11-29,Chennai,46.73,,9.87,18.07,27.3,34.41,0.87,6.72,35.7,0.11,0.68,90.0,Satisfactory,False,True,False,False,False,False,False,False,False,False,False,True,False
2018-11-30,Chennai,47.84,,10.57,18.47,28.31,36.59,0.91,10.09,26.2,0.16,0.54,79.0,Satisfactory,False,True,False,False,False,False,False,False,False,False,False,True,False
2018-12-01,Chennai,54.15,,11.52,19.72,30.54,34.77,0.85,14.74,25.18,0.14,0.2,96.0,Satisfactory,False,True,False,False,False,False,False,False,False,False,False,True,False
2018-12-02,Chennai,23.09,,9.79,16.96,26.02,30.73,0.82,10.53,22.14,0.09,0.15,74.0,Satisfactory,False,True,False,False,False,False,False,False,False,False,False,True,False
2018-12-03,Chennai,30.61,,10.09,17.89,26.81,34.09,1.09,8.84,26.18,0.11,0.54,67.0,Satisfactory,False,True,False,False,False,False,False,False,False,False,False,True,False
2018-12-04,Chennai,23.0,,10.71,17.59,27.4,29.41,0.98,8.25,15.45,0.09,0.28,80.0,Satisfactory,False,True,False,False,False,False,False,False,False,False,False,True,False
2018-12-05,Chennai,31.74,,11.82,17.71,28.85,43.69,1.16,8.29,27.94,0.11,0.81,86.0,Satisfactory,False,True,False,False,False,False,False,False,False,False,False,True,False
2018-12-06,Chennai,47.92,,10.65,17.19,27.19,41.31,1.03,7.77,25.65,0.17,0.16,87.0,Satisfactory,False,True,False,False,False,False,False,False,False,False,False,True,False
2018-12-07,Chennai,85.53,,10.88,16.76,26.96,40.97,1.06,8.44,27.6,0.2,0.23,129.0,Moderate,False,True,False,False,False,False,False,False,False,False,False,True,False
2018-12-08,Chennai,98.92,,8.91,16.05,24.43,43.28,1.06,7.98,30.72,0.03,0.29,221.0,Poor,False,True,False,False,False,False,False,False,False,False,False,True,False
2018-12-09,Chennai,98.35,,8.72,14.89,23.02,38.86,1.05,8.5,32.88,0.21,0.22,224.0,Poor,False,True,False,False,False,False,False,False,False,False,False,True,False
2018-12-10,Chennai,95.16,,9.63,16.81,25.93,42.8,1.39,9.0,27.31,0.0,0.19,222.0,Poor,False,True,False,False,False,False,False,False,False,False,False,True,False
2018-12-11,Chennai,84.65,,10.78,19.54,29.71,41.8,1.13,11.76,25.82,0.05,0.05,196.0,Moderate,False,True,False,False,False,False,False,False,False,False,False,True,False
2018-12-12,Chennai,86.54,,14.93,23.86,37.55,37.36,1.04,12.46,30.5,0.13,0.28,195.0,Moderate,False,True,False,False,False,False,False,False,False,False,False,True,False
2018-12-13,Chennai,51.85,,11.78,20.16,31.05,36.35,1.05,12.84,23.49,0.27,0.18,154.0,Moderate,False,True,False,False,False,False,False,False,False,False,False,True,False
2018-12-14,Chennai,52.68,,10.47,19.97,29.69,36.71,1.08,8.68,24.09,0.15,0.36,86.0,Satisfactory,False,True,False,False,False,False,False,False,False,False,False,True,False
2018-12-15,Chennai,87.0,,8.19,16.49,23.66,29.36,0.94,9.89,48.79,0.1,0.88,149.0,Moderate,False,True,False,False,False,False,False,False,False,False,False,True,False
2018-12-16,Chennai,55.49,,8.6,14.61,22.21,24.23,0.77,8.78,46.55,0.17,0.28,155.0,Moderate,False,True,False,False,False,False,False,False,False,False,False,True,False
2018-12-17,Chennai,52.86,,9.28,17.97,26.53,34.09,1.17,10.81,49.14,0.08,0.11,89.0,Satisfactory,False,True,False,False,False,False,False,False,False,False,False,True,False
2018-12-18,Chennai,73.87,,10.86,19.64,29.8,33.53,1.1,13.49,24.64,0.34,0.54,148.0,Moderate,False,True,False,False,False,False,False,False,False,False,False,True,False
2018-12-19,Chennai,28.98,,8.89,15.74,23.98,36.52,0.97,13.94,19.24,0.13,0.78,90.0,Satisfactory,False,True,False,False,False,False,False,False,False,False,False,True,False
2018-12-20,Chennai,48.11,,9.6,16.31,24.8,46.63,0.99,10.77,21.85,0.21,0.57,78.0,Satisfactory,False,True,False,False,False,False,False,False,False,False,False,True,False
2018-12-21,Chennai,38.97,,9.16,15.8,24.41,56.57,0.94,9.74,27.3,0.23,0.58,81.0,Satisfactory,False,True,False,False,False,False,False,False,False,False,False,True,False
2018-12-22,Chennai,48.35,,8.72,15.84,23.85,56.85,0.84,8.34,34.56,0.21,0.66,82.0,Satisfactory,False,True,False,False,False,False,False,False,False,False,False,True,False
2018-12-23,Chennai,63.44,,9.86,16.53,25.66,59.66,0.91,9.02,27.99,0.08,0.22,109.0,Moderate,False,True,False,False,False,False,False,False,False,False,False,True,False
2018-12-24,Chennai,67.45,,8.74,16.54,24.58,61.08,1.03,10.8,37.41,0.26,0.42,137.0,Moderate,False,True,False,False,False,False,False,False,False,False,False,True,False
2018-12-25,Chennai,80.95,,10.29,17.86,27.37,56.93,1.04,12.48,36.12,0.08,1.79,150.0,Moderate,False,True,False,False,False,False,False,False,False,False,False,True,False
2018-12-26,Chennai,96.38,,9.95,16.16,25.49,56.87,0.93,9.28,36.73,0.15,1.82,217.0,Poor,False,True,False,False,False,False,False,False,False,False,False,True,False
2018-12-27,Chennai,111.83,,11.01,17.01,27.37,56.72,1.39,16.0,37.12,0.28,0.83,182.0,Moderate,False,True,False,False,False,False,False,False,False,False,False,True,False
2018-12-28,Chennai,68.25,,10.69,16.16,26.23,32.55,1.08,11.95,32.06,0.17,3.25,160.0,Moderate,False,True,False,False,False,False,False,False,False,False,False,True,False
2018-12-29,Chennai,110.85,,11.31,16.27,25.86,15.8,1.01,11.11,31.96,0.12,2.93,205.0,Poor,False,True,False,False,False,False,False,False,False,False,False,True,False
2018-12-30,Chennai,100.68,,9.06,9.74,16.02,16.09,0.8,8.52,47.92,0.05,0.81,211.0,Poor,False,True,False,False,False,False,False,False,False,False,False,True,False
2018-12-31,Chennai,57.67,,7.58,11.22,17.0,16.92,1.01,17.04,69.62,0.05,0.51,150.0,Moderate,False,True,False,False,False,False,False,False,False,False,False,True,False
2019-01-01,Chennai,122.43,,6.07,13.22,18.62,28.4,0.86,18.33,56.82,0.16,0.44,212.0,Poor,False,True,False,False,False,False,False,False,False,False,False,True,False
2019-01-02,Chennai,54.14,,6.1,13.9,19.05,31.32,1.0,14.34,36.38,0.06,1.74,158.0,Moderate,False,True,False,False,False,False,False,False,False,False,False,True,False
2019-01-03,Chennai,97.13,,6.48,14.86,20.62,34.77,0.99,15.54,42.23,0.18,1.13,167.0,Moderate,False,True,False,False,False,False,False,False,False,False,False,True,False
2019-01-04,Chennai,74.64,,7.23,14.64,21.03,63.69,0.9,15.84,47.31,0.13,0.45,192.0,Moderate,False,True,False,False,False,False,False,False,False,False,False,True,False
2019-01-05,Chennai,74.23,,7.77,13.88,20.84,57.52,0.98,11.74,48.85,0.03,1.3,116.0,Moderate,False,True,False,False,False,False,False,False,False,False,False,True,False
2019-01-06,Chennai,92.7,,8.24,14.49,21.97,63.61,0.86,14.62,30.74,0.07,2.1,186.0,Moderate,False,True,False,False,False,False,False,False,False,False,False,True,False
2019-01-07,Chennai,70.73,,7.24,14.19,20.57,63.64,0.86,13.32,31.93,0.03,2.19,168.0,Moderate,False,True,False,False,False,False,False,False,False,False,False,True,False
2019-01-08,Chennai,59.25,,8.56,16.18,23.85,93.11,0.84,17.38,31.65,0.1,3.21,108.0,Moderate,False,True,False,False,False,False,False,False,False,False,False,True,False
2019-01-09,Chennai,98.11,,7.21,13.92,20.37,191.23,0.85,12.12,46.05,0.03,1.36,185.0,Moderate,False,True,False,False,False,False,False,False,False,False,False,True,False
2019-01-10,Chennai,89.42,,9.15,14.95,23.31,162.85,0.81,11.52,39.2,0.07,2.11,181.0,Moderate,False,True,False,False,False,False,False,False,False,False,False,True,False
2019-01-11,Chennai,129.92,,8.0,13.7,21.07,64.09,0.9,15.08,48.29,0.14,2.6,199.0,Moderate,False,True,False,False,False,False,False,False,False,False,False,True,False
2019-01-12,Chennai,65.08,,7.11,12.88,19.41,62.16,0.89,9.37,44.27,0.16,1.12,183.0,Moderate,False,True,False,False,False,False,False,False,False,False,False,True,False
2019-01-13,Chennai,38.64,,6.7,12.93,19.21,63.82,1.08,13.8,41.06,0.15,2.16,105.0,Moderate,False,True,False,False,False,False,False,False,False,False,False,True,False
2019-01-14,Chennai,58.12,,5.55,12.57,17.7,63.79,0.97,19.57,54.55,1.64,2.23,110.0,Moderate,False,True,False,False,False,False,False,False,False,False,False,True,False
2019-01-15,Chennai,45.89,,5.4,11.56,16.57,63.11,1.2,19.9,52.62,0.08,0.74,115.0,Moderate,False,True,False,False,False,False,False,False,False,False,False,True,False
2019-01-16,Chennai,49.6,,5.7,11.33,16.56,63.85,0.84,17.67,40.96,0.08,2.72,97.0,Satisfactory,False,True,False,False,False,False,False,False,False,False,False,True,False
2019-01-17,Chennai,68.44,,5.84,11.15,16.51,63.66,0.89,17.24,50.43,0.22,4.33,111.0,Moderate,False,True,False,False,False,False,False,False,False,False,False,True,False
2019-01-18,Chennai,66.96,,5.99,11.39,17.1,64.33,1.04,19.54,56.44,0.3,2.38,140.0,Moderate,False,True,False,False,False,False,False,False,False,False,False,True,False
2019-01-19,Chennai,58.99,,6.01,11.74,17.4,63.91,0.89,17.95,45.77,0.02,2.82,131.0,Moderate,False,True,False,False,False,False,False,False,False,False,False,True,False
2019-01-20,Chennai,40.6,,5.22,12.43,17.11,65.22,0.97,11.27,35.54,0.07,2.69,102.0,Moderate,False,True,False,False,False,False,False,False,False,False,False,True,False
2019-01-21,Chennai,65.59,,5.98,12.28,17.8,48.52,0.92,9.07,39.49,0.09,3.86,98.0,Satisfactory,False,True,False,False,False,False,False,False,False,False,False,True,False
2019-01-22,Chennai,70.94,,6.12,12.25,18.36,16.57,0.87,15.54,40.99,0.22,1.92,176.0,Moderate,False,True,False,False,False,False,False,False,False,False,False,True,False
2019-01-23,Chennai,27.64,,6.02,12.07,18.09,16.84,0.87,16.66,39.45,0.13,0.33,92.0,Satisfactory,False,True,False,False,False,False,False,False,False,False,False,True,False
2019-01-24,Chennai,45.17,,5.66,12.0,17.49,30.26,1.01,15.18,36.67,0.18,0.74,99.0,Satisfactory,False,True,False,False,False,False,False,False,False,False,False,True,False
2019-01-25,Chennai,28.02,,6.76,12.21,18.97,65.78,0.9,8.45,27.67,0.13,0.48,73.0,Satisfactory,False,True,False,False,False,False,False,False,False,False,False,True,False
2019-01-26,Chennai,19.33,,5.23,10.38,15.61,65.95,0.83,8.05,25.33,0.1,1.44,68.0,Satisfactory,False,True,False,False,False,False,False,False,False,False,False,True,False
2019-01-27,Chennai,16.58,,5.53,10.66,16.2,65.49,0.97,10.56,22.97,0.1,0.5,70.0,Satisfactory,False,True,False,False,False,False,False,False,False,False,False,True,False
2019-01-28,Chennai,18.58,,5.36,10.43,15.61,65.01,0.99,16.53,33.89,0.05,0.31,71.0,Satisfactory,False,True,False,False,False,False,False,False,False,False,False,True,False
2019-01-29,Chennai,41.52,,5.37,12.27,17.65,64.29,1.01,26.06,37.91,0.08,0.06,84.0,Satisfactory,False,True,False,False,False,False,False,False,False,False,False,True,False
2019-01-30,Chennai,55.3,,5.41,12.14,17.54,64.06,0.97,15.23,45.84,0.03,0.05,120.0,Moderate,False,True,False,False,False,False,False,False,False,False,False,True,False
2019-01-31,Chennai,81.09,,5.7,11.73,17.43,64.5,0.98,10.95,41.59,0.02,0.05,144.0,Moderate,False,True,False,False,False,False,False,False,False,False,False,True,False
2019-02-01,Chennai,42.07,,5.66,11.85,17.51,64.85,0.93,20.89,45.34,0.12,0.0,147.0,Moderate,False,True,False,False,False,False,False,False,False,False,False,True,False
2019-02-02,Chennai,42.72,,5.49,12.05,17.55,64.64,0.93,17.98,37.96,0.03,0.88,99.0,Satisfactory,False,True,False,False,False,False,False,False,False,False,False,True,False
2019-02-03,Chennai,31.09,,5.43,11.26,16.7,64.87,0.93,9.54,36.74,0.0,0.0,84.0,Satisfactory,False,True,False,False,False,False,False,False,False,False,False,True,False
2019-02-04,Chennai,46.95,,5.28,11.89,17.17,64.78,0.94,8.95,43.27,0.03,0.2,86.0,Satisfactory,False,True,False,False,False,False,False,False,False,False,False,True,False
2019-02-05,Chennai,44.37,,5.38,12.34,17.72,64.59,1.01,8.29,55.63,0.0,0.16,115.0,Moderate,False,True,False,False,False,False,False,False,False,False,False,True,False
2019-02-06,Chennai,60.55,,6.33,13.45,17.64,65.28,0.99,8.82,52.24,0.0,1.18,149.0,Moderate,False,True,False,False,False,False,False,False,False,False,False,True,False
2019-02-07,Chennai,52.94,,5.92,12.16,18.08,64.89,1.1,9.04,41.97,0.03,1.16,138.0,Moderate,False,True,False,False,False,False,False,False,False,False,False,True,False
2019-02-08,Chennai,28.42,,5.83,11.83,17.64,66.42,1.07,9.01,33.31,0.03,1.12,87.0,Satisfactory,False,True,False,False,False,False,False,False,False,True,False,True,False
2019-02-09,Chennai,21.04,,5.63,10.92,16.49,66.69,0.91,12.96,18.49,0.03,1.25,77.0,Satisfactory,False,True,False,False,False,False,False,False,False,True,False,True,False
2019-02-10,Chennai,12.77,,5.81,10.88,16.68,66.05,1.0,16.47,18.45,0.03,1.13,67.0,Satisfactory,False,True,False,False,False,False,False,False,False,True,False,True,False
2019-02-11,Chennai,37.37,,5.19,10.27,15.46,65.78,1.04,26.99,31.72,0.03,1.04,77.0,Satisfactory,False,True,False,False,False,False,False,False,False,False,False,True,False
2019-02-12,Chennai,56.04,,4.77,10.73,15.5,64.94,1.01,13.74,57.84,0.06,1.14,126.0,Moderate,False,True,False,False,False,False,False,False,False,False,False,True,False
2019-02-13,Chennai,106.04,,4.84,12.07,16.89,64.45,0.96,10.38,79.41,0.03,0.93,200.0,Moderate,False,True,False,False,False,False,False,False,False,False,False,True,False
2019-02-14,Chennai,178.54,,4.91,11.68,16.58,65.17,1.03,11.87,56.47,0.0,0.0,283.0,Poor,False,True,False,False,False,False,False,False,False,False,False,True,False
2019-02-15,Chennai,42.85,,5.76,11.22,16.98,66.85,1.08,12.88,32.8,0.0,0.0,187.0,Moderate,False,True,False,False,False,False,False,False,False,False,False,True,False
2019-02-16,Chennai,45.41,,5.62,11.06,16.68,66.58,0.94,6.55,26.4,0.09,0.05,87.0,Satisfactory,False,True,False,False,False,False,False,False,False,False,False,True,False
2019-02-17,Chennai,44.51,,5.62,10.9,16.52,67.23,0.92,7.69,18.38,0.12,0.2,93.0,Satisfactory,False,True,False,False,False,False,False,False,False,False,False,True,False
2019-02-18,Chennai,26.55,,5.61,10.6,16.21,67.5,0.98,9.65,17.49,0.02,0.17,80.0,Satisfactory,False,True,False,False,False,False,False,False,False,False,True,True,False
2019-02-19,Chennai,17.11,,5.63,10.58,16.21,67.6,0.99,9.46,17.42,0.0,0.14,78.0,Satisfactory,False,True,False,False,False,False,False,False,False,False,True,True,False
2019-02-20,Chennai,16.6,,7.43,11.75,19.18,67.41,0.91,20.24,20.24,0.03,0.11,66.0,Satisfactory,False,True,False,False,False,False,False,False,False,False,True,True,False
2019-02-21,Chennai,32.92,,6.14,11.21,17.35,66.43,1.06,21.39,21.84,0.0,0.08,75.0,Satisfactory,False,True,False,False,False,False,False,False,False,False,True,True,False
2019-02-22,Chennai,37.45,,6.23,11.82,18.06,66.08,1.09,23.61,32.82,0.0,0.05,104.0,Moderate,False,True,False,False,False,False,False,False,False,False,False,True,False
2019-02-23,Chennai,25.55,,8.62,13.88,22.5,42.52,1.01,17.84,42.25,0.03,0.14250000000000002,101.0,Moderate,False,True,False,False,False,False,False,False,False,False,True,True,False
2019-02-24,Chennai,37.37,,8.53,12.35,20.87,16.42,0.95,10.08,33.15,0.0,0.235,89.0,Satisfactory,False,True,False,False,False,False,False,False,False,False,True,True,False
2019-02-25,Chennai,74.05,,5.93,11.7,17.55,16.61,1.12,6.72,29.26,0.05,0.3275,105.0,Moderate,False,True,False,False,False,False,False,False,False,False,True,True,False
2019-02-26,Chennai,199.98,,6.87,12.07,18.94,16.9,1.08,9.36,18.88,0.02,0.42,279.0,Poor,False,True,False,False,False,False,False,False,False,False,False,True,False
2019-02-27,Chennai,33.9,,6.01,10.65,16.65,18.24,0.89,8.94,17.23,0.03,0.05,127.0,Moderate,False,True,False,False,False,False,False,False,False,False,False,True,False
2019-02-28,Chennai,87.38,,8.18,14.43,18.56,10.21,0.72,9.0,16.65,0.04,2.44,100.0,Satisfactory,False,True,False,False,False,False,False,False,False,False,False,True,False
2019-03-01,Chennai,114.56,,5.26,11.01,15.91,33.31,0.82,12.89,15.1,0.03,0.0,102.0,Moderate,False,True,False,False,False,False,False,False,False,False,False,True,False
2019-03-02,Chennai,176.07,,9.14,15.07,22.05,198.23,0.66,30.02,18.42,0.05,4.11,252.0,Poor,False,True,False,False,False,False,False,False,False,False,False,True,False
2019-03-03,Chennai,38.85,,10.81,18.86,28.19,167.9,0.6,20.68,19.22,0.045,0.09,128.0,Moderate,False,True,False,False,False,False,False,False,False,True,False,True,False
2019-03-04,Chennai,43.48,,7.49,13.32,20.28,83.05,0.81,6.32,19.86,0.04,2.74,76.0,Satisfactory,False,True,False,False,False,False,False,False,False,True,False,True,False
2019-03-05,Chennai,53.2,,28.01,27.1,37.82,118.25,0.81,17.25,22.26,0.035,3.0,87.0,Satisfactory,False,True,False,False,False,False,False,False,False,True,False,True,False
2019-03-06,Chennai,58.19,,9.84,12.09,23.09,28.67,0.81,11.03,21.23,0.03,3.44,111.0,Moderate,False,True,False,False,False,False,False,False,False,False,False,True,False
2019-03-07,Chennai,39.87,,22.45,20.52,29.17,21.72,0.78,4.02,23.03,0.05,2.64,105.0,Moderate,False,True,False,False,False,False,False,False,False,False,False,True,False
2019-03-08,Chennai,38.91,,10.75,14.39,20.43,7.06,0.77,5.58,21.08,0.03,1.26,85.0,Satisfactory,False,True,False,False,False,False,False,False,False,False,False,True,False
2019-03-09,Chennai,36.46,,22.03,21.64,29.51,27.86,0.83,5.6,26.0,0.07,0.94,90.0,Satisfactory,False,True,False,False,False,False,False,False,False,False,False,True,False
2019-03-10,Chennai,27.7,,43.34,44.19,56.47,23.83,0.67,7.05,18.63,0.0,0.27,83.0,Satisfactory,False,True,False,False,False,False,False,False,False,False,False,True,False
2019-03-11,Chennai,28.47,,13.69,18.38,25.53,10.33,0.77,9.82,17.53,0.0,0.77,66.0,Satisfactory,False,True,False,False,False,False,False,False,False,False,False,True,False
2019-03-12,Chennai,52.63,,28.37,25.52,40.42,21.22,0.75,11.08,26.92,0.05,0.47,89.0,Satisfactory,False,True,False,False,False,False,False,False,False,False,False,True,False
2019-03-13,Chennai,76.63,,19.61,23.74,33.94,21.44,0.91,9.2,25.37,0.0,5.14,143.0,Moderate,False,True,False,False,False,False,False,False,False,False,False,True,False
2019-03-14,Chennai,58.09,,14.37,21.05,32.56,20.01,0.77,8.2,31.6,0.09,5.32,155.0,Moderate,False,True,False,False,False,False,False,False,False,False,False,True,False
2019-03-15,Chennai,52.87,,18.81,20.97,33.91,24.09,0.8,7.74,34.93,0.03,3.24,100.0,Satisfactory,False,True,False,False,False,False,False,False,False,False,False,True,False
2019-03-16,Chennai,48.11,,25.6,24.86,40.11,40.38,0.71,13.08,29.95,0.0,0.45,86.0,Satisfactory,False,True,False,False,False,False,False,False,False,False,False,True,False
2019-03-17,Chennai,57.58,,13.92,19.0,31.42,13.98,0.85,14.42,34.31,0.0,0.0,106.0,Moderate,False,True,False,False,False,False,False,False,False,False,False,True,False
2019-03-18,Chennai,37.31,,31.9,32.45,43.22,61.25,0.79,8.64,24.25,0.02,0.63,86.0,Satisfactory,False,True,False,False,False,False,False,False,False,False,False,True,False
2019-03-19,Chennai,42.32,,17.13,21.72,30.91,57.93,0.81,5.91,18.89,0.08,0.91,87.0,Satisfactory,False,True,False,False,False,False,False,False,False,False,False,True,False
2019-03-20,Chennai,63.83,,11.41,17.29,27.52,32.6,0.71,3.9,28.14,0.05,1.16,103.0,Moderate,False,True,False,False,False,False,False,False,False,False,False,True,False
2019-03-21,Chennai,50.63,,5.73,10.35,20.35,15.42,0.65,5.61,28.28,0.05,0.06,138.0,Moderate,False,True,False,False,False,False,False,False,False,False,False,True,False
2019-03-22,Chennai,41.01,,6.95,12.16,20.64,39.88,0.84,10.28,27.87,0.052500000000000005,0.05,102.0,Moderate,False,True,False,False,False,False,False,False,False,True,False,True,False
2019-03-23,Chennai,37.13,,12.15,19.38,30.54,14.46,0.72,7.05,22.44,0.055,0.59,95.0,Satisfactory,False,True,False,False,False,False,False,False,False,True,False,True,False
2019-03-24,Chennai,34.61,,18.14,22.46,38.8,20.98,0.82,6.74,10.75,0.057499999999999996,0.0,83.0,Satisfactory,False,True,False,False,False,False,False,False,False,True,False,True,False
2019-03-25,Chennai,35.94,,17.24,17.53,35.08,14.04,0.77,6.63,23.65,0.06,0.32,83.0,Satisfactory,False,True,False,False,False,False,False,False,False,False,False,True,False
2019-03-26,Chennai,39.29,,20.5,24.94,39.59,25.58,0.87,7.07,36.49,0.057999999999999996,0.0,87.0,Satisfactory,False,True,False,False,False,False,False,False,False,True,False,True,False
2019-03-27,Chennai,33.41,,7.09,13.74,22.99,2.79,0.92,6.04,37.94,0.056,0.05,81.0,Satisfactory,False,True,False,False,False,False,False,False,False,True,False,True,False
2019-03-28,Chennai,38.14,,8.82,16.52,27.32,2.04,0.71,6.29,40.81,0.054,0.11,81.0,Satisfactory,False,True,False,False,False,False,False,False,False,True,False,True,False
2019-03-29,Chennai,38.04,,7.99,15.39,26.66,1.76,0.85,6.68,41.51,0.052000000000000005,0.0,73.0,Satisfactory,False,True,False,False,False,False,False,False,False,True,False,True,False
2019-03-30,Chennai,37.22,,9.58,16.77,27.97,4.76,0.77,5.95,37.59,0.05,0.06,81.0,Satisfactory,False,True,False,False,False,False,False,False,False,False,False,True,False
2019-03-31,Chennai,62.24,,6.29,14.06,20.18,1.69,1.05,6.52,21.53,0.0,0.07,100.0,Satisfactory,False,True,False,False,False,False,False,False,False,False,True,True,False
2019-04-01,Chennai,68.09,,6.55,12.5,19.02,1.34,0.98,6.34,19.13,0.02,0.08,130.0,Moderate,False,True,False,False,False,False,False,False,False,False,True,True,False
2019-04-02,Chennai,49.42,,6.38,12.07,18.37,1.33,0.93,6.2,21.34,0.0,0.09,126.0,Moderate,False,True,False,False,False,False,False,False,False,False,True,True,False
2019-04-03,Chennai,48.12,,6.33,14.01,20.33,1.43,0.93,7.04,14.11,0.02,0.1,117.0,Moderate,False,True,False,False,False,False,False,False,False,False,False,True,False
2019-04-04,Chennai,32.88,,6.22,14.81,21.02,1.58,1.02,6.15,12.54,0.0,0.5628571428571428,89.0,Satisfactory,False,True,False,False,False,False,False,False,False,False,True,True,False
2019-04-05,Chennai,36.23,,6.05,13.53,19.51,1.59,1.05,6.42,11.4,0.03,1.0257142857142856,100.0,Satisfactory,False,True,False,False,False,False,False,False,False,False,True,True,False
2019-04-06,Chennai,34.35,,5.77,15.09,20.85,1.8,1.1,6.55,12.49,0.03,1.4885714285714284,101.0,Moderate,False,True,False,False,False,False,False,False,False,False,True,True,False
2019-04-07,Chennai,32.33,,5.7,14.5,20.17,1.86,0.95,6.51,13.51,0.0,1.9514285714285713,99.0,Satisfactory,False,True,False,False,False,False,False,False,False,False,True,True,False
2019-04-08,Chennai,54.52,,6.37,14.32,21.4,1.69,0.97,6.91,12.61,0.05,2.414285714285714,98.0,Satisfactory,False,True,False,False,False,False,False,False,False,False,True,True,False
2019-04-09,Chennai,37.03,,10.12,17.66,29.58,1.79,0.94,6.95,13.35,0.03,2.877142857142857,112.0,Moderate,False,True,False,False,False,False,False,False,False,False,True,True,False
2019-04-10,Chennai,59.54,,10.06,18.69,30.53,1.85,1.07,6.59,12.89,0.02,3.34,111.0,Moderate,False,True,False,False,False,False,False,False,False,False,False,True,False
2019-04-11,Chennai,56.02,,9.88,16.66,28.5,1.74,1.08,6.87,13.58,0.03,3.43,110.0,Moderate,False,True,False,False,False,False,False,False,False,False,False,True,False
2019-04-12,Chennai,37.18,,10.21,16.69,28.63,1.61,1.0,6.18,13.42,0.0,3.71,100.0,Satisfactory,False,True,False,False,False,False,False,False,False,False,False,True,False
2019-04-13,Chennai,36.18,,10.39,15.55,27.86,1.35,1.0,6.42,20.27,0.0,3.66,79.0,Satisfactory,False,True,False,False,False,False,False,False,False,False,False,True,False
2019-04-14,Chennai,31.9,,9.96,15.54,27.71,1.42,0.99,7.55,13.17,0.03,3.81,76.0,Satisfactory,False,True,False,False,False,False,False,False,False,False,False,True,False
2019-04-15,Chennai,24.24,,7.58,13.18,23.89,1.46,1.1,7.16,15.81,0.03,4.19,76.0,Satisfactory,False,True,False,False,False,False,False,False,False,False,False,True,False
2019-04-16,Chennai,19.48,,6.43,11.66,20.56,1.48,1.09,6.89,14.36,0.0,4.63,70.0,Satisfactory,False,True,False,False,False,False,False,False,False,False,False,True,False
2019-04-17,Chennai,17.27,,6.34,9.96,16.1,3.17,1.01,6.69,15.7,0.02,5.0,73.0,Satisfactory,False,True,False,False,False,False,False,False,False,False,False,True,False
2019-04-18,Chennai,12.95,,5.66,10.23,15.89,1.45,0.9,6.74,14.86,0.03,3.66,62.0,Satisfactory,False,True,False,False,False,False,False,False,False,False,False,True,False
2019-04-19,Chennai,25.41,,11.08,9.13,14.37,1.6,0.97,6.85,13.7,0.11,3.03,66.0,Satisfactory,False,True,False,False,False,False,False,False,False,False,False,True,False
2019-04-20,Chennai,24.99,,4.39,8.88,12.67,4.55,1.06,6.58,16.87,0.16,2.77,81.0,Satisfactory,False,True,False,False,False,False,False,False,False,False,False,True,False
2019-04-21,Chennai,29.32,,6.18,10.31,16.03,1.61,0.98,7.53,17.5,0.11,0.71,85.0,Satisfactory,False,True,False,False,False,False,False,False,False,False,False,True,False
2019-04-22,Chennai,24.75,,5.34,10.58,15.67,3.0,1.06,5.86,11.95,0.15,2.48,74.0,Satisfactory,False,True,False,False,False,False,False,False,False,False,False,True,False
2019-04-23,Chennai,29.82,,7.77,10.27,17.47,8.61,0.97,6.31,9.1,1.23,0.37,74.0,Satisfactory,False,True,False,False,False,False,False,False,False,False,False,True,False
2019-04-24,Chennai,29.52,,7.05,11.35,18.01,3.84,1.06,6.08,9.33,0.13,0.28,73.0,Satisfactory,False,True,False,False,False,False,False,False,False,False,False,True,False
2019-04-25,Chennai,31.55,,6.06,11.27,17.15,2.24,1.07,6.68,11.18,0.1,0.25,76.0,Satisfactory,False,True,False,False,False,False,False,False,False,False,False,True,False
2019-04-26,Chennai,35.22,,5.65,11.22,16.86,1.84,0.97,5.85,12.59,0.26,0.21,75.0,Satisfactory,False,True,False,False,False,False,False,False,False,False,False,True,False
2019-04-27,Chennai,25.49,,5.86,11.24,17.1,1.75,1.01,6.68,13.31,0.18,0.16,69.0,Satisfactory,False,True,False,False,False,False,False,False,False,False,False,True,False
2019-04-28,Chennai,26.74,,5.73,10.97,16.69,1.72,1.05,5.6,14.98,0.09,0.09,71.0,Satisfactory,False,True,False,False,False,False,False,False,False,False,False,True,False
2019-04-29,Chennai,26.4,,5.94,10.88,16.81,1.8,1.13,6.99,15.45,0.03,0.05,75.0,Satisfactory,False,True,False,False,False,False,False,False,False,False,False,True,False
2019-04-30,Chennai,35.36,,5.95,11.02,16.96,1.67,1.13,6.21,18.63,0.02,0.2,78.0,Satisfactory,False,True,False,False,False,False,False,False,False,False,False,True,False
2019-05-01,Chennai,29.99,,5.19,11.74,16.91,2.05,1.17,6.16,18.49,0.0,0.12,80.0,Satisfactory,False,True,False,False,False,False,False,False,False,False,False,True,False
2019-05-02,Chennai,30.49,,5.47,13.48,18.94,1.78,1.06,6.44,19.34,0.07,0.29,78.0,Satisfactory,False,True,False,False,False,False,False,False,False,False,False,True,False
2019-05-03,Chennai,30.39,,7.84,14.41,20.99,12.12,0.99,5.91,25.11,0.05,0.06,78.0,Satisfactory,False,True,False,False,False,False,False,False,False,False,False,True,False
2019-05-04,Chennai,37.24,,5.65,13.77,19.28,3.69,1.01,5.05,26.4,0.15,0.17,80.0,Satisfactory,False,True,False,False,False,False,False,False,False,False,False,True,False
2019-05-05,Chennai,38.9,,4.96,12.95,17.51,3.5,1.02,5.84,26.22,0.03,0.06,79.0,Satisfactory,False,True,False,False,False,False,False,False,False,False,False,True,False
2019-05-06,Chennai,38.07,,5.22,13.52,18.37,2.4,1.08,6.29,17.59,0.1,0.0,82.0,Satisfactory,False,True,False,False,False,False,False,False,False,False,False,True,False
2019-05-07,Chennai,38.63,,5.84,16.66,22.2,2.34,1.11,6.78,14.78,0.74,0.81,83.0,Satisfactory,False,True,False,False,False,False,False,False,False,False,False,True,False
2019-05-08,Chennai,42.78,,6.41,15.19,21.57,2.48,1.02,6.36,21.36,0.16,0.96,75.0,Satisfactory,False,True,False,False,False,False,False,False,False,False,False,True,False
2019-05-09,Chennai,35.59,,7.28,16.77,24.0,2.79,1.14,7.45,26.79,0.162,3.18,79.0,Satisfactory,False,True,False,False,False,False,False,False,False,True,False,True,False
2019-05-10,Chennai,38.39,,6.78,18.05,24.83,2.17,1.13,6.51,13.48,0.164,2.82,77.0,Satisfactory,False,True,False,False,False,False,False,False,False,True,False,True,False
2019-05-11,Chennai,65.3,,56.45,52.6,61.02,116.71,1.03,7.0,30.18,0.166,0.0,126.0,Moderate,False,True,False,False,False,False,False,False,False,True,False,True,False
2019-05-12,Chennai,51.8,,29.31,34.91,47.97,40.12,0.92,7.02,18.9,0.168,0.0,150.0,Moderate,False,True,False,False,False,False,False,False,False,True,False,True,False
2019-05-13,Chennai,66.57,,22.78,30.03,41.69,35.36,1.05,7.7,19.47,0.17,0.06,135.0,Moderate,False,True,False,False,False,False,False,False,False,False,False,True,False
2019-05-14,Chennai,66.85,,22.35,29.99,41.86,29.8,1.01,6.68,35.41,0.09,0.15,145.0,Moderate,False,True,False,False,False,False,False,False,False,False,False,True,False
2019-05-15,Chennai,55.19,,8.96,24.05,30.37,35.98,0.85,7.1,34.3,0.15,0.09,132.0,Moderate,False,True,False,False,False,False,False,False,False,False,False,True,False
2019-05-16,Chennai,44.66,,8.24,13.84,21.13,25.79,1.04,5.75,32.88,0.09,0.29,107.0,Moderate,False,True,False,False,False,False,False,False,False,False,False,True,False
2019-05-17,Chennai,41.39,,7.03,13.98,21.0,25.29285714285714,1.24,4.42,39.97,0.07,0.13,102.0,Moderate,False,True,False,False,False,True,False,False,False,False,False,True,False
2019-05-18,Chennai,39.71,,7.13,13.64,20.76,24.795714285714286,0.76,4.99,35.56,0.14,0.08,88.0,Satisfactory,False,True,False,False,False,True,False,False,False,False,False,True,False
2019-05-19,Chennai,36.38,,8.03,13.84,21.86,24.298571428571428,0.83,4.23,32.61,0.18,0.03,83.0,Satisfactory,False,True,False,False,False,True,False,False,False,False,False,True,False
2019-05-20,Chennai,22.72,,7.78,13.92,21.68,23.80142857142857,0.9,5.18,28.16,0.18,0.05,76.0,Satisfactory,False,True,False,False,False,True,False,False,False,False,False,True,False
2019-05-21,Chennai,23.34,,7.32,14.83,22.14,23.30428571428571,1.0,5.34,28.86,0.04,0.07,71.0,Satisfactory,False,True,False,False,False,True,False,False,False,False,False,True,False
2019-05-22,Chennai,27.06,,8.1,14.39,22.48,22.807142857142857,1.22,4.63,27.46,0.02,0.06,80.0,Satisfactory,False,True,False,False,False,True,False,False,False,False,False,True,False
2019-05-23,Chennai,45.92,,7.92,13.27,20.26,22.31,1.08,5.04,34.69,0.17,0.07,79.0,Satisfactory,False,True,False,False,False,False,False,False,False,False,False,True,False
2019-05-24,Chennai,47.34,,7.39,11.77,17.59,21.95,1.07,7.08,38.11,0.28,0.54,113.0,Moderate,False,True,False,False,False,False,False,False,False,False,False,True,False
2019-05-25,Chennai,47.85,,7.43,12.34,18.52,17.89,0.96,6.2,45.64,0.39,0.43,124.0,Moderate,False,True,False,False,False,False,False,False,False,False,False,True,False
2019-05-26,Chennai,48.62,,7.39,12.94,18.87,19.66,1.05,7.3,51.3,0.39,0.39,131.0,Moderate,False,True,False,False,False,False,False,False,False,False,False,True,False
2019-05-27,Chennai,45.57,,7.4,13.06,18.69,24.34,1.17,6.69,47.23,0.31,0.31,113.0,Moderate,False,True,False,False,False,False,False,False,False,False,False,True,False
2019-05-28,Chennai,74.16,,7.89,13.81,19.57,27.04,1.23,7.55,42.45,0.2,0.45,132.0,Moderate,False,True,False,False,False,False,False,False,False,False,False,True,False
2019-05-29,Chennai,54.73,,7.94,13.96,20.24,23.03,1.31,7.3,38.78,0.37,0.39,137.0,Moderate,False,True,False,False,False,False,False,False,False,False,False,True,False
2019-05-30,Chennai,65.19,,8.7,14.2,21.1,22.91,1.03,7.43,51.03,0.2,1.15,141.0,Moderate,False,True,False,False,False,False,False,False,False,False,False,True,False
2019-05-31,Chennai,53.41,,8.19,15.62,21.75,36.18,1.1,7.66,60.96,0.07,1.81,156.0,Moderate,False,True,False,False,False,False,False,False,False,False,False,True,False
2019-06-01,Chennai,45.73,,7.97,10.86,17.17,21.04,0.89,7.58,67.66,0.16,2.75,148.0,Moderate,False,True,False,False,False,False,False,False,False,False,False,True,False
2019-06-02,Chennai,57.97,,8.69,10.76,16.84,23.32,0.77,6.82,74.0,0.19,0.59,143.0,Moderate,False,True,False,False,False,False,False,False,False,False,False,True,False
2019-06-03,Chennai,58.15,,7.38,11.26,17.26,16.79,1.22,8.53,79.9,0.03,0.97,161.0,Moderate,False,True,False,False,False,False,False,False,False,False,False,True,False
2019-06-04,Chennai,60.53,,7.45,11.26,17.92,13.53,1.12,6.89,65.54,0.05,1.08,143.0,Moderate,False,True,False,False,False,False,False,False,False,False,False,True,False
2019-06-05,Chennai,52.59,,6.71,11.21,16.92,15.32,0.92,8.24,70.18,0.31,1.62,153.0,Moderate,False,True,False,False,False,False,False,False,False,False,False,True,False
2019-06-06,Chennai,54.06,,6.63,13.32,18.59,15.41,0.94,7.89,38.04,0.16,1.05,132.0,Moderate,False,True,False,False,False,False,False,False,False,False,False,True,False
2019-06-07,Chennai,42.32,,8.12,17.56,19.22,29.81,1.07,7.13,47.78,0.11,3.29,94.0,Satisfactory,False,True,False,False,False,False,False,False,False,False,False,True,False
2019-06-08,Chennai,55.84,,6.02,17.07,14.38,11.98,1.06,6.74,70.67,0.02,2.9,126.0,Moderate,False,True,False,False,False,False,False,False,False,False,False,True,False
2019-06-09,Chennai,47.85,,6.05,14.7,11.47,17.39,1.11,6.49,57.18,0.09,0.65,119.0,Moderate,False,True,False,False,False,False,False,False,False,False,False,True,False
2019-06-10,Chennai,54.9,,15.1,26.93,21.56,22.14,1.3,5.75,42.43,0.13,0.53,100.0,Satisfactory,False,True,False,False,False,False,False,False,False,False,False,True,False
2019-06-11,Chennai,51.79,,13.97,27.66,25.92,33.45,1.31,4.02,57.29,0.1,0.81,116.0,Moderate,False,True,False,False,False,False,False,False,False,False,False,True,False
2019-06-12,Chennai,51.48,,8.55,23.0,18.18,23.29,1.05,5.79,53.52,0.12,1.3,119.0,Moderate,False,True,False,False,False,False,False,False,False,False,False,True,False
2019-06-13,Chennai,37.78,,9.96,24.04,20.21,49.88,1.05,3.78,47.65,0.1,1.43,110.0,Moderate,False,True,False,False,False,False,False,False,False,False,False,True,False
2019-06-14,Chennai,41.03,,12.23,34.45,33.73,6.51,1.09,4.38,48.14,0.0,0.97,91.0,Satisfactory,False,True,False,False,False,False,False,False,False,False,False,True,False
2019-06-15,Chennai,53.31,,8.42,23.57,21.36,7.83,1.06,4.57,39.39,0.05,0.37,89.0,Satisfactory,False,True,False,False,False,False,False,False,False,False,False,True,False
2019-06-16,Chennai,42.09,,8.41,21.94,20.24,7.85,0.98,7.97,40.82,0.05,0.3,87.0,Satisfactory,False,True,False,False,False,False,False,False,False,False,False,True,False
2019-06-17,Chennai,56.12,,9.34,24.69,23.37,10.06,1.0,9.62,25.3,0.13,1.6,80.0,Satisfactory,False,True,False,False,False,False,False,False,False,False,False,True,False
2019-06-18,Chennai,56.8,,8.86,25.31,23.7,8.41,1.18,7.35,43.82,0.03,1.08,108.0,Moderate,False,True,False,False,False,False,False,False,False,False,False,True,False
2019-06-19,Chennai,41.22,48.55,7.44,19.57,20.43,16.98,0.99,10.2,43.0,0.0,0.47,91.0,Satisfactory,False,False,False,False,False,False,False,False,False,False,False,True,False
2019-06-20,Chennai,36.82,55.76,9.37,21.33,24.79,16.13,1.04,10.03,35.7,0.11,2.82,88.0,Satisfactory,False,False,False,False,False,False,False,False,False,False,False,True,False
2019-06-21,Chennai,36.7,52.11,10.71,22.3,28.92,17.81,1.1,6.91,37.37,0.09,2.24,92.0,Satisfactory,False,False,False,False,False,False,False,False,False,False,False,True,False
2019-06-22,Chennai,39.32,38.33,9.28,17.93,25.54,18.12,0.93,5.9,31.92,0.05,1.22,96.0,Satisfactory,False,False,False,False,False,False,False,False,False,False,False,True,False
2019-06-23,Chennai,33.86,44.81,13.85,18.25,29.76,19.24,1.16,3.82,42.43,0.06,1.26,109.0,Moderate,False,False,False,False,False,False,False,False,False,False,False,True,False
2019-06-24,Chennai,29.8,24.1,9.46,19.87,27.18,16.36,1.08,4.42,47.02,0.15,1.38,101.0,Moderate,False,False,False,False,False,False,False,False,False,False,False,True,False
2019-06-25,Chennai,103.16,29.59,8.2,25.81,33.35,28.12,1.08,4.58,43.43,0.04,3.05,129.0,Moderate,False,False,False,False,False,False,False,False,False,False,False,True,False
2019-06-26,Chennai,45.52,29.768333333333334,8.72,18.68,27.37,22.16,0.94,4.24,29.75,0.12,2.99,179.0,Moderate,False,True,False,False,False,True,False,False,False,False,False,True,False
2019-06-27,Chennai,35.11,29.946666666666665,9.49,29.01,38.48,16.200000000000003,0.86,3.91,15.31,0.02,3.69,69.0,Satisfactory,False,True,False,False,False,True,False,False,False,False,False,True,False
2019-06-28,Chennai,45.16,30.125,8.11,15.36,23.44,10.239999999999998,0.66,3.92,23.12,0.05,0.78,78.0,Satisfactory,False,True,False,False,False,True,False,False,False,False,False,True,False
2019-06-29,Chennai,59.22,30.303333333333335,7.98,21.16,28.92,4.28,0.79,4.82,18.98,0.08,0.89,106.0,Moderate,False,True,False,False,False,False,False,False,False,False,False,True,False
2019-06-30,Chennai,47.81,30.481666666666666,7.81,22.21,29.49,6.62,0.84,5.0,19.25,0.0,0.79,123.0,Moderate,False,True,False,False,False,False,False,False,False,False,False,True,False
2019-07-01,Chennai,33.28,30.66,8.08,20.68,28.68,5.77,0.95,4.13,38.58,0.75,1.61,125.0,Moderate,False,True,False,False,False,False,False,False,False,False,False,True,False
2019-07-02,Chennai,52.55,30.83833333333333,8.13,19.08,27.19,4.94,0.79,4.18,31.2,0.1,1.17,73.0,Satisfactory,False,True,False,False,False,False,False,False,False,False,False,True,False
2019-07-03,Chennai,92.83,31.016666666666666,8.28,19.12,27.38,20.68,0.82,7.28,13.47,0.03,0.2,174.0,Moderate,False,True,False,False,False,False,False,False,False,False,False,True,False
2019-07-04,Chennai,49.99,31.195,8.43,17.96,26.1,37.01,0.85,3.36,11.91,2.03,0.54,84.0,Satisfactory,False,True,False,False,False,False,False,False,False,False,False,True,False
2019-07-05,Chennai,97.96,31.37333333333333,8.54,18.91,27.45,38.4,0.93,3.2,6.92,0.0,0.51,134.0,Moderate,False,True,False,False,False,False,False,False,False,False,False,True,False
2019-07-06,Chennai,37.94,31.551666666666666,7.84,23.03,30.79,38.36,0.85,3.89,14.93,0.03,0.22,85.0,Satisfactory,False,True,False,False,False,False,False,False,False,False,False,True,False
2019-07-07,Chennai,48.12,31.729999999999997,7.02,16.99,24.0,39.1,0.75,4.1,23.7,0.11,0.0,77.0,Satisfactory,False,True,False,False,False,False,False,False,False,False,False,True,False
2019-07-08,Chennai,51.95,31.90833333333333,7.68,17.93,25.5,36.57,0.82,4.21,23.93,0.19,0.31,88.0,Satisfactory,False,True,False,False,False,False,False,False,False,False,False,True,False
2019-07-09,Chennai,45.61,32.086666666666666,7.42,16.8,24.14,35.7,0.8,3.77,25.99,0.11,1.79,92.0,Satisfactory,False,True,False,False,False,False,False,False,False,False,False,True,False
2019-07-10,Chennai,30.64,,8.02,18.33,26.31,36.81,0.99,4.34,27.07,0.03,1.48,92.0,Satisfactory,False,True,False,False,False,False,False,False,False,False,False,True,False
2019-07-11,Chennai,36.62,,8.97,23.57,32.52,36.85,0.92,4.83,24.91,0.07,3.61,76.0,Satisfactory,False,True,False,False,False,False,False,False,False,False,False,True,False
2019-07-12,Chennai,50.02,,7.1,18.51,25.59,36.25,0.99,5.76,29.0,0.0,0.98,81.0,Satisfactory,False,True,False,False,False,False,False,False,False,False,False,True,False
2019-07-13,Chennai,34.54,,7.23,15.18,22.37,35.18,0.98,5.32,26.49,0.0,1.54,94.0,Satisfactory,False,True,False,False,False,False,False,False,False,False,False,True,False
2019-07-14,Chennai,47.45,,6.55,13.12,19.66,34.23,0.77,4.89,30.21,0.18,0.29,80.0,Satisfactory,False,True,False,False,False,False,False,False,False,False,False,True,False
2019-07-15,Chennai,40.19,,6.86,16.5,23.27,37.39,0.9,4.61,36.35,0.08,1.0,99.0,Satisfactory,False,True,False,False,False,False,False,False,False,False,False,True,False
2019-07-16,Chennai,30.16,,7.75,21.57,29.26,43.31,0.98,4.48,27.46,0.09,2.0,80.0,Satisfactory,False,True,False,False,False,False,False,False,False,False,False,True,False
2019-07-17,Chennai,43.75,,9.12,22.9,32.01,45.88,0.98,4.94,16.08,0.15,4.55,77.0,Satisfactory,False,True,False,False,False,False,False,False,False,False,False,True,False
2019-07-18,Chennai,48.57,,7.16,22.73,29.82,46.06,0.83,4.39,29.49,0.16,3.21,85.0,Satisfactory,False,True,False,False,False,False,False,False,False,False,False,True,False
2019-07-19,Chennai,30.57,33.87,6.13,18.13,24.23,41.42,0.74,6.77,26.57,0.21,2.38,74.0,Satisfactory,False,False,False,False,False,False,False,False,False,False,False,True,False
2019-07-20,Chennai,35.63,26.86,6.48,18.26,24.65,42.25,0.94,6.38,39.38,0.07,1.12,84.0,Satisfactory,False,False,False,False,False,False,False,False,False,False,False,True,False
2019-07-21,Chennai,28.74,31.54,6.64,16.17,22.76,39.28,0.84,4.55,32.68,0.07,0.43,87.0,Satisfactory,False,False,False,False,False,False,False,False,False,False,False,True,False
2019-07-22,Chennai,27.56,25.38,9.39,19.09,28.46,36.86,0.97,7.59,25.69,0.03,0.21,70.0,Satisfactory,False,False,False,False,False,False,False,False,False,False,False,True,False
2019-07-23,Chennai,31.04,29.47,7.66,18.11,25.77,38.2,0.85,9.25,25.26,0.03,0.88,73.0,Satisfactory,False,False,False,False,False,False,False,False,False,False,False,True,False
2019-07-24,Chennai,29.77,23.36,9.85,18.57,27.52,39.38,0.82,10.6,32.18,1.18,2.08,73.0,Satisfactory,False,False,False,False,False,False,False,False,False,False,False,True,False
2019-07-25,Chennai,45.13,40.85,9.16,17.75,26.87,38.79,0.88,8.65,28.09,0.32,2.14,94.0,Satisfactory,False,False,False,False,False,False,False,False,False,False,False,True,False
2019-07-26,Chennai,23.22,26.66,8.96,18.94,27.57,34.32,0.86,6.76,22.33,2.93,4.17,85.0,Satisfactory,False,False,False,False,False,False,False,False,False,False,False,True,False
2019-07-27,Chennai,25.94,36.78,8.22,20.83,29.0,36.58,0.84,6.32,29.16,4.82,4.92,66.0,Satisfactory,False,False,False,False,False,False,False,False,False,False,False,True,False
2019-07-28,Chennai,32.29,48.3,6.21,16.86,22.76,29.56,0.88,5.85,55.18,1.12,1.26,83.0,Satisfactory,False,False,False,False,False,False,False,False,False,False,False,True,False
2019-07-29,Chennai,28.07,28.12,6.98,15.56,21.99,28.98,0.8,6.45,44.99,0.89,1.07,77.0,Satisfactory,False,False,False,False,False,False,False,False,False,False,False,True,False
2019-07-30,Chennai,36.63,53.67,8.77,23.47,30.69,32.77,0.9,5.63,38.45,0.85,1.55,74.0,Satisfactory,False,False,False,False,False,False,False,False,False,False,False,True,False
2019-07-31,Chennai,33.19,33.25,8.91,20.61,26.92,27.84,0.83,5.57,66.13,0.47,0.72,114.0,Moderate,False,False,False,False,False,False,False,False,False,False,False,True,False
2019-08-01,Chennai,34.12,39.61,8.25,16.49,22.86,27.36,0.83,5.89,62.67,1.03,2.37,105.0,Moderate,False,False,False,False,False,False,False,False,False,False,False,True,False
2019-08-02,Chennai,51.08,32.87,10.65,22.26,30.74,28.86,0.91,5.95,58.91,1.63,4.25,129.0,Moderate,False,False,False,False,False,False,False,False,False,False,False,True,False
2019-08-03,Chennai,51.84,27.2,14.55,30.79,39.85,42.01,0.88,6.2,62.68,0.9,1.72,130.0,Moderate,False,False,False,False,False,False,False,False,False,False,False,True,False
2019-08-04,Chennai,42.23,33.32,24.1,33.02,42.12,87.35,0.78,6.2,67.28,0.27,2.77,126.0,Moderate,False,False,False,False,False,False,False,False,False,False,False,True,False
2019-08-05,Chennai,52.82,14.82,13.07,25.52,31.66,54.48,0.71,5.45,42.93,1.49,3.29,105.0,Moderate,False,False,False,False,False,False,False,False,False,False,False,True,False
2019-08-06,Chennai,26.19,24.39,10.88,23.39,31.99,40.56,0.7,6.21,52.98,1.25,4.53,110.0,Moderate,False,False,False,False,False,False,False,False,False,False,False,True,False
2019-08-07,Chennai,21.07,32.96,5.9,16.89,22.72,37.98,0.62,8.41,40.1,1.06,2.7,65.0,Satisfactory,False,False,False,False,False,False,False,False,False,False,False,True,False
2019-08-08,Chennai,24.99,25.65,7.25,17.69,23.27,39.34,1.05,6.47,44.3,0.31,1.2,84.0,Satisfactory,False,False,False,False,False,False,False,False,False,False,False,True,False
2019-08-09,Chennai,22.61,29.99,7.91,17.47,24.91,42.18,0.65,5.14,37.47,0.37,1.16,70.0,Satisfactory,False,False,False,False,False,False,False,False,False,False,False,True,False
2019-08-10,Chennai,22.66,42.4,6.04,16.78,22.87,33.0,0.64,8.7,48.65,0.09,1.14,74.0,Satisfactory,False,False,False,False,False,False,False,False,False,False,False,True,False
2019-08-11,Chennai,16.68,30.27,5.21,13.39,18.57,15.17,0.57,5.95,56.49,0.1,0.68,76.0,Satisfactory,False,False,False,False,False,False,False,False,False,False,False,True,False
2019-08-12,Chennai,18.65,42.25,5.37,13.7,19.05,14.28,0.61,6.14,56.7,0.0,0.93,112.0,Moderate,False,False,False,False,False,False,False,False,False,False,False,True,False
2019-08-13,Chennai,21.83,67.63,6.15,14.07,20.18,15.41,0.9,7.6,53.95,0.56,2.27,80.0,Satisfactory,False,False,False,False,False,False,False,False,False,False,False,True,False
2019-08-14,Chennai,25.51,47.55,5.67,14.06,19.67,22.67,0.88,8.55,60.52,0.22,1.75,106.0,Moderate,False,False,False,False,False,False,False,False,False,False,False,True,False
2019-08-15,Chennai,19.01,33.79,5.35,16.94,22.16,36.98,0.86,11.34,41.27,0.04,1.53,105.0,Moderate,False,False,False,False,False,False,False,False,False,False,False,True,False
2019-08-16,Chennai,26.43,49.99,5.54,17.24,22.72,41.01,0.89,10.24,37.5,0.91,2.11,110.0,Moderate,False,False,False,False,False,False,False,False,False,False,False,True,False
2019-08-17,Chennai,13.03,27.27,13.91,15.33,22.26,29.75,0.57,8.6,31.21,3.25,5.53,82.0,Satisfactory,False,False,False,False,False,False,False,False,False,False,False,True,False
2019-08-18,Chennai,13.2,25.96,7.36,12.65,19.71,28.04,0.55,5.96,37.43,2.48,3.66,69.0,Satisfactory,False,False,False,False,False,False,False,False,False,False,False,True,False
2019-08-19,Chennai,22.64,39.46,5.77,18.01,23.76,42.66,0.94,7.14,31.17,2.12,3.9,58.0,Satisfactory,False,False,False,False,False,False,False,False,False,False,False,True,False
2019-08-20,Chennai,27.06,38.980000000000004,5.55,19.07,24.49,60.63,1.04,9.73,22.56,2.18,3.84,68.0,Satisfactory,False,True,False,False,False,False,False,False,False,False,False,True,False
2019-08-21,Chennai,29.21,38.5,9.5,18.82,27.29,54.1,1.0,14.46,24.79,1.1,3.93,77.0,Satisfactory,False,False,False,False,False,False,False,False,False,False,False,True,False
2019-08-22,Chennai,31.43,25.58,8.15,16.93,24.7,44.27,0.71,7.08,26.59,4.0,5.62,82.0,Satisfactory,False,False,False,False,False,False,False,False,False,False,False,True,False
2019-08-23,Chennai,25.89,80.57,7.35,14.8,22.11,15.38,0.64,4.37,18.42,1.49,1.49,52.0,Satisfactory,False,False,False,False,False,False,False,False,False,False,False,True,False
2019-08-24,Chennai,17.58,23.46,7.96,13.98,18.63,16.49,0.58,6.04,31.27,0.05,0.11,48.0,Good,False,False,False,False,False,False,False,False,False,False,False,True,False
2019-08-25,Chennai,22.35,39.35,6.8,13.79,20.1,26.11,0.61,5.02,21.93,0.05,0.04,47.0,Good,False,False,False,False,False,False,False,False,False,False,False,True,False
2019-08-26,Chennai,17.46,33.33,5.63,17.31,22.87,21.26,0.62,6.22,35.29,0.05,0.16,57.0,Satisfactory,False,False,False,False,False,False,False,False,False,False,False,True,False
2019-08-27,Chennai,18.64,25.63,6.12,19.81,25.87,20.03,0.59,5.48,38.69,0.3,0.45,48.0,Good,False,False,False,False,False,False,False,False,False,False,False,True,False
2019-08-28,Chennai,20.57,37.57,6.72,15.76,22.45,16.78,0.62,5.43,51.83,0.11,0.68,104.0,Moderate,False,False,False,False,False,False,False,False,False,False,False,True,False
2019-08-29,Chennai,25.15,29.91,7.9,15.8,22.67,19.36,0.67,5.5,34.57,0.3,1.51,51.0,Satisfactory,False,False,False,False,False,False,False,False,False,False,False,True,False
2019-08-30,Chennai,22.87,39.16,7.53,14.85,22.38,20.91,0.73,6.61,59.16,1.56,0.86,101.0,Moderate,False,False,False,False,False,False,False,False,False,False,False,True,False
2019-08-31,Chennai,27.11,55.11,6.19,14.73,20.93,19.77,0.75,6.39,39.33,0.69,1.96,121.0,Moderate,False,False,False,False,False,False,False,False,False,False,False,True,False
2019-09-01,Chennai,26.91,45.12,7.56,14.12,21.68,19.94,0.78,5.87,40.6,1.1,3.94,122.0,Moderate,False,False,False,False,False,False,False,False,False,False,False,True,False
2019-09-02,Chennai,30.64,46.36,4.93,15.41,20.31,38.11,1.05,5.99,55.87,2.73,2.1,108.0,Moderate,False,False,False,False,False,False,False,False,False,False,False,True,False
2019-09-03,Chennai,29.69,26.98,8.46,17.05,24.62,40.45,1.0,6.07,49.45,0.94,4.15,100.0,Satisfactory,False,False,False,False,False,False,False,False,False,False,False,True,False
2019-09-04,Chennai,35.06,35.58,9.12,18.79,26.79,41.25,0.93,6.84,50.73,2.83,4.26,146.0,Moderate,False,False,False,False,False,False,False,False,False,False,False,True,False
2019-09-05,Chennai,22.29,22.95,10.23,18.59,27.05,43.2,0.82,7.16,42.75,0.34,2.64,70.0,Satisfactory,False,False,False,False,False,False,False,False,False,False,False,True,False
2019-09-06,Chennai,25.84,39.75,7.44,22.76,30.02,41.7,0.81,6.69,41.25,1.02,2.33,75.0,Satisfactory,False,False,False,False,False,False,False,False,False,False,False,True,False
2019-09-07,Chennai,26.37,61.74,6.35,13.94,14.76,16.37,0.78,6.17,44.92,0.86,2.4,105.0,Moderate,False,False,False,False,False,False,False,False,False,False,False,True,False
2019-09-08,Chennai,22.62,67.13,5.66,11.39,16.78,28.064999999999998,1.05,4.73,20.04,1.17,1.83,76.0,Satisfactory,False,True,False,False,False,True,False,False,False,False,False,True,False
2019-09-09,Chennai,37.51,72.52,5.03,13.31,18.24,39.76,0.85,6.02,36.98,1.0,2.56,76.0,Satisfactory,False,False,False,False,False,False,False,False,False,False,False,True,False
2019-09-10,Chennai,37.85,55.29,3.93,12.45,16.37,24.9,0.75,6.38,68.76,0.17,1.12,111.0,Moderate,False,False,False,False,False,False,False,False,False,False,False,True,False
2019-09-11,Chennai,39.26,51.62,4.34,12.23,16.55,26.19,0.86,6.34,61.37,0.23,2.42,150.0,Moderate,False,False,False,False,False,False,False,False,False,False,False,True,False
2019-09-12,Chennai,23.59,73.02,4.03,11.72,15.73,22.87,0.83,6.39,55.72,0.29,1.8,103.0,Moderate,False,False,False,False,False,False,False,False,False,False,False,True,False
2019-09-13,Chennai,27.36,46.3,3.76,11.32,15.07,23.38,0.71,6.64,59.95,0.07,1.38,78.0,Satisfactory,False,False,False,False,False,False,False,False,False,False,False,True,False
2019-09-14,Chennai,23.45,43.81,4.37,11.69,12.18,13.97,0.46,6.07,56.94,0.05,1.42,81.0,Satisfactory,False,False,False,False,False,False,False,False,False,False,False,True,False
2019-09-15,Chennai,20.82,38.66,4.21,10.29,14.34,15.1,0.64,6.12,58.37,0.0,0.77,89.0,Satisfactory,False,False,False,False,False,False,False,False,False,False,False,True,False
2019-09-16,Chennai,28.74,40.41,4.05,10.53,14.56,24.17,0.88,6.69,53.64,0.15,1.96,100.0,Satisfactory,False,False,False,False,False,False,False,False,False,False,False,True,False
2019-09-17,Chennai,22.59,32.44,4.24,11.14,15.35,24.31,0.92,6.3,54.32,0.54,2.57,96.0,Satisfactory,False,False,False,False,False,False,False,False,False,False,False,True,False
2019-09-18,Chennai,26.98,45.52,4.53,12.0,16.53,24.25,0.99,6.94,57.81,0.0,3.03,105.0,Moderate,False,False,False,False,False,False,False,False,False,False,False,True,False
2019-09-19,Chennai,23.18,26.53,5.48,12.44,17.86,26.02,1.15,7.09,49.51,0.14,4.65,95.0,Satisfactory,False,False,False,False,False,False,False,False,False,False,False,True,False
2019-09-20,Chennai,38.04,56.21,5.32,11.43,16.7,23.7,1.15,6.7,57.05,10.66,28.03,120.0,Moderate,False,False,False,False,False,False,False,False,False,False,False,True,False
2019-09-21,Chennai,33.44,71.07,7.34,13.74,13.94,12.39,0.83,5.97,53.35,0.02,3.62,106.0,Moderate,False,False,False,False,False,False,False,False,False,False,False,True,False
2019-09-22,Chennai,43.67,101.54,12.1,16.38,24.14,11.83,1.12,6.58,59.37,0.4,8.64,126.0,Moderate,False,False,False,False,False,False,False,False,False,False,False,True,False
2019-09-23,Chennai,61.94,86.53,5.94,12.87,16.28,24.8,0.76,6.28,58.54,0.29,5.0,135.0,Moderate,False,False,False,False,False,False,False,False,False,False,False,True,False
2019-09-24,Chennai,35.03,61.6,4.45,11.77,13.95,24.95,0.9,6.61,45.56,0.02,2.05,114.0,Moderate,False,False,False,False,False,False,False,False,False,False,False,True,False
2019-09-25,Chennai,16.9,37.12,5.34,10.73,14.27,24.36,0.86,6.19,28.38,0.0,0.39,93.0,Satisfactory,False,False,False,False,False,False,False,False,False,False,False,True,False
2019-09-26,Chennai,14.27,30.32,4.7,10.79,13.38,24.95,0.93,6.36,48.1,0.05,1.9,99.0,Satisfactory,False,False,False,False,False,False,False,False,False,False,False,True,False
2019-09-27,Chennai,17.76,45.69,4.84,10.05,12.39,25.31,0.89,7.13,44.14,0.02,0.96,103.0,Moderate,False,False,False,False,False,False,False,False,False,False,False,True,False
2019-09-28,Chennai,20.99,53.49,6.51,10.69,10.41,16.27,0.68,6.76,37.83,0.02,1.11,105.0,Moderate,False,False,False,False,False,False,False,False,False,True,False,True,False
2019-09-29,Chennai,25.87,39.41,6.15,9.1,11.47,13.55,0.88,6.47,39.05,0.02,0.99,116.0,Moderate,False,False,False,False,False,False,False,False,False,True,False,True,False
2019-09-30,Chennai,23.02,39.11,6.55,11.32,14.08,17.26,0.78,6.03,41.73,0.02,0.56,106.0,Moderate,False,False,False,False,False,False,False,False,False,True,False,True,False
2019-10-01,Chennai,41.82,87.5,5.71,13.2,15.67,19.85,0.84,5.99,64.23,0.02,1.05,109.0,Moderate,False,False,False,False,False,False,False,False,False,True,False,True,False
2019-10-02,Chennai,32.4,46.68,4.54,14.87,18.43,32.73,0.8,6.54,67.72,0.02,0.44,122.0,Moderate,False,False,False,False,False,False,False,False,False,True,False,True,False
2019-10-03,Chennai,31.1,25.97,5.67,13.87,16.99,30.25,0.83,6.78,57.6,0.02,0.63,110.0,Moderate,False,False,False,False,False,False,False,False,False,True,False,True,False
2019-10-04,Chennai,23.49,52.0,5.71,12.89,18.07,29.99,0.81,5.46,57.91,0.02,1.3,72.0,Satisfactory,False,False,False,False,False,False,False,False,False,False,False,True,False
2019-10-05,Chennai,47.4,40.58,4.85,15.4,13.45,13.78,0.63,5.71,58.15,0.08,0.45,78.0,Satisfactory,False,False,False,False,False,False,False,False,False,True,False,True,False
2019-10-06,Chennai,19.32,91.05,5.4,13.42,14.99,11.59,0.77,5.38,55.94,0.13999999999999999,0.1,145.0,Moderate,False,False,False,False,False,False,False,False,False,True,False,True,False
2019-10-07,Chennai,58.64,66.67,16.41,24.13,30.18,71.41,0.75,5.58,63.42,0.19999999999999998,0.08,108.0,Moderate,False,False,False,False,False,False,False,False,False,True,False,True,False
2019-10-08,Chennai,36.56,94.02,13.22,19.29,24.68,71.93,0.81,6.55,63.92,0.26,0.0,141.0,Moderate,False,False,False,False,False,False,False,False,False,True,False,True,False
2019-10-09,Chennai,24.5,79.42,8.28,21.5,22.13,70.21,0.87,5.6,52.84,0.32,0.9,114.0,Moderate,False,False,False,False,False,False,False,False,False,False,False,True,False
2019-10-10,Chennai,21.13,67.66,8.86,20.03,20.52,49.41,0.8,5.86,46.63,0.02,0.73,92.0,Satisfactory,False,False,False,False,False,False,False,False,False,False,False,True,False
2019-10-11,Chennai,21.2,55.08,10.48,12.98,17.44,26.58,0.76,5.86,47.37,0.0,0.56,87.0,Satisfactory,False,False,False,False,False,False,False,False,False,False,False,True,False
2019-10-12,Chennai,16.34,72.77,7.62,13.05,12.75,14.35,0.56,6.25,48.3,0.03,0.74,92.0,Satisfactory,False,False,False,False,False,False,False,False,False,False,False,True,False
2019-10-13,Chennai,14.93,34.46,6.92,12.82,16.24,10.29,0.67,6.08,52.17,0.0,0.66,89.0,Satisfactory,False,False,False,False,False,False,False,False,False,False,False,True,False
2019-10-14,Chennai,21.14,60.99,8.67,10.65,14.66,23.59,0.61,5.94,48.79,0.0,0.5,86.0,Satisfactory,False,False,False,False,False,False,False,False,False,False,False,True,False
2019-10-15,Chennai,20.33,42.85,10.05,14.28,18.72,26.6,0.68,5.98,42.02,0.01,0.48,75.0,Satisfactory,False,False,False,False,False,False,False,False,False,False,False,True,False
2019-10-16,Chennai,17.58,27.06,8.48,13.95,18.0,26.58,0.68,6.39,31.95,0.02,0.19,64.0,Satisfactory,False,False,False,False,False,False,False,False,False,False,False,True,False
2019-10-17,Chennai,30.95,31.76,10.97,14.72,19.65,32.82,0.81,6.92,29.34,0.04,0.08,61.0,Satisfactory,False,False,False,False,False,False,False,False,False,False,False,True,False
2019-10-18,Chennai,32.0,36.8,9.54,13.39,17.33,30.94,0.77,5.46,30.63,0.05,0.86,80.0,Satisfactory,False,False,False,False,False,False,False,False,False,False,False,True,False
2019-10-19,Chennai,31.76,36.51,9.22,16.52,15.93,26.93,0.6,5.72,29.19,0.16,0.29,75.0,Satisfactory,False,False,False,False,False,False,False,False,False,False,False,True,False
2019-10-20,Chennai,35.03,50.72,9.87,15.91,20.76,29.68,0.87,5.7,32.64,0.02,0.09,73.0,Satisfactory,False,False,False,False,False,False,False,False,False,False,False,True,False
2019-10-21,Chennai,26.55,26.19,8.77,14.07,19.12,26.59,0.85,6.7,27.49,0.02,0.52,71.0,Satisfactory,False,False,False,False,False,False,False,False,False,False,False,True,False
2019-10-22,Chennai,28.47,28.65,10.28,15.97,22.34,23.88,0.85,5.56,28.67,0.0,0.22,69.0,Satisfactory,False,False,False,False,False,False,False,False,False,False,False,True,False
2019-10-23,Chennai,40.0,47.83,10.76,13.91,21.85,25.99,0.9,5.86,36.29,0.04,0.04,81.0,Satisfactory,False,False,False,False,False,False,False,False,False,False,False,True,False
2019-10-24,Chennai,35.34,61.61,10.86,22.06,30.74,37.63,0.92,8.83,33.34,0.02,0.91,67.0,Satisfactory,False,False,False,False,False,False,False,False,False,False,False,True,False
2019-10-25,Chennai,46.48,75.12,15.09,29.32,42.27,70.13,0.95,8.14,32.03,0.0,0.13,86.0,Satisfactory,False,False,False,False,False,False,False,False,False,False,False,True,False
2019-10-26,Chennai,95.49,111.38,15.05,17.79,22.53,22.28,0.73,9.38,30.06,0.0,0.82,121.0,Moderate,False,False,False,False,False,False,False,False,False,False,False,True,False
2019-10-27,Chennai,153.73,196.29,16.89,18.36,34.75,16.17,1.34,13.94,32.75,0.23,3.84,306.0,Very Poor,False,False,False,False,False,False,False,False,False,False,False,True,False
2019-10-28,Chennai,54.13,72.84,11.23,26.17,36.78,92.78,1.42,12.81,27.69,0.64,1.8,208.0,Poor,False,False,False,False,False,False,False,False,False,False,False,True,False
2019-10-29,Chennai,31.22,46.07,24.12,33.68,56.01,86.42,0.8,8.58,33.76,0.0,0.65,83.0,Satisfactory,False,False,False,False,False,False,False,False,False,False,False,True,False
2019-10-30,Chennai,34.65,32.13,12.43,28.92,40.96,78.26,0.78,7.21,28.51,0.0,2.9,84.0,Satisfactory,False,False,False,False,False,False,False,False,False,False,False,True,False
2019-10-31,Chennai,87.99,56.38,16.69,27.43,42.24,71.49,0.99,6.61,30.92,0.1,5.87,141.0,Moderate,False,False,False,False,False,False,False,False,False,False,False,True,False
2019-11-01,Chennai,40.78,56.24,33.32,22.47,48.82,88.85,1.04,7.58,29.3,0.0,3.64,133.0,Moderate,False,False,False,False,False,False,False,False,False,False,False,True,False
2019-11-02,Chennai,34.45,70.97,14.04,15.48,22.08,21.3,0.71,6.82,30.83,0.0,2.74,76.0,Satisfactory,False,False,False,False,False,False,False,False,False,False,False,True,False
2019-11-03,Chennai,70.95,156.285,10.82,16.78,27.23,25.37,0.87,6.92,36.51,0.07,1.94,91.0,Satisfactory,False,True,False,False,False,False,False,False,False,False,False,True,False
2019-11-04,Chennai,115.35,241.6,8.53,19.41,26.57,44.24,0.98,8.77,44.21,0.0,1.45,222.0,Poor,False,False,False,False,False,False,False,False,False,False,False,True,False
2019-11-05,Chennai,98.83,181.03,9.5,19.12,27.57,50.12,1.08,8.17,46.2,0.02,3.13,261.0,Poor,False,False,False,False,False,False,False,False,False,False,False,True,False
2019-11-06,Chennai,105.94,183.42,8.85,18.98,26.64,47.78,1.09,7.9,45.94,0.08499999999999999,3.11,229.0,Poor,False,False,False,False,False,False,False,False,False,True,False,True,False
2019-11-07,Chennai,121.43,201.76,10.6,18.15,27.37,48.42,1.04,7.08,47.64,0.14999999999999997,2.62,273.0,Poor,False,False,False,False,False,False,False,False,False,True,False,True,False
2019-11-08,Chennai,142.9,196.37,9.56,17.94,26.41,44.44,0.96,7.75,55.69,0.21499999999999997,3.05,294.0,Poor,False,False,False,False,False,False,False,False,False,True,False,True,False
2019-11-09,Chennai,96.8,172.27,10.06,13.83,22.12,19.52,0.86,5.4,53.69,0.27999999999999997,2.56,253.0,Poor,False,False,False,False,False,False,False,False,False,True,False,True,False
2019-11-10,Chennai,93.13,198.2,11.81,13.01,24.79,17.81,0.98,5.46,53.81,0.345,2.57,230.0,Poor,False,False,False,False,False,False,False,False,False,True,False,True,False
2019-11-11,Chennai,61.45,104.29,10.51,14.86,23.68,28.7,0.82,8.85,43.01,0.41,3.77,192.0,Moderate,False,False,False,False,False,False,False,False,False,False,False,True,False
2019-11-12,Chennai,31.32,71.74,9.95,15.61,25.55,43.56,0.54,8.42,31.9,2.01,7.07,77.0,Satisfactory,False,False,False,False,False,False,False,False,False,False,False,True,False
2019-11-13,Chennai,37.23,109.85,8.54,13.89,20.04,68.8,0.52,7.38,41.66,0.25,3.21,76.0,Satisfactory,False,False,False,False,False,False,False,False,False,False,False,True,False
2019-11-14,Chennai,19.18,66.95,7.31,11.17,13.12,57.31,0.47,6.06,43.38,0.04,0.89,92.0,Satisfactory,False,False,False,False,False,False,False,False,False,False,False,True,False
2019-11-15,Chennai,21.99,52.7,9.57,15.3,18.49,48.59,0.52,7.39,38.96,0.04,3.31,84.0,Satisfactory,False,False,False,False,False,False,False,False,False,False,False,True,False
2019-11-16,Chennai,44.91,80.85,9.8,14.58,20.74,47.94,0.54,5.87,38.12,0.02,1.68,57.0,Satisfactory,False,False,False,False,False,False,False,False,False,False,False,True,False
2019-11-17,Chennai,56.9,154.66,5.21,14.19,16.07,22.5,0.53,6.7,51.76,0.0,1.45,122.0,Moderate,False,False,False,False,False,False,False,False,False,False,False,True,False
2019-11-18,Chennai,26.91,125.72,6.88,11.86,15.25,36.89,0.46,4.97,29.15,0.0,1.55,90.0,Satisfactory,False,False,False,False,False,False,False,False,False,False,False,True,False
2019-11-19,Chennai,28.52,37.66,9.62,11.17,20.75,46.14,0.55,4.67,28.85,0.1,4.26,63.0,Satisfactory,False,False,False,False,False,False,False,False,False,False,False,True,False
2019-11-20,Chennai,20.95,34.1,6.89,10.0,16.8,61.47,0.46,5.58,22.78,0.05,1.14,47.0,Good,False,False,False,False,False,False,False,False,False,False,False,True,False
2019-11-21,Chennai,33.55,70.14,6.71,10.78,17.41,78.83,0.47,8.18,27.28,0.0,1.11,56.0,Satisfactory,False,False,False,False,False,False,False,False,False,False,False,True,False
2019-11-22,Chennai,31.16,50.45,5.94,10.19,16.06,61.69,0.46,7.89,27.26,0.02,1.01,60.0,Satisfactory,False,False,False,False,False,False,False,False,False,False,False,True,False
2019-11-23,Chennai,46.05,59.79,5.71,15.6,21.16,49.2,0.47,8.55,23.1,0.0,1.71,64.0,Satisfactory,False,False,False,False,False,False,False,False,False,False,False,True,False
2019-11-24,Chennai,59.64,65.54,6.8,12.43,18.43,51.02,0.49,7.4,33.32,0.02,0.12,110.0,Moderate,False,False,False,False,False,False,False,False,False,False,False,True,False
2019-11-25,Chennai,44.81,63.09,5.93,12.6,17.11,39.16,0.47,5.42,31.05,0.05,0.25,86.0,Satisfactory,False,False,False,False,False,False,False,False,False,False,False,True,False
2019-11-26,Chennai,53.33,84.65,7.52,21.97,26.56,48.86,0.52,8.19,33.72,0.0,0.48,77.0,Satisfactory,False,False,False,False,False,False,False,False,False,False,False,True,False
2019-11-27,Chennai,37.8,80.2,7.46,12.54,15.73,43.12,0.53,10.19,39.18,0.0,0.29,80.0,Satisfactory,False,False,False,False,False,False,False,False,False,False,False,True,False
2019-11-28,Chennai,30.56,62.56,5.67,20.28,22.02,40.31,0.52,7.09,32.91,0.02,0.34,63.0,Satisfactory,False,False,False,False,False,False,False,False,False,False,False,True,False
2019-11-29,Chennai,21.08,54.48,10.53,10.09,18.19,83.27,0.45,9.47,27.3,0.02,0.13,53.0,Satisfactory,False,False,False,False,False,False,False,False,False,False,False,True,False
2019-11-30,Chennai,18.45,62.97,6.3,12.09,18.24,74.49,0.38,6.84,31.58,0.05,0.16,48.0,Good,False,False,False,False,False,False,False,False,False,False,False,True,False
2019-12-01,Chennai,17.79,52.26,6.9,12.66,19.5,53.9,0.47,6.93,33.27,0.15,0.05,60.0,Satisfactory,False,False,False,False,False,False,False,False,False,False,False,True,False
2019-12-02,Chennai,21.17,41.24,8.03,11.51,19.5,82.54,0.44,8.1,23.57,0.04,0.0,49.0,Good,False,False,False,False,False,False,False,False,False,False,False,True,False
2019-12-03,Chennai,36.17,82.52,6.03,12.03,18.0,195.53,0.54,5.45,26.08,0.07,0.08,56.0,Satisfactory,False,False,False,False,False,False,False,False,False,False,False,True,False
2019-12-04,Chennai,37.56,87.09,3.91,11.2,15.0,157.47,0.52,7.67,34.43,0.03,0.06,71.0,Satisfactory,False,False,False,False,False,False,False,False,False,False,False,True,False
2019-12-05,Chennai,62.41,78.57,3.78,11.1,14.87,149.57,0.44,7.47,33.57,0.08,0.06,93.0,Satisfactory,False,False,False,False,False,False,False,False,False,False,False,True,False
2019-12-06,Chennai,53.68,89.09,5.35,13.29,17.05,207.14,0.55,7.21,33.97,0.02,0.09,107.0,Moderate,False,False,False,False,False,False,False,False,False,False,False,True,False
2019-12-07,Chennai,34.82,35.98,3.65,15.86,19.28,126.94,0.91,6.22,20.01,0.05,0.18,76.0,Satisfactory,False,False,False,False,False,False,False,False,False,False,False,True,False
2019-12-08,Chennai,35.41,44.05,6.05,21.19,26.23,119.95,0.93,5.71,20.11,0.02,0.08,69.0,Satisfactory,False,False,False,False,False,False,False,False,False,False,False,True,False
2019-12-09,Chennai,27.57,42.96,5.52,26.96,31.82,94.18,0.71,7.03,19.98,0.05,0.04,61.0,Satisfactory,False,False,False,False,False,False,False,False,False,False,False,True,False
2019-12-10,Chennai,37.72,35.17,5.6,19.62,24.72,95.875,0.6,7.23,20.15,0.0,0.08,56.0,Satisfactory,False,True,False,False,False,True,False,False,False,False,False,True,False
2019-12-11,Chennai,36.55,27.38,10.25,23.21,32.61,97.57,0.73,6.47,24.04,0.05,0.05,72.0,Satisfactory,False,False,False,False,False,False,False,False,False,False,False,True,False
2019-12-12,Chennai,27.78,38.29,6.04,16.54,21.33,104.69,0.54,6.08,24.0,0.04,0.04,62.0,Satisfactory,False,False,False,False,False,False,False,False,False,False,False,True,False
2019-12-13,Chennai,34.16,42.32,7.61,18.49,25.69,94.21,0.56,10.79,22.78,4.62,0.63,52.0,Satisfactory,False,False,False,False,False,False,False,False,False,False,False,True,False
2019-12-14,Chennai,40.78,52.46,12.14,21.13,31.9,91.29,0.72,13.79,22.61,2.48,0.12,68.0,Satisfactory,False,False,False,False,False,False,False,False,False,False,False,True,False
2019-12-15,Chennai,35.6,44.1,11.43,19.49,30.77,104.56,0.64,7.5,26.83,3.77,0.06,70.0,Satisfactory,False,False,False,False,False,False,False,False,False,False,False,True,False
2019-12-16,Chennai,31.23,31.47,7.9,18.27,25.96,73.65,0.7,8.23,26.19,3.45,0.11,59.0,Satisfactory,False,False,False,False,False,False,False,False,False,False,False,True,False
2019-12-17,Chennai,44.04,56.34,5.08,17.87,22.7,87.78,0.53,6.74,35.26,1.33,0.07,62.0,Satisfactory,False,False,False,False,False,False,False,False,False,False,False,True,False
2019-12-18,Chennai,48.07,49.98,7.44,17.69,24.6,87.37,0.52,8.7,29.67,2.16,0.07,92.0,Satisfactory,False,False,False,False,False,False,False,False,False,False,False,True,False
2019-12-19,Chennai,52.28,67.54,4.47,16.88,21.11,85.14,0.53,8.95,33.87,1.39,0.03,83.0,Satisfactory,False,False,False,False,False,False,False,False,False,False,False,True,False
2019-12-20,Chennai,65.45,84.77,4.19,16.87,20.82,86.5,0.66,8.04,36.82,3.78,0.14,106.0,Moderate,False,False,False,False,False,False,False,False,False,False,False,True,False
2019-12-21,Chennai,72.57,79.66,7.46,18.47,25.58,87.16,0.69,13.49,33.86,6.17,0.14,126.0,Moderate,False,False,False,False,False,False,False,False,False,False,False,True,False
2019-12-22,Chennai,57.74,59.56,6.65,16.14,22.47,80.23,0.6,17.17,38.89,6.12,0.04,134.0,Moderate,False,False,False,False,False,False,False,False,False,False,False,True,False
2019-12-23,Chennai,52.75,60.37,7.23,19.05,25.99,88.89,0.69,7.07,32.21,8.99,0.2,92.0,Satisfactory,False,False,False,False,False,False,False,False,False,False,False,True,False
2019-12-24,Chennai,53.51,84.11,5.61,19.46,25.04,76.4,0.6,7.88,28.38,1.17,0.71,99.0,Satisfactory,False,False,False,False,False,False,False,False,False,False,False,True,False
2019-12-25,Chennai,54.37,73.9,5.54,19.74,25.26,85.55,0.75,9.79,33.18,0.25,0.75,99.0,Satisfactory,False,False,False,False,False,False,False,False,False,False,False,True,False
2019-12-26,Chennai,58.43,74.13,10.48,20.28,30.75,84.51,0.72,18.7,27.5,0.25,0.75,110.0,Moderate,False,False,False,False,False,False,False,False,False,False,False,True,False
2019-12-27,Chennai,31.88,59.15,17.1,17.66,33.61,77.64,0.54,13.18,24.11,0.32,0.54,77.0,Satisfactory,False,False,False,False,False,False,False,False,False,False,False,True,False
2019-12-28,Chennai,36.94,63.7,13.01,20.27,32.37,87.86,0.65,11.45,28.28,1.87,0.03,65.0,Satisfactory,False,False,False,False,False,False,False,False,False,False,False,True,False
2019-12-29,Chennai,52.48,69.8,6.62,14.61,20.92,70.6,0.62,8.48,33.22,0.48,0.03,92.0,Satisfactory,False,False,False,False,False,False,False,False,False,False,False,True,False
2019-12-30,Chennai,38.74,46.37,5.03,14.2,18.99,56.89,0.57,10.6,35.08,0.24,0.0,83.0,Satisfactory,False,False,False,False,False,False,False,False,False,False,False,True,False
2019-12-31,Chennai,45.49,66.8,5.96,15.44,20.97,66.97,0.61,13.03,36.95,0.32,0.0,84.0,Satisfactory,False,False,False,False,False,False,False,False,False,False,False,True,False
2020-01-01,Chennai,28.25,40.44,6.69,12.66,18.7,69.17,0.65,12.44,24.79,3.46,0.09,70.0,Satisfactory,False,False,False,False,False,False,False,False,False,False,False,True,False
2020-01-02,Chennai,27.59,23.01,8.99,11.47,19.86,65.15,0.76,7.0,21.31,6.81,0.05,57.0,Satisfactory,False,False,False,False,False,False,False,False,False,False,False,True,False
2020-01-03,Chennai,32.16,36.63,10.43,10.95,20.62,60.39,0.97,10.2,25.52,7.69,1.3,74.0,Satisfactory,False,False,False,False,False,False,False,False,False,False,False,True,False
2020-01-04,Chennai,30.49,44.9,7.95,11.49,18.64,62.05,0.87,8.4,28.4,6.26,0.11,64.0,Satisfactory,False,False,False,False,False,False,False,False,False,False,False,True,False
2020-01-05,Chennai,23.37,30.76,4.8,8.69,13.3,45.46,0.77,7.45,30.88,2.21,0.0,62.0,Satisfactory,False,False,False,False,False,False,False,False,False,False,False,True,False
2020-01-06,Chennai,19.45,25.87,5.72,10.41,15.93,50.01,0.83,8.12,25.0,2.14,0.07,61.0,Satisfactory,False,False,False,False,False,False,False,False,False,False,False,True,False
2020-01-07,Chennai,33.54,40.38,4.27,12.16,15.99,53.89,0.55,19.3,28.97,2.94,0.03,55.0,Satisfactory,False,False,False,False,False,False,False,False,False,False,False,True,False
2020-01-08,Chennai,42.22,61.8,7.14,17.3,24.25,58.6,0.55,21.18,29.73,0.58,0.03,73.0,Satisfactory,False,False,False,False,False,False,False,False,False,False,False,True,False
2020-01-09,Chennai,42.16,75.24,9.27,17.47,26.55,48.44,0.78,17.91,27.67,0.72,0.0,79.0,Satisfactory,False,False,False,False,False,False,False,False,False,False,False,True,False
2020-01-10,Chennai,40.76,69.94,10.51,17.3,27.69,52.55,0.77,9.65,28.3,0.05,0.0,74.0,Satisfactory,False,False,False,False,False,False,False,False,False,False,False,True,False
2020-01-11,Chennai,39.81,71.75,11.64,18.69,30.05,58.71,0.79,10.03,27.22,0.8,0.03,72.0,Satisfactory,False,False,False,False,False,False,False,False,False,False,False,True,False
2020-01-12,Chennai,58.38,73.51,6.15,14.35,20.28,58.05,0.85,8.13,32.45,0.22,0.03,83.0,Satisfactory,False,False,False,False,False,False,False,False,False,False,False,True,False
2020-01-13,Chennai,74.12,122.43,6.12,16.68,22.56,61.12,0.88,17.51,33.52,0.22,0.03,140.0,Moderate,False,False,False,False,False,False,False,False,False,False,False,True,False
2020-01-14,Chennai,122.88,168.34,13.48,20.24,33.44,72.09,1.1,23.68,35.37,1.35,0.06,230.0,Poor,False,False,False,False,False,False,False,False,False,False,False,True,False
2020-01-15,Chennai,48.06,66.92,7.2,13.76,20.74,44.99,0.65,17.7,33.57,0.24,0.03,168.0,Moderate,False,False,False,False,False,False,False,False,False,False,False,True,False
2020-01-16,Chennai,34.09,44.39,7.78,12.32,19.86,44.81,0.65,19.88,33.34,0.07,0.0,74.0,Satisfactory,False,False,False,False,False,False,False,False,False,False,False,True,False
2020-01-17,Chennai,35.33,53.18,8.07,11.1,18.78,39.79,0.7,22.76,26.76,0.05,0.02,62.0,Satisfactory,False,False,False,False,False,False,False,False,False,False,False,True,False
2020-01-18,Chennai,28.67,28.47,4.85,10.68,15.06,39.0,0.84,27.29,29.02,0.0,0.11,65.0,Satisfactory,False,False,False,False,False,False,False,False,False,False,False,True,False
2020-01-19,Chennai,31.17,33.25,6.4,17.08,22.8,42.27,0.78,23.09,26.29,0.03,0.03,67.0,Satisfactory,False,False,False,False,False,False,False,False,False,False,False,True,False
2020-01-20,Chennai,37.66,53.48,10.01,23.7,33.31,50.68,0.88,17.54,26.38,0.32,0.0,69.0,Satisfactory,False,False,False,False,False,False,False,False,False,False,False,True,False
2020-01-21,Chennai,44.91,60.17,8.14,22.62,30.54,50.0,0.8,18.22,31.09,0.51,0.04,85.0,Satisfactory,False,False,False,False,False,False,False,False,False,False,False,True,False
2020-01-22,Chennai,47.95,64.49,10.45,20.03,29.44,58.36,0.89,12.25,34.26,0.46,0.03,93.0,Satisfactory,False,False,False,False,False,False,False,False,False,False,False,True,False
2020-01-23,Chennai,59.95,85.4,7.07,16.9,23.65,54.57,0.87,17.79,34.64,0.05,0.03,104.0,Moderate,False,False,False,False,False,False,False,False,False,False,True,True,False
2020-01-24,Chennai,62.34,112.61,11.88,24.68,36.45,47.63,0.97,19.6,32.88,0.09,0.03,123.0,Moderate,False,False,False,False,False,False,False,False,False,False,True,True,False
2020-01-25,Chennai,50.48,95.63,13.16,20.2,33.21,53.49,0.9,14.06,34.13,0.55,0.03,110.0,Moderate,False,False,False,False,False,False,False,False,False,False,True,True,False
2020-01-26,Chennai,41.74,86.84,15.35,16.43,31.63,50.09,0.9,10.3,33.78,0.79,0.03,87.0,Satisfactory,False,False,False,False,False,False,False,False,False,False,False,True,False
2020-01-27,Chennai,47.26,79.24,11.22,18.37,29.51,44.6,1.08,8.09,31.54,2.24,0.06,78.0,Satisfactory,False,False,False,False,False,False,False,False,False,False,False,True,False
2020-01-28,Chennai,53.66,69.03,8.75,17.4,26.08,42.72,1.11,8.18,33.41,2.33,0.03,85.0,Satisfactory,False,False,False,False,False,False,False,False,False,False,False,True,False
2020-01-29,Chennai,52.29,65.93,8.89,14.74,21.46,42.76,1.02,8.01,26.05,2.89,0.04,84.0,Satisfactory,False,False,False,False,False,False,False,False,False,False,False,True,False
2020-01-30,Chennai,43.82,59.48,9.47,14.87,18.86,45.74,0.94,7.71,21.78,0.5,0.04,87.0,Satisfactory,False,False,False,False,False,False,False,False,False,False,True,True,False
2020-01-31,Chennai,36.56,53.23,9.01,14.02,18.27,46.62,1.09,9.02,32.79,0.0,0.04,78.0,Satisfactory,False,False,False,False,False,False,False,False,False,False,True,True,False
2020-02-01,Chennai,32.4,50.04,8.9,13.12,16.95,46.18,0.86,9.86,28.75,0.27,0.04,63.0,Satisfactory,False,False,False,False,False,False,False,False,False,False,True,True,False
2020-02-02,Chennai,30.58,38.29,8.28,12.12,13.98,44.32,0.77,15.74,23.73,0.06,0.04,55.0,Satisfactory,False,False,False,False,False,False,False,False,False,False,True,True,False
2020-02-03,Chennai,37.52,57.78,7.46,13.74,15.2,43.9,0.88,16.44,20.76,0.0,0.04,63.0,Satisfactory,False,False,False,False,False,False,False,False,False,False,True,True,False
2020-02-04,Chennai,39.6,65.6,10.16,10.92,17.53,39.7,0.88,16.41,26.69,1.38,0.04,74.0,Satisfactory,False,False,False,False,False,False,False,False,False,False,True,True,False
2020-02-05,Chennai,39.93,59.04,12.01,13.26,20.76,38.35,0.84,12.91,30.7,1.78,0.04,94.0,Satisfactory,False,False,False,False,False,False,False,False,False,False,True,True,False
2020-02-06,Chennai,40.05,56.19,13.34,19.32,32.42,34.32,0.91,8.57,33.97,1.5,0.04,89.0,Satisfactory,False,False,False,False,False,False,False,False,False,False,False,True,False
2020-02-07,Chennai,36.32,55.83,9.08,14.12,23.09,35.67,0.78,8.19,27.6,0.91,0.0,75.0,Satisfactory,False,False,False,False,False,False,False,False,False,False,False,True,False
2020-02-08,Chennai,28.45,49.06,7.69,10.61,18.18,36.46,0.77,8.97,29.24,0.55,0.08,64.0,Satisfactory,False,False,False,False,False,False,False,False,False,False,False,True,False
2020-02-09,Chennai,28.1,43.78,6.44,8.77,15.08,40.54,0.8,13.16,31.94,0.52,0.07200000000000001,61.0,Satisfactory,False,False,False,False,False,False,False,False,False,False,True,True,False
2020-02-10,Chennai,35.41,61.47,5.24,10.09,15.14,40.52,0.73,9.11,34.11,0.08,0.064,58.0,Satisfactory,False,False,False,False,False,False,False,False,False,False,True,True,False
2020-02-11,Chennai,29.12,67.85,8.51,19.96,27.78,39.59,0.84,10.31,28.62,0.22,0.056,69.0,Satisfactory,False,False,False,False,False,False,False,False,False,False,True,True,False
2020-02-12,Chennai,32.17,78.26,7.23,22.0,28.76,37.32,0.86,10.75,30.14,19.18,0.048,81.0,Satisfactory,False,False,False,False,False,False,False,False,False,False,True,True,False
2020-02-13,Chennai,49.48,98.17,6.56,18.01,24.45,38.99,0.93,17.74,23.31,4.38,0.04,93.0,Satisfactory,False,False,False,False,False,False,False,False,False,False,False,True,False
2020-02-14,Chennai,56.85,102.04,7.34,17.3,24.59,39.09,1.02,18.01,37.77,1.45,0.05,118.0,Moderate,False,False,False,False,False,False,False,False,False,False,False,True,False
2020-02-15,Chennai,54.82,84.0,10.92,17.74,27.25,43.92,0.9,13.03,31.92,1.69,0.0,121.0,Moderate,False,False,False,False,False,False,False,False,False,False,False,True,False
2020-02-16,Chennai,35.13,53.43,8.46,12.71,21.01,42.36,0.78,13.14,21.95,0.68,0.05,82.0,Satisfactory,False,False,False,False,False,False,False,False,False,False,False,True,False
2020-02-17,Chennai,34.25,64.36,9.7,13.64,23.12,39.88,0.77,13.37,18.31,0.6,0.02,72.0,Satisfactory,False,False,False,False,False,False,False,False,False,False,False,True,False
2020-02-18,Chennai,41.49,79.79,16.63,18.11,34.56,48.53,0.96,9.15,24.7,1.23,0.1,85.0,Satisfactory,False,False,False,False,False,False,False,False,False,False,False,True,False
2020-02-19,Chennai,42.95,94.21,12.45,14.71,26.62,91.73,0.77,15.05,24.71,2.38,0.12,84.0,Satisfactory,False,False,False,False,False,False,False,False,False,False,False,True,False
2020-02-20,Chennai,35.52,69.95,9.18,14.09,22.64,88.0,0.67,19.39,27.14,0.22,0.05,77.0,Satisfactory,False,False,False,False,False,False,False,False,False,False,False,True,False
2020-02-21,Chennai,38.88,125.87,22.11,19.91,40.21,73.98,0.83,8.47,16.21,0.51,0.08,75.0,Satisfactory,False,False,False,False,False,False,False,False,False,False,False,True,False
2020-02-22,Chennai,29.2,51.45,7.52,8.63,15.94,109.55,0.86,8.51,20.66,0.72,0.07250000000000001,76.0,Satisfactory,False,False,False,False,False,False,False,False,False,False,True,True,False
2020-02-23,Chennai,28.75,53.6,5.3,8.88,13.32,104.04,0.72,18.19,26.85,0.84,0.065,65.0,Satisfactory,False,False,False,False,False,False,False,False,False,False,True,True,False
2020-02-24,Chennai,31.07,73.54,9.17,10.95,19.03,97.04,0.97,11.57,23.61,0.97,0.0575,77.0,Satisfactory,False,False,False,False,False,False,False,False,False,False,True,True,False
2020-02-25,Chennai,33.9,56.99,6.98,12.69,18.97,78.04,0.9,11.02,28.52,1.67,0.05,81.0,Satisfactory,False,False,False,False,False,False,False,False,False,False,True,True,False
2020-02-26,Chennai,39.25,63.4,5.38,8.88,14.06,39.97,0.58,7.63,39.14,1.4,0.0425,84.0,Satisfactory,False,False,False,False,False,False,False,False,False,False,True,True,False
2020-02-27,Chennai,42.97,72.05,6.89,8.7,15.26,41.23,0.67,8.79,31.47,1.12,0.035,83.0,Satisfactory,False,False,False,False,False,False,False,False,False,False,True,True,False
2020-02-28,Chennai,33.08,49.17,5.5,11.08,16.35,39.86,0.77,16.07,36.16,0.77,0.027500000000000004,75.0,Satisfactory,False,False,False,False,False,False,False,False,False,False,True,True,False
2020-02-29,Chennai,36.15,84.54,9.01,14.62,23.07,44.53,0.69,19.12,38.15,0.77,0.02,72.0,Satisfactory,False,False,False,False,False,False,False,False,False,False,False,True,False
2020-03-01,Chennai,35.99,43.7,5.7,9.2,14.59,34.2,0.55,11.18,50.11,1.1,0.05,80.0,Satisfactory,False,False,False,False,False,False,False,False,False,False,False,True,False
2020-03-02,Chennai,43.6,64.94,6.0,13.01,18.88,33.25,0.66,18.07,26.4,1.29,0.07,76.0,Satisfactory,False,False,False,False,False,False,False,False,False,False,False,True,False
2020-03-03,Chennai,42.16,94.26,9.25,16.26,25.41,32.11,0.64,17.71,43.88,1.3,0.08,96.0,Satisfactory,False,False,False,False,False,False,False,False,False,False,False,True,False
2020-03-04,Chennai,33.29,66.83,8.03,15.71,23.69,37.45,0.7,6.97,34.39,1.82,0.11,84.0,Satisfactory,False,False,False,False,False,False,False,False,False,False,False,True,False
2020-03-05,Chennai,26.69,29.86,10.95,14.04,22.63,40.5,0.74,6.12,20.27,1.25,0.21,77.0,Satisfactory,False,False,False,False,False,False,False,False,False,False,False,True,False
2020-03-06,Chennai,24.95,25.63,10.19,9.72,17.01,41.88,0.75,6.52,21.65,0.68,0.2175,61.0,Satisfactory,False,False,False,False,False,False,False,False,False,False,True,True,False
2020-03-07,Chennai,30.94,27.06,11.16,10.66,19.21,65.59,0.65,4.53,24.05,0.24,0.22499999999999998,69.0,Satisfactory,False,False,False,False,False,False,False,False,False,False,True,True,False
2020-03-08,Chennai,21.85,25.97,7.54,6.21,13.11,89.9,0.62,6.52,21.36,0.92,0.23249999999999998,57.0,Satisfactory,False,False,False,False,False,False,False,False,False,False,True,True,False
2020-03-09,Chennai,25.93,34.85,10.69,8.54,18.79,90.66,0.71,5.87,20.12,1.01,0.24,65.0,Satisfactory,False,False,False,False,False,False,False,False,False,False,False,True,False
2020-03-10,Chennai,27.37,41.72,10.26,10.56,20.54,80.22,0.55,5.51,27.37,0.78,0.0,61.0,Satisfactory,False,False,False,False,False,False,False,False,False,False,False,True,False
2020-03-11,Chennai,16.69,38.14,9.69,7.98,17.42,38.99,0.63,8.56,34.46,0.8,0.0,76.0,Satisfactory,False,False,False,False,False,False,False,False,False,False,False,True,False
2020-03-12,Chennai,24.94,41.38,8.6,8.75,17.21,40.37,0.74,5.64,29.98,0.8,0.03,65.0,Satisfactory,False,False,False,False,False,False,False,False,False,False,False,True,False
2020-03-13,Chennai,35.65,33.31,11.59,16.97,28.29,44.03,0.96,5.6,21.73,1.72,0.043333333333333335,72.0,Satisfactory,False,False,False,False,False,False,False,False,False,False,True,True,False
2020-03-14,Chennai,39.29,46.44,9.57,15.67,25.01,42.2,0.7,13.21,21.6,0.4,0.05666666666666667,74.0,Satisfactory,False,False,False,False,False,False,False,False,False,False,True,True,False
2020-03-15,Chennai,38.48,51.07,9.33,10.34,19.31,36.49,0.55,14.94,30.14,0.93,0.07,79.0,Satisfactory,False,False,False,False,False,False,False,False,False,False,True,True,False
2020-03-16,Chennai,33.26,5.29,9.19,10.44,17.69,41.14,0.86,19.01,21.02,0.41,0.08333333333333334,66.0,Satisfactory,False,False,False,False,False,False,False,False,False,False,True,True,False
2020-03-17,Chennai,41.56,123.82,9.98,9.17,16.23,40.46,0.86,7.6,30.61,0.84,0.09666666666666666,76.0,Satisfactory,False,False,False,False,False,False,False,False,False,False,True,True,False
2020-03-18,Chennai,39.41,4.94,9.46,8.1,16.71,43.97,0.87,5.75,49.4,0.94,0.11,92.0,Satisfactory,False,False,False,False,False,False,False,False,False,False,True,True,False
2020-03-19,Chennai,44.73,6.39,9.42,10.09,18.85,47.47,0.87,5.81,40.15,0.71,0.12333333333333334,88.0,Satisfactory,False,False,False,False,False,False,False,False,False,False,True,True,False
2020-03-20,Chennai,32.68,4.82,9.26,8.56,16.27,42.16,0.91,5.55,31.17,0.6,0.13666666666666666,95.0,Satisfactory,False,False,False,False,False,False,False,False,False,False,True,True,False
2020-03-21,Chennai,29.1,1.8,8.1,8.49,16.23,54.98,0.97,5.84,45.38,0.51,0.15,80.0,Satisfactory,False,False,False,False,False,False,False,False,False,False,False,True,False
2020-03-22,Chennai,39.42,1.005,6.14,5.39,11.4,55.35,0.85,4.84,46.53,0.53,0.61,71.0,Satisfactory,False,True,False,False,False,False,False,False,False,False,False,True,False
2020-03-23,Chennai,31.91,0.21,7.97,7.85,13.48,60.26,0.94,5.93,31.28,0.28,0.42,73.0,Satisfactory,False,False,False,False,False,False,False,False,False,False,False,True,False
2020-03-24,Chennai,24.22,6.07,6.82,6.91,13.16,55.45,0.61,5.83,35.18,0.64,0.36,57.0,Satisfactory,False,False,False,False,False,False,False,False,False,False,False,True,False
2020-03-25,Chennai,22.43,1.63,5.78,4.38,9.79,51.89,0.65,5.04,37.16,0.57,0.21,58.0,Satisfactory,False,False,False,False,False,False,False,False,False,False,False,True,False
2020-03-26,Chennai,31.57,4.06,7.27,7.22,13.84,49.77,0.55,6.3,36.81,0.52,0.16,54.0,Satisfactory,False,False,False,False,False,False,False,False,False,False,False,True,False
2020-03-27,Chennai,27.6,0.62,5.71,4.85,9.8,44.96,0.51,5.09,33.97,7.92,0.09,59.0,Satisfactory,False,False,False,False,False,False,False,False,False,False,False,True,False
2020-03-28,Chennai,34.81,1.55,5.52,4.91,10.1,46.53,0.56,4.41,16.33,6.59,0.07833333333333334,55.0,Satisfactory,False,False,False,False,False,False,False,False,False,False,True,True,False
2020-03-29,Chennai,26.79,111.83,6.97,7.21,13.3,45.68,0.52,6.88,34.65,29.02,0.06666666666666667,53.0,Satisfactory,False,False,False,False,False,False,False,False,False,False,True,True,False
2020-03-30,Chennai,29.31,162.67,9.82,9.78,16.37,52.9,0.52,5.79,33.94,11.7,0.055,50.0,Good,False,False,False,False,False,False,False,False,False,False,True,True,False
2020-03-31,Chennai,31.56,185.25,5.54,8.57,13.7,54.33,0.51,6.26,35.24,0.55,0.04333333333333334,60.0,Satisfactory,False,False,False,False,False,False,False,False,False,False,True,True,False
2020-04-01,Chennai,32.94,3.73,6.25,10.39,16.23,50.1,0.62,5.54,36.35,0.47,0.031666666666666676,75.0,Satisfactory,False,False,False,False,False,False,False,False,False,False,True,True,False
2020-04-02,Chennai,31.17,170.09,5.72,8.54,13.84,50.32,0.61,4.94,37.84,0.46,0.02,74.0,Satisfactory,False,False,False,False,False,False,False,False,False,False,False,True,False
2020-04-03,Chennai,24.81,183.34,5.23,7.25,12.21,51.8,0.59,5.22,38.03,0.4,0.019444444444444445,72.0,Satisfactory,False,False,False,False,False,False,False,False,False,False,True,True,False
2020-04-04,Chennai,20.77,291.75,5.99,7.11,12.6,46.61,0.58,4.61,38.31,0.46,0.01888888888888889,67.0,Satisfactory,False,False,False,False,False,False,False,False,False,False,True,True,False
2020-04-05,Chennai,21.59,177.96,5.9,7.27,11.9,46.39,0.55,4.96,37.64,0.44,0.018333333333333333,66.0,Satisfactory,False,False,False,False,False,False,False,False,False,False,True,True,False
2020-04-06,Chennai,14.27,119.96,7.28,9.43,13.82,43.97,0.61,4.12,32.83,0.37,0.017777777777777778,57.0,Satisfactory,False,False,False,False,False,False,False,False,False,False,True,True,False
2020-04-07,Chennai,11.9,151.3,6.29,9.57,13.3,47.13,0.59,4.57,30.45,0.32,0.017222222222222222,55.0,Satisfactory,False,False,False,False,False,False,False,False,False,False,True,True,False
2020-04-08,Chennai,14.77,288.68,5.78,7.9,11.87,45.69,0.57,4.13,34.11,0.32,0.016666666666666666,55.0,Satisfactory,False,False,False,False,False,False,False,False,False,False,True,True,False
2020-04-09,Chennai,14.71,180.01,6.43,12.74,15.12,60.1,0.57,4.78,32.83,0.32,0.01611111111111111,55.0,Satisfactory,False,False,False,False,False,False,False,False,False,False,True,True,False
2020-04-10,Chennai,41.02,176.83282608695652,9.64,12.87,17.08,61.87,0.56,7.49,37.08,0.44,0.015555555555555555,80.0,Satisfactory,False,True,False,False,False,False,False,False,False,False,True,True,False
2020-04-11,Chennai,15.66,173.65565217391304,8.81,11.18,16.63,55.7,0.57,11.31,30.16,0.38,0.015,60.0,Satisfactory,False,True,False,False,False,False,False,False,False,False,True,True,False
2020-04-12,Chennai,14.86,170.47847826086957,7.23,10.38,14.87,47.11,0.65,7.11,33.51,0.36,0.014444444444444444,59.0,Satisfactory,False,True,False,False,False,False,False,False,False,False,True,True,False
2020-04-13,Chennai,17.95,167.3013043478261,6.84,12.1,16.04,49.54,0.66,7.13,36.84,0.33,0.013888888888888888,64.0,Satisfactory,False,True,False,False,False,False,False,False,False,False,True,True,False
2020-04-14,Chennai,17.87,164.12413043478261,6.14,9.58,12.73,47.7,0.59,5.96,41.74,0.37,0.013333333333333332,65.0,Satisfactory,False,True,False,False,False,False,False,False,False,False,True,True,False
2020-04-15,Chennai,14.64,160.94695652173914,6.87,8.34,12.0,49.01,0.59,6.13,36.82,0.36,0.012777777777777777,62.0,Satisfactory,False,True,False,False,False,False,False,False,False,False,True,True,False
2020-04-16,Chennai,20.3,157.76978260869564,7.12,8.1,13.09,53.62,0.61,5.2,35.94,0.3,0.012222222222222221,65.0,Satisfactory,False,True,False,False,False,False,False,False,False,False,True,True,False
2020-04-17,Chennai,8.43,154.59260869565216,6.4,5.33,11.22,52.33,0.58,5.42,33.55,0.26,,65.0,Satisfactory,False,True,False,False,False,False,False,False,False,False,True,True,False
2020-04-18,Chennai,8.94,151.41543478260868,7.43,7.29,11.66,51.15,0.6,5.2,33.46,0.24,,56.0,Satisfactory,False,True,False,False,False,False,False,False,False,False,True,True,False
2020-04-19,Chennai,8.1,148.2382608695652,6.86,5.34,11.62,45.24,0.58,4.49,37.03,0.28,,59.0,Satisfactory,False,True,False,False,False,False,False,False,False,False,True,True,False
2020-04-20,Chennai,9.71,145.06108695652173,6.36,4.08,9.88,34.89,0.55,5.2,35.57,0.3,0.01,59.0,Satisfactory,False,True,False,False,False,False,False,False,False,False,False,True,False
2020-04-21,Chennai,10.67,141.88391304347826,5.98,4.48,10.05,42.58,0.64,4.84,38.09,0.27,0.012222222222222221,61.0,Satisfactory,False,True,False,False,False,False,False,False,False,False,True,True,False
2020-04-22,Chennai,12.65,138.70673913043478,6.24,8.04,13.87,41.11,0.58,4.83,36.05,0.25,0.014444444444444444,60.0,Satisfactory,False,True,False,False,False,False,False,False,False,False,True,True,False
2020-04-23,Chennai,8.06,135.5295652173913,7.55,11.64,15.98,36.07,0.59,4.69,34.28,0.21,0.016666666666666666,56.0,Satisfactory,False,True,False,False,False,False,False,False,False,False,True,True,False
2020-04-24,Chennai,8.08,,5.11,10.61,15.03,27.56,0.66,4.44,37.53,0.19,0.018888888888888886,58.0,Satisfactory,False,True,False,False,False,False,False,False,False,False,True,True,False
2020-04-25,Chennai,10.46,,5.23,11.07,15.0,28.33,0.68,4.79,41.7,0.2,0.02111111111111111,67.0,Satisfactory,False,True,False,False,False,False,False,False,False,False,True,True,False
2020-04-26,Chennai,10.76,,6.05,12.01,15.7,32.18,0.78,6.89,34.53,0.15,0.02333333333333333,66.0,Satisfactory,False,True,False,False,False,False,False,False,False,False,True,True,False
2020-04-27,Chennai,10.46,,6.7,6.92,12.96,33.16,0.75,4.29,37.34,0.22,0.025555555555555554,60.0,Satisfactory,False,True,False,False,False,False,False,False,False,False,True,True,False
2020-04-28,Chennai,6.55,,6.22,5.65,11.52,30.45,0.7,4.57,38.1,0.29,0.027777777777777776,68.0,Satisfactory,False,True,False,False,False,False,False,False,False,False,True,True,False
2020-04-29,Chennai,11.11,,5.23,6.85,11.52,28.31,0.68,4.4,45.0,0.26,0.03,69.0,Satisfactory,False,True,False,False,False,False,False,False,False,False,False,True,False
2020-04-30,Chennai,10.39,,6.91,11.18,16.53,26.68,0.67,4.74,42.2,0.22,0.0275,70.0,Satisfactory,False,True,False,False,False,False,False,False,False,False,True,True,False
2020-05-01,Chennai,14.13,,4.3,5.39,9.36,26.85,0.73,4.43,50.88,0.28,0.024999999999999998,71.0,Satisfactory,False,True,False,False,False,False,False,False,False,False,True,True,False
2020-05-02,Chennai,13.08,,4.08,4.25,7.96,28.23,0.7,3.96,46.97,0.23,0.0225,70.0,Satisfactory,False,True,False,False,False,False,False,False,False,False,True,True,False
2020-05-03,Chennai,11.67,,4.35,3.73,7.73,30.93,0.75,4.47,45.9,0.22,0.019999999999999997,71.0,Satisfactory,False,True,False,False,False,False,False,False,False,False,True,True,False
2020-05-04,Chennai,7.03,,4.21,4.1,6.95,28.36,0.7,4.61,41.28,0.2,0.0175,66.0,Satisfactory,False,True,False,False,False,False,False,False,False,False,True,True,False
2020-05-05,Chennai,19.68,,4.47,4.13,8.02,27.82,0.75,3.61,42.79,0.2,0.015,81.0,Satisfactory,False,True,False,False,False,False,False,False,False,False,True,True,False
2020-05-06,Chennai,10.11,,4.4,5.59,9.68,32.96,0.69,6.99,47.7,0.19,0.0125,78.0,Satisfactory,False,True,False,False,False,False,False,False,False,False,True,True,False
2020-05-07,Chennai,11.23,,4.15,5.48,9.18,29.93,0.76,3.98,43.98,0.21,0.01,73.0,Satisfactory,False,True,False,False,False,False,False,False,False,False,False,True,False
2020-05-08,Chennai,11.72,,3.96,5.17,8.67,28.94,0.72,4.85,48.61,0.18,0.0,76.0,Satisfactory,False,True,False,False,False,False,False,False,False,False,False,True,False
2020-05-09,Chennai,9.99,,3.81,4.57,7.99,33.86,0.69,3.53,42.92,0.22,0.05,65.0,Satisfactory,False,True,False,False,False,False,False,False,False,False,False,True,False
2020-05-10,Chennai,9.64,,4.87,5.09,9.5,39.18,0.72,3.92,46.44,0.24,0.042,69.0,Satisfactory,False,True,False,False,False,False,False,False,False,False,True,True,False
2020-05-11,Chennai,8.36,,4.7,5.29,9.72,41.46,0.71,4.54,40.83,0.23,0.034,66.0,Satisfactory,False,True,False,False,False,False,False,False,False,False,True,True,False
2020-05-12,Chennai,8.82,,4.9,5.42,10.02,39.1,0.72,4.63,45.26,0.2,0.026000000000000002,68.0,Satisfactory,False,True,False,False,False,False,False,False,False,False,True,True,False
2020-05-13,Chennai,15.57,,4.24,5.26,9.07,39.06,0.66,4.34,43.23,0.19,0.018000000000000002,69.0,Satisfactory,False,True,False,False,False,False,False,False,False,False,True,True,False
2020-05-14,Chennai,8.72,,5.81,7.32,12.7,37.44,0.7,4.55,48.56,0.18,0.01,77.0,Satisfactory,False,True,False,False,False,False,False,False,False,False,False,True,False
2020-05-15,Chennai,20.25,,11.19,10.11,20.87,40.37,0.83,4.12,43.18,0.17,0.012,70.0,Satisfactory,False,True,False,False,False,False,False,False,False,False,True,True,False
2020-05-16,Chennai,28.71,,7.87,5.45,12.81,43.92,0.84,4.68,38.92,0.14,0.014,82.0,Satisfactory,False,True,False,False,False,False,False,False,False,False,True,True,False
2020-05-17,Chennai,10.99,,8.53,8.16,15.85,45.0,0.7,4.13,39.6,0.18,0.016,68.0,Satisfactory,False,True,False,False,False,False,False,False,False,False,True,True,False
2020-05-18,Chennai,18.49,,9.73,8.74,18.39,44.56,1.06,4.49,43.39,0.15,0.018000000000000002,76.0,Satisfactory,False,True,False,False,False,False,False,False,False,False,True,True,False
2020-05-19,Chennai,28.06,,8.39,15.18,22.97,44.83,0.93,5.0,48.74,0.14,0.02,82.0,Satisfactory,False,True,False,False,False,False,False,False,False,False,False,True,False
2020-05-20,Chennai,30.39,,7.25,14.36,21.31,45.35,1.01,3.87,46.54,0.15,0.0,90.0,Satisfactory,False,True,False,False,False,False,False,False,False,False,False,True,False
2020-05-21,Chennai,27.01,,6.7,12.19,18.62,41.6,1.01,5.66,57.0,0.14,0.01,92.0,Satisfactory,False,True,False,False,False,False,False,False,False,False,False,True,False
2020-05-22,Chennai,23.02,,6.7,11.32,17.82,38.67,0.95,6.39,60.89,0.15,0.0,102.0,Moderate,False,True,False,False,False,False,False,False,False,False,False,True,False
2020-05-23,Chennai,21.24,,6.9,10.08,15.94,41.13,0.84,7.14,46.91,0.12,0.11,77.0,Satisfactory,False,True,False,False,False,False,False,False,False,False,False,True,False
2020-05-24,Chennai,22.78,,7.5,9.37,16.33,41.49,1.12,6.79,49.94,0.15,0.0,81.0,Satisfactory,False,True,False,False,False,False,False,False,False,False,False,True,False
2020-05-25,Chennai,25.2,33.86,7.42,9.59,16.23,43.04,1.01,6.77,49.76,0.16,0.01,79.0,Satisfactory,False,False,False,False,False,False,False,False,False,False,False,True,False
2020-05-26,Chennai,27.82,311.98,7.95,8.96,16.14,44.75,1.0,6.44,41.21,0.14,0.51,79.0,Satisfactory,False,False,False,False,False,False,False,False,False,False,False,True,False
2020-05-27,Chennai,20.0,234.46,9.17,9.65,18.62,38.36,1.07,7.23,39.81,0.13,0.03,77.0,Satisfactory,False,False,False,False,False,False,False,False,False,False,False,True,False
2020-05-28,Chennai,31.03,207.7975,8.98,10.58,18.71,39.58,1.12,6.1,38.64,0.12,0.038,79.0,Satisfactory,False,True,False,False,False,False,False,False,False,False,True,True,False
2020-05-29,Chennai,38.3,181.13500000000002,9.04,13.54,21.64,40.71,1.11,6.54,57.6,0.12,0.046,112.0,Moderate,False,True,False,False,False,False,False,False,False,False,True,True,False
2020-05-30,Chennai,33.99,154.47250000000003,7.45,9.69,15.08,41.97,0.94,5.44,62.0,0.1,0.054000000000000006,105.0,Moderate,False,True,False,False,False,False,False,False,False,False,True,True,False
2020-05-31,Chennai,18.85,127.81,6.8,7.97,12.57,44.57,1.02,4.8,47.36,0.11,0.062000000000000006,88.0,Satisfactory,False,False,False,False,False,False,False,False,False,False,True,True,False
2020-06-01,Chennai,36.15,346.73,8.28,10.07,17.89,39.35,1.16,7.27,49.45,0.13,0.07,101.0,Moderate,False,False,False,False,False,False,False,False,False,False,False,True,False
2020-06-02,Chennai,18.83,25.52,10.66,9.24,16.95,44.09,1.07,6.57,53.61,0.08,0.02,95.0,Satisfactory,False,False,False,False,False,False,False,False,False,False,False,True,False
2020-06-03,Chennai,20.61,13.84,8.01,9.41,16.64,44.45,1.01,4.04,59.22,0.1,0.08,76.0,Satisfactory,False,False,False,False,False,False,False,False,False,False,False,True,False
2020-06-04,Chennai,18.5,76.53,7.75,8.64,15.78,42.17,1.05,4.05,60.66,0.03,0.02,99.0,Satisfactory,False,False,False,False,False,False,False,False,False,False,False,True,False
2020-06-05,Chennai,18.53,27.33,10.03,9.51,19.15,43.01,1.09,5.31,55.1,0.11,0.1,81.0,Satisfactory,False,False,False,False,False,False,False,False,False,False,False,True,False
2020-06-06,Chennai,40.73,42.38,8.42,10.97,18.93,44.39,1.17,5.12,52.89,0.11,0.0,92.0,Satisfactory,False,False,False,False,False,False,False,False,False,False,False,True,False
2020-06-07,Chennai,20.52,142.52,8.59,12.19,20.39,43.08,1.17,5.35,56.57,0.12,0.02,128.0,Moderate,False,False,False,False,False,False,False,False,False,False,False,True,False
2020-06-08,Chennai,23.04,72.71,10.77,12.62,21.97,42.77,1.16,6.34,46.75,0.06,0.13,85.0,Satisfactory,False,False,False,False,False,False,False,False,False,False,False,True,False
2020-06-09,Chennai,22.43,32.25,8.69,16.08,21.03,42.45,0.96,5.45,55.54,0.07,0.02,87.0,Satisfactory,False,False,False,False,False,False,False,False,False,False,False,True,False
2020-06-10,Chennai,30.42,36.47,9.47,13.97,15.9,51.0,0.83,6.85,41.46,0.12,0.02,80.0,Satisfactory,False,True,False,False,False,False,False,False,False,False,True,True,False
2020-06-11,Chennai,26.37,40.69,11.65,11.45,18.3,40.68,1.21,5.45,46.53,0.1,0.02,106.0,Moderate,False,False,False,False,False,False,False,False,False,False,True,True,False
2020-06-12,Chennai,104.45,25.05,10.61,13.24,20.6,43.45,1.2,6.83,52.79,0.09,0.02,169.0,Moderate,False,False,False,False,False,False,False,False,False,False,True,True,False
2020-06-13,Chennai,20.76,35.25,10.37,11.16,21.63,34.03,1.01,5.77,51.41,0.06,0.02,112.0,Moderate,False,False,False,False,False,False,False,False,False,False,False,True,False
2020-06-14,Chennai,20.17,56.04,8.98,14.53,22.91,30.11,1.03,4.18,52.51,0.06,0.0,80.0,Satisfactory,False,False,False,False,False,False,False,False,False,False,False,True,False
2020-06-15,Chennai,19.34,43.22,8.35,11.06,18.82,31.52,1.17,6.57,51.3,0.05,0.05,79.0,Satisfactory,False,False,False,False,False,False,False,False,False,False,False,True,False
2020-06-16,Chennai,24.1,42.54,9.39,12.26,22.1,36.36,1.18,4.44,56.23,0.09,0.0,86.0,Satisfactory,False,False,False,False,False,False,False,False,False,False,False,True,False
2020-06-17,Chennai,32.37,43.27,9.63,15.03,24.29,34.49,1.08,7.76,53.18,0.08,0.0,96.0,Satisfactory,False,False,False,False,False,False,False,False,False,False,False,True,False
2020-06-18,Chennai,23.89,41.27,11.16,17.22,27.99,33.65,1.21,9.99,73.43,0.07,0.01,112.0,Moderate,False,False,False,False,False,False,False,False,False,False,False,True,False
2020-06-19,Chennai,29.8,48.4,8.8,15.56,23.72,34.78,1.05,6.45,52.41,0.16,0.02,109.0,Moderate,False,False,False,False,False,False,False,False,False,False,False,True,False
2020-06-20,Chennai,89.92,50.56,8.8,14.48,22.61,34.06,1.12,5.5,61.97,0.1,0.0,152.0,Moderate,False,False,False,False,False,False,False,False,False,False,False,True,False
2020-06-21,Chennai,26.53,55.74,8.44,13.11,21.18,34.42,1.08,5.53,59.9,0.1,0.0,140.0,Moderate,False,False,False,False,False,False,False,False,False,False,False,True,False
2020-06-22,Chennai,23.55,35.3,9.42,8.94,18.09,35.35,1.12,6.66,71.42,0.1,0.04,106.0,Moderate,False,False,False,False,False,False,False,False,False,False,False,True,False
2020-06-23,Chennai,18.95,24.27,12.3,11.11,23.05,35.21,1.13,8.1,69.77,0.12,0.07,109.0,Moderate,False,False,False,False,False,False,False,False,False,False,False,True,False
2020-06-24,Chennai,28.83,31.28,7.17,9.57,16.05,34.89,1.07,6.32,70.18,0.08,0.0,102.0,Moderate,False,False,False,False,False,False,False,False,False,False,False,True,False
2020-06-25,Chennai,23.13,35.95,8.9,10.74,20.56,33.84,1.1,7.92,69.8,0.1,0.05,108.0,Moderate,False,False,False,False,False,False,False,False,False,False,False,True,False
2020-06-26,Chennai,23.75,38.41,6.83,7.94,13.96,35.0,1.14,5.55,66.85,0.12,0.04,95.0,Satisfactory,False,False,False,False,False,False,False,False,False,False,False,True,False
2020-06-27,Chennai,26.42,39.3,7.25,12.96,19.59,33.2,1.1,7.29,68.51,0.1,0.07,95.0,Satisfactory,False,False,False,False,False,False,False,False,False,False,False,True,False
2020-06-28,Chennai,25.93,45.54,7.81,10.0,16.39,35.98,0.76,6.48,77.45,0.09,0.0,98.0,Satisfactory,False,False,False,False,False,False,False,False,False,False,False,True,False
2020-06-29,Chennai,21.3,22.21,7.65,9.69,16.74,34.07,0.96,6.62,62.57,0.09,0.01,104.0,Moderate,False,False,False,False,False,False,False,False,False,False,False,True,False
2020-06-30,Chennai,24.14,30.66,8.42,12.38,20.29,34.17,1.05,7.5,68.75,0.17,0.16,110.0,Moderate,False,False,False,False,False,False,False,False,False,False,False,True,False
2020-07-01,Chennai,15.95,4.85,6.22,10.72,16.44,33.52,1.02,9.23,48.37,0.09,0.0,92.0,Satisfactory,False,False,False,False,False,False,False,False,False,False,False,True,False
