Date,City,PM2.5,PM10,NO,NO2,NOx,CO,SO2,O3,Benzene,Toluene,AQI,AQI_Bucket,PM2.5_was_missing,PM10_was_missing,NO_was_missing,NO2_was_missing,NOx_was_missing,NH3_was_missing,CO_was_missing,SO2_was_missing,O3_was_missing,Benzene_was_missing,Toluene_was_missing,Xylene_was_missing,AQI_was_missing
2015-11-27,Gurugram,,,5.28,8.37,9.57,2.88,15.92,5.96,,,,,True,True,False,False,False,True,False,False,False,True,True,True,True
2015-11-28,Gurugram,,,4.71,8.0,9.74,0.47,5.78,8.13,,,,,True,True,False,False,False,True,False,False,False,True,True,True,True
2015-11-29,Gurugram,,,3.1,8.04,8.69,1.67,5.26,16.52,,,,,True,True,False,False,False,True,False,False,False,True,True,True,True
2015-11-30,Gurugram,,,3.9,8.21,9.54,1.45,7.51,6.29,,,,,True,True,False,False,False,True,False,False,False,True,True,True,True
2015-12-01,Gurugram,,,3.36,8.13,8.86,1.45,3.72,10.5,,,,,True,True,False,False,False,True,False,False,False,True,True,True,True
2015-12-02,Gurugram,,,7.59,10.25,11.2,2.08,6.99,10.1,,,,,True,True,False,False,False,True,False,False,False,True,True,True,True
2015-12-03,Gurugram,,,13.11,14.27,14.32,0.66,2.69,8.75,,,,,True,True,False,False,False,True,False,False,False,True,True,True,True
2015-12-04,Gurugram,,,14.32,12.84,13.94,3.91,14.63,16.09,,,,,True,True,False,False,False,True,False,False,False,True,True,True,True
2015-12-05,Gurugram,,,12.82,15.38,14.28,2.09,9.1,19.52,,,,,True,True,False,False,False,True,False,False,False,True,True,True,True
2015-12-06,Gurugram,,,13.085,14.7,14.415,1.8599999999999999,6.425,22.61,,,,,True,True,True,True,True,True,True,True,True,True,True,True,True
2015-12-07,Gurugram,,,13.35,14.02,14.55,1.63,3.75,25.7,,,,,True,True,False,False,False,True,False,False,False,True,True,True,True
2015-12-08,Gurugram,,,13.57,14.27,15.36,1.72,5.47,25.28,,,,,True,True,False,False,False,True,False,False,False,True,True,True,True
2015-12-09,Gurugram,,,11.96,13.8,14.81,1.38,4.25,14.06,,,,,True,True,False,False,False,True,False,False,False,True,True,True,True
2015-12-10,Gurugram,,,12.63,12.82,14.9,1.47,2.03,1.97,,,,,True,True,False,False,False,True,False,False,False,True,True,True,True
2015-12-11,Gurugram,,,12.92,15.34,14.71,1.42,12.16,15.02,,,,,True,True,False,False,False,True,False,False,False,True,True,True,True
2015-12-12,Gurugram,,,14.65,14.3,14.68,0.42,4.67,2.86,,,,,True,True,False,False,False,True,False,False,False,True,True,True,True
2015-12-13,Gurugram,,,13.67,14.845,14.445,0.55,6.335,16.89,,,,,True,True,True,True,True,True,True,True,True,True,True,True,True
2015-12-14,Gurugram,,,12.69,15.39,14.21,0.68,8.0,30.92,,,,,True,True,False,False,False,True,False,False,False,True,True,True,True
2015-12-15,Gurugram,,,15.48,13.39,15.09,0.2,4.22,21.46,,,,,True,True,False,False,False,True,False,False,False,True,True,True,True
2015-12-16,Gurugram,,,14.27,14.84,15.07,1.39,5.73,15.37,,,,,True,True,False,False,False,True,False,False,False,True,True,True,True
2015-12-17,Gurugram,,,14.532,15.448,15.126,1.504,7.0600000000000005,16.426,,,,,True,True,True,True,True,True,True,True,True,True,True,True,True
2015-12-18,Gurugram,,,14.794,16.056,15.182,1.6179999999999999,8.39,17.482,,,,,True,True,True,True,True,True,True,True,True,True,True,True,True
2015-12-19,Gurugram,,,15.056,16.663999999999998,15.238,1.732,9.72,18.538,,,,,True,True,True,True,True,True,True,True,True,True,True,True,True
2015-12-20,Gurugram,,,15.318,17.272,15.294,1.846,11.05,19.593999999999998,,,,,True,True,True,True,True,True,True,True,True,True,True,True,True
2015-12-21,Gurugram,,,15.58,17.88,15.35,1.96,12.38,20.65,,,,,True,True,False,False,False,True,False,False,False,True,True,True,True
2015-12-22,Gurugram,,,15.8,17.05,15.57,2.44,10.24,1.24,,,,,True,True,False,False,False,True,False,False,False,True,True,True,True
2015-12-23,Gurugram,,,16.01,16.16,15.54,1.74,18.91,14.1,,,,,True,True,False,False,False,True,False,False,False,True,True,True,True
2015-12-24,Gurugram,,,14.41,13.23,14.99,1.69,2.89,1.55,,,,,True,True,False,False,False,True,False,False,False,True,True,True,True
2015-12-25,Gurugram,,,13.82,13.0,14.46,1.51,4.79,14.64,,,,,True,True,False,False,False,True,False,False,False,True,True,True,True
2015-12-26,Gurugram,,,12.02,14.5,14.42,1.59,5.04,13.92,,,,,True,True,False,False,False,True,False,False,False,True,True,True,True
2015-12-27,Gurugram,,,10.57,14.55,13.84,1.42,5.06,14.77,,,,,True,True,False,False,False,True,False,False,False,True,True,True,True
2015-12-28,Gurugram,,,9.57,13.7,12.97,1.44,5.94,16.97,,,,,True,True,False,False,False,True,False,False,False,True,True,True,True
2015-12-29,Gurugram,,,10.46,14.44,14.26,1.39,5.63,19.21,,,,,True,True,False,False,False,True,False,False,False,True,True,True,True
2015-12-30,Gurugram,,,9.88,13.16,12.53,1.0,14.24,21.88,,,,,True,True,False,False,False,True,False,False,False,True,True,True,True
2015-12-31,Gurugram,,,12.63,13.98,14.61,1.43,5.41,28.88,,,,,True,True,False,False,False,True,False,False,False,True,True,True,True
2016-01-01,Gurugram,,,12.11,15.1,14.49,0.43,25.52,27.4,,,,,True,True,False,False,False,True,False,False,False,True,True,True,True
2016-01-02,Gurugram,,,10.68,14.8,13.37,1.22,46.7,1.25,,,,,True,True,False,False,False,True,False,False,False,True,True,True,True
2016-01-03,Gurugram,,,11.535,15.485000000000001,13.25,1.27,25.729999999999997,13.135,,,,,True,True,True,True,True,True,True,True,True,True,True,True,True
2016-01-04,Gurugram,,,12.39,16.17,13.13,1.32,4.76,25.02,,,,,True,True,False,False,False,True,False,False,False,True,True,True,True
2016-01-05,Gurugram,,,13.806666666666667,14.250000000000002,13.436666666666667,1.26,7.11,19.96,,,,,True,True,True,True,True,True,True,True,True,True,True,True,True
2016-01-06,Gurugram,,,15.223333333333334,12.33,13.743333333333334,1.2,9.46,14.9,,,,,True,True,True,True,True,True,True,True,True,True,True,True,True
2016-01-07,Gurugram,,,16.64,10.41,14.05,1.14,11.81,9.84,,,,,True,True,False,False,False,True,False,False,False,True,True,True,True
2016-01-08,Gurugram,,,17.47,10.07,14.86,0.82,11.32,1.6,,,,,True,True,False,False,False,True,False,False,False,True,True,True,True
2016-01-09,Gurugram,,,17.79,8.73,14.56,1.2066666666666666,6.06,1.54,,,,,True,True,False,False,False,True,True,False,False,True,True,True,True
2016-01-10,Gurugram,,,17.17,8.545,14.24,1.5933333333333333,6.945,9.260000000000002,,,,,True,True,True,True,True,True,True,True,True,True,True,True,True
2016-01-11,Gurugram,,,16.55,8.36,13.92,1.98,7.83,16.98,,,,,True,True,False,False,False,True,False,False,False,True,True,True,True
2016-01-12,Gurugram,,,15.19,8.94,14.2,1.18,5.99,8.56,,,,,True,True,False,False,False,True,False,False,False,True,True,True,True
2016-01-13,Gurugram,,,15.835,8.5,13.83,0.69,8.125,8.440000000000001,,,,,True,True,True,True,True,True,True,True,True,True,True,True,True
2016-01-14,Gurugram,,,16.48,8.06,13.46,0.2,10.26,8.32,,,,,True,True,False,False,False,True,False,False,False,True,True,True,True
2016-01-15,Gurugram,,,13.83,10.26,12.5,1.0,7.19,11.67,,,,,True,True,False,False,False,True,False,False,False,True,True,True,True
2016-01-16,Gurugram,,,19.59,10.41,16.37,0.87,4.68,12.4,,,,,True,True,False,False,False,True,False,False,False,True,True,True,True
2016-01-17,Gurugram,,,17.31,10.1,15.53,1.49,5.73,11.22,,,,,True,True,False,False,False,True,False,False,False,True,True,True,True
2016-01-18,Gurugram,,,15.72,8.72,15.71,1.41,8.3,3.52,,,,,True,True,False,False,False,True,False,False,False,True,True,True,True
2016-01-19,Gurugram,,,15.526666666666667,8.84,15.440000000000001,1.2633333333333332,7.930000000000001,6.173333333333334,,,,,True,True,True,True,True,True,True,True,True,True,True,True,True
2016-01-20,Gurugram,,,15.333333333333334,8.96,15.17,1.1166666666666667,7.5600000000000005,8.826666666666668,,,,,True,True,True,True,True,True,True,True,True,True,True,True,True
2016-01-21,Gurugram,,,15.14,9.08,14.9,0.97,7.19,11.48,,,,,True,True,False,False,False,True,False,False,False,True,True,True,True
2016-01-22,Gurugram,120.47,,15.21,10.99,14.31,1.41,12.48,3.95,,,,,False,True,False,False,False,True,False,False,False,True,True,True,True
2016-01-23,Gurugram,87.51,,15.75,8.25,14.43,0.45,8.05,13.38,,,202.0,Poor,False,True,False,False,False,True,False,False,False,True,True,True,False
2016-01-24,Gurugram,106.22,,15.09,7.39,13.78,1.52,9.24,1.23,,,209.0,Poor,False,True,False,False,False,True,False,False,False,True,True,True,False
2016-01-25,Gurugram,82.48,,15.09,10.99,14.78,1.16,15.42,16.45,,,,,False,True,False,False,False,True,False,False,False,True,True,True,True
2016-01-26,Gurugram,124.33,,17.55,9.69,15.5,0.96,9.14,4.05,,,257.0,Poor,False,True,False,False,False,True,False,False,False,True,True,True,False
2016-01-27,Gurugram,111.72857142857143,,17.974285714285713,10.505714285714285,15.447142857142858,0.8942857142857142,10.141428571428571,7.142857142857142,,,,,True,True,True,True,True,True,True,True,True,True,True,True,True
2016-01-28,Gurugram,99.12714285714286,,18.39857142857143,11.321428571428571,15.394285714285715,0.8285714285714285,11.142857142857142,10.235714285714286,,,,,True,True,True,True,True,True,True,True,True,True,True,True,True
2016-01-29,Gurugram,86.52571428571429,,18.822857142857142,12.137142857142857,15.341428571428573,0.7628571428571429,12.144285714285715,13.32857142857143,,,,,True,True,True,True,True,True,True,True,True,True,True,True,True
2016-01-30,Gurugram,73.9242857142857,,19.247142857142858,12.952857142857143,15.288571428571428,0.6971428571428571,13.145714285714284,16.42142857142857,,,,,True,True,True,True,True,True,True,True,True,True,True,True,True
2016-01-31,Gurugram,61.32285714285714,,19.67142857142857,13.768571428571429,15.235714285714286,0.6314285714285715,14.147142857142857,19.514285714285716,,,,,True,True,True,True,True,True,True,True,True,True,True,True,True
2016-02-01,Gurugram,48.721428571428575,,20.095714285714287,14.584285714285715,15.182857142857143,0.5657142857142857,15.148571428571428,22.607142857142858,,,,,True,True,True,True,True,True,True,True,True,True,True,True,True
2016-02-02,Gurugram,36.12,,20.52,15.4,15.13,0.5,16.15,25.7,,,,,False,True,False,False,False,True,False,False,False,True,True,True,True
2016-02-03,Gurugram,58.63,,18.54,14.94,15.12,0.9949999999999999,4.96,27.26,,,90.0,Satisfactory,False,True,False,False,False,True,True,False,False,True,True,True,False
2016-02-04,Gurugram,52.91,,17.02,9.59,14.43,1.49,7.79,23.45,,,95.0,Satisfactory,False,True,False,False,False,True,False,False,False,True,True,True,False
2016-02-05,Gurugram,103.23,,9.2,16.9,10.3,1.5,8.75,16.66,,,164.0,Moderate,False,True,False,False,False,True,False,False,False,True,True,True,False
2016-02-06,Gurugram,100.27636363636364,,9.74,9.91,9.7,1.54,11.14,0.57,,,,,True,True,False,False,False,True,False,False,False,True,True,True,True
2016-02-07,Gurugram,97.32272727272728,,10.026,14.555,11.17,1.28,15.290000000000001,7.0600000000000005,,,,,True,True,True,True,True,True,True,True,True,True,True,True,True
2016-02-08,Gurugram,94.36909090909091,,10.312,19.2,12.64,1.02,19.44,13.55,,,,,True,True,True,False,False,True,False,False,False,True,True,True,True
2016-02-09,Gurugram,91.41545454545455,,10.598,16.634999999999998,11.100000000000001,1.4,6.02,3.57,,,,,True,True,True,True,True,True,False,False,False,True,True,True,True
2016-02-10,Gurugram,88.46181818181819,,10.884,14.07,9.56,0.45,14.77,24.32,,,,,True,True,True,False,False,True,False,False,False,True,True,True,True
2016-02-11,Gurugram,85.50818181818181,,11.17,18.68,11.69,0.18,6.97,15.12,,,,,True,True,False,False,False,True,False,False,False,True,True,True,True
2016-02-12,Gurugram,82.55454545454545,,9.17,15.92,11.05,1.57,11.11,18.56,,,,,True,True,False,False,False,True,False,False,False,True,True,True,True
2016-02-13,Gurugram,79.60090909090908,,7.83,17.03,10.5,1.4,7.86,1.67,,,,,True,True,False,False,False,True,False,False,False,True,True,True,True
2016-02-14,Gurugram,76.64727272727272,,10.36,14.766666666666667,11.083333333333334,1.45,9.0,23.25333333333333,,,,,True,True,True,True,True,True,True,True,True,True,True,True,True
2016-02-15,Gurugram,73.69363636363636,,12.89,12.503333333333334,11.666666666666666,1.5,10.14,44.836666666666666,,,,,True,True,True,True,True,True,True,True,True,True,True,True,True
2016-02-16,Gurugram,70.74,,15.42,10.24,12.25,1.55,11.280000000000001,66.42,,,,,False,True,False,False,False,True,False,True,False,True,True,True,True
2016-02-17,Gurugram,129.85999999999999,,17.065,14.274999999999999,14.014999999999999,1.415,12.420000000000002,44.46333333333334,,,,,True,True,True,True,True,True,True,True,True,True,True,True,True
2016-02-18,Gurugram,188.98,,18.71,18.31,15.78,1.28,13.56,22.506666666666668,,,,,False,True,False,False,False,True,False,False,True,True,True,True,True
2016-02-19,Gurugram,199.01,,13.65,16.59,12.93,0.28,6.66,0.55,,,357.0,Very Poor,False,True,False,False,False,True,False,False,False,True,True,True,False
2016-02-20,Gurugram,171.325,,13.290000000000001,17.134999999999998,12.9775,0.4925,6.7625,6.047499999999999,,,,,True,True,True,True,True,True,True,True,True,True,True,True,True
2016-02-21,Gurugram,143.64,,12.93,17.68,13.024999999999999,0.705,6.865,11.545,,,,,True,True,True,True,True,True,True,True,True,True,True,True,True
2016-02-22,Gurugram,115.955,,12.57,18.225,13.0725,0.9174999999999999,6.9675,17.0425,,,,,True,True,True,True,True,True,True,True,True,True,True,True,True
2016-02-23,Gurugram,88.27,,12.21,18.77,13.12,1.13,7.07,22.54,,,,,False,True,False,False,False,True,False,False,False,True,True,True,True
2016-02-24,Gurugram,175.8,,11.5,19.53,12.39,0.48,12.93,20.69,,,336.0,Very Poor,False,True,False,False,False,True,False,False,False,True,True,True,False
2016-02-25,Gurugram,137.28,,10.66,9.48,9.46,1.38,11.45,25.59,,,322.0,Very Poor,False,True,False,False,False,True,False,False,False,True,True,True,False
2016-02-26,Gurugram,143.83,,8.9,11.22,7.91,1.44,13.17,28.19,,,312.0,Very Poor,False,True,False,False,False,True,False,False,False,True,True,True,False
2016-02-27,Gurugram,180.83,,11.15,14.95,11.32,1.37,15.57,18.82,,,343.0,Very Poor,False,True,False,False,False,True,False,False,False,True,True,True,False
2016-02-28,Gurugram,201.17,,8.79,10.32,8.06,1.45,12.01,24.09,,,359.0,Very Poor,False,True,False,False,False,True,False,False,False,True,True,True,False
2016-02-29,Gurugram,182.54,,8.82,10.73,7.98,1.49,6.89,18.51,,,346.0,Very Poor,False,True,False,False,False,True,False,False,False,True,True,True,False
2016-03-01,Gurugram,211.21,,7.79,10.53,8.1,1.43,12.72,24.8,,,364.0,Very Poor,False,True,False,False,False,True,False,False,False,True,True,True,False
2016-03-02,Gurugram,247.27,,5.55,10.94,7.67,1.48,11.04,29.09,,,379.0,Very Poor,False,True,False,False,False,True,False,False,False,True,True,True,False
2016-03-03,Gurugram,348.88,,4.16,8.97,7.56,1.4,14.26,25.18,,,460.0,Severe,False,True,False,False,False,True,False,False,False,True,True,True,False
2016-03-04,Gurugram,281.3,,10.29,8.47,7.93,1.28,9.53,32.19,,,445.0,Severe,True,True,False,False,False,True,False,False,False,True,True,True,False
2016-03-05,Gurugram,213.72,,23.91,31.923333333333332,21.16,0.9433333333333334,9.7,31.77,,,,,True,True,True,True,True,True,True,True,True,True,True,True,True
2016-03-06,Gurugram,146.14,,37.53,55.376666666666665,34.39,0.6066666666666668,9.87,31.349999999999998,,,,,True,True,True,True,True,True,True,True,True,True,True,True,True
2016-03-07,Gurugram,78.56,,51.15,78.83,47.62,0.27,10.04,30.93,,,,,False,True,False,False,False,True,False,False,False,True,True,True,True
2016-03-08,Gurugram,97.88,,13.69,34.12,17.26,0.8150000000000001,9.58,28.46,,,244.0,Poor,False,True,False,False,False,True,True,False,False,True,True,True,False
2016-03-09,Gurugram,539.41,,20.24,40.8,36.5,1.36,7.28,21.86,,,442.0,Severe,False,True,False,False,False,True,False,False,False,True,True,True,False
2016-03-10,Gurugram,914.94,,44.34,63.94,42.71,1.45,0.64,0.8,,,676.0,Severe,False,True,False,False,False,True,False,False,False,True,True,True,False
2016-03-11,Gurugram,772.2666666666667,,37.63333333333334,61.77142857142857,37.67666666666667,1.3533333333333333,2.3033333333333332,7.941666666666667,,,,,True,True,True,True,True,True,True,True,True,True,True,True,True
2016-03-12,Gurugram,629.5933333333334,,30.92666666666667,59.60285714285714,32.64333333333333,1.2566666666666666,3.9666666666666663,15.083333333333336,,,,,True,True,True,True,True,True,True,True,True,True,True,True,True
2016-03-13,Gurugram,486.92,,24.220000000000002,57.434285714285714,27.61,1.16,5.629999999999999,22.225,,,,,True,True,True,True,True,True,True,True,True,True,True,True,True
2016-03-14,Gurugram,344.24666666666667,,17.51333333333334,55.26571428571428,22.576666666666668,1.0633333333333332,7.293333333333332,29.36666666666667,,,,,True,True,True,True,True,True,True,True,True,True,True,True,True
2016-03-15,Gurugram,201.57333333333338,,10.806666666666672,53.097142857142856,17.543333333333333,0.9666666666666667,8.956666666666665,36.50833333333333,,,,,True,True,True,True,True,True,True,True,True,True,True,True,True
2016-03-16,Gurugram,58.9,,4.1,50.92857142857143,12.51,0.87,10.62,43.65,,,,,False,True,False,True,False,True,False,False,False,True,True,True,True
2016-03-17,Gurugram,894.75,,4.46,48.76,17.45,1.43,13.43,37.98,,,,,False,True,False,False,False,True,False,False,False,True,True,True,True
2016-03-18,Gurugram,581.05,,7.02,46.75,17.93,1.22,17.42,30.51,,,,,False,True,False,False,False,True,False,False,False,True,True,True,True
2016-03-19,Gurugram,506.9571428571428,,6.6814285714285715,46.63,17.759999999999998,1.1585714285714286,16.738750000000003,32.84428571428572,,,,,True,True,True,True,True,True,True,True,True,True,True,True,True
2016-03-20,Gurugram,432.86428571428564,,6.3428571428571425,46.51,17.59,1.0971428571428572,16.0575,35.17857142857143,,,,,True,True,True,True,True,True,True,True,True,True,True,True,True
2016-03-21,Gurugram,358.77142857142854,,6.0042857142857144,46.39,17.419999999999998,1.0357142857142858,15.376250000000002,37.51285714285714,,,,,True,True,True,True,True,True,True,True,True,True,True,True,True
2016-03-22,Gurugram,284.6785714285714,,5.6657142857142855,46.269999999999996,17.25,0.9742857142857143,14.695,39.847142857142856,,,,,True,True,True,True,True,True,True,True,True,True,True,True,True
2016-03-23,Gurugram,210.58571428571423,,5.327142857142857,46.15,17.08,0.9128571428571428,14.013750000000002,42.18142857142857,,,,,True,True,True,True,True,True,True,True,True,True,True,True,True
2016-03-24,Gurugram,136.49285714285713,,4.988571428571429,46.029999999999994,16.91,0.8514285714285714,13.332500000000001,44.51571428571429,,,,,True,True,True,True,True,True,True,True,True,True,True,True,True
2016-03-25,Gurugram,62.4,,4.65,45.91,16.74,0.79,12.651250000000001,46.85,,,,,False,True,False,False,False,True,False,True,False,True,True,True,True
2016-03-26,Gurugram,40.5,,5.105,35.09,14.5,1.37,11.97,17.07,,,,,False,True,True,False,False,True,False,False,False,True,True,True,True
2016-03-27,Gurugram,79.43,,5.56,31.01,13.22,1.12,11.31,30.98,,,180.0,Moderate,False,True,False,False,False,True,False,False,False,True,True,True,False
2016-03-28,Gurugram,197.75,,12.54,33.61,17.27,1.46,16.38,26.13,,,341.0,Very Poor,False,True,False,False,False,True,False,False,False,True,True,True,False
2016-03-29,Gurugram,124.42,,5.71,33.18,11.24,1.4,19.4,43.79,,,208.0,Poor,False,True,False,False,False,True,False,False,False,True,True,True,False
2016-03-30,Gurugram,264.74,,13.22,50.59,22.91,1.57,33.97,27.58,,,367.0,Very Poor,False,True,False,False,False,True,False,False,False,True,True,True,False
2016-03-31,Gurugram,186.4,,48.3,110.34,45.41,2.03,23.38,24.63,,,401.0,Severe,False,True,False,False,False,True,False,False,False,True,True,True,False
2016-04-01,Gurugram,66.52,,4.66,36.51,14.63,1.13,20.44,29.48,,,325.0,Very Poor,False,True,False,False,False,True,False,False,False,True,True,True,False
2016-04-02,Gurugram,69.77666666666667,,13.67,47.5,22.34,1.48,29.93,26.68,,,,,True,True,False,False,False,True,False,False,False,True,True,True,True
2016-04-03,Gurugram,73.03333333333333,,42.76,90.73,40.58,2.3,30.97,31.53,,,,,True,True,False,False,False,True,False,False,False,True,True,True,True
2016-04-04,Gurugram,76.29,,21.73,43.72,25.75,1.37,21.97,17.55,,,,,False,True,False,False,False,True,False,False,False,True,True,True,True
2016-04-05,Gurugram,70.05,,3.94,28.73,12.28,1.05,12.95,34.73,,,,,False,True,False,False,False,True,False,False,False,True,True,True,True
2016-04-06,Gurugram,85.23333333333333,,6.3,41.72,16.81,1.18,18.04,33.38,,,,,True,True,False,False,False,True,False,False,False,True,True,True,True
2016-04-07,Gurugram,100.41666666666666,,12.94,39.56,19.79,1.16,19.65,31.06,,,,,True,True,False,False,False,True,False,False,False,True,True,True,True
2016-04-08,Gurugram,115.6,,11.28,46.36,20.65,1.39,15.05,33.45,,,,,False,True,False,False,False,True,False,False,False,True,True,True,True
2016-04-09,Gurugram,99.83,,37.58,83.45,39.6,2.05,24.69,36.16,,,266.0,Poor,False,True,False,False,False,True,False,False,False,True,True,True,False
2016-04-10,Gurugram,83.23,,6.07,37.45,15.64,1.23,25.1,39.34,,,190.0,Moderate,False,True,False,False,False,True,False,False,False,True,True,True,False
2016-04-11,Gurugram,84.45,,5.48,30.12,13.37,0.95,18.06,34.36,,,186.0,Moderate,False,True,False,False,False,True,False,False,False,True,True,True,False
2016-04-12,Gurugram,70.79,,4.68,21.94,12.36,0.91,15.18,41.77,,,144.0,Moderate,False,True,False,False,False,True,False,False,False,True,True,True,False
2016-04-13,Gurugram,82.6,,5.34,31.5,13.51,1.16,18.19,34.96,,,156.0,Moderate,False,True,False,False,False,True,False,False,False,True,True,True,False
2016-04-14,Gurugram,84.9,,11.83,37.63,18.82,1.43,11.16,32.53,,,202.0,Poor,False,True,False,False,False,True,False,False,False,True,True,True,False
2016-04-15,Gurugram,109.9,,39.56,53.4,37.84,1.81,14.57,27.98,,,228.0,Poor,False,True,False,False,False,True,False,False,False,True,True,True,False
2016-04-16,Gurugram,107.76,,18.76,47.93,25.07,1.63,12.52,17.46,,,276.0,Poor,False,True,False,False,False,True,False,False,False,True,True,True,False
2016-04-17,Gurugram,81.36,,4.76,28.96,12.65,1.11,5.38,17.69,,,192.0,Moderate,False,True,False,False,False,True,False,False,False,True,True,True,False
2016-04-18,Gurugram,77.24,,9.55,43.2,19.01,1.23,9.91,25.27,,,144.0,Moderate,False,True,False,False,False,True,False,False,False,True,True,True,False
2016-04-19,Gurugram,115.4,,10.02,49.47,20.62,1.65,15.79,25.94,,,244.0,Poor,False,True,False,False,False,True,False,False,False,True,True,True,False
2016-04-20,Gurugram,163.99,,6.51,37.2,15.68,1.01,7.7,29.75,,,300.0,Poor,False,True,False,False,False,True,False,False,False,True,True,True,False
2016-04-21,Gurugram,128.32,,3.95,27.77,12.0,1.08,12.25,36.55,,,325.0,Very Poor,False,True,False,False,False,True,False,False,False,True,True,True,False
2016-04-22,Gurugram,123.29,,3.0,10.04,7.01,1.0,6.8,42.31,,,305.0,Very Poor,False,True,False,False,False,True,False,False,False,True,True,True,False
2016-04-23,Gurugram,92.07,,8.24,16.11,11.31,1.46,10.24,34.89,,,250.0,Poor,False,True,False,False,False,True,False,False,False,True,True,True,False
2016-04-24,Gurugram,128.13,,7.14,27.63,9.85,1.98,20.12,49.05,,,278.0,Poor,False,True,False,False,False,True,False,False,False,True,True,True,False
2016-04-25,Gurugram,114.51,,9.67,53.05,19.74,1.77,14.31,49.87,,,287.0,Poor,False,True,False,False,False,True,False,False,False,True,True,True,False
2016-04-26,Gurugram,63.16,,2.77,16.76,8.61,1.01,11.01,122.38,,,278.0,Poor,False,True,False,False,False,True,False,False,False,True,True,True,False
2016-04-27,Gurugram,170.74,,37.9,87.78,56.32,3.24,33.66,35.28,,,,,False,True,False,False,False,True,False,False,False,True,True,True,True
2016-04-28,Gurugram,136.31,,3.4,10.97,7.59,2.62,7.91,40.92,,,,,False,True,False,False,False,True,False,False,False,True,True,True,True
2016-04-29,Gurugram,173.82,,2.98,13.69,7.81,2.73,17.15,43.28,,,345.0,Very Poor,False,True,False,False,False,True,False,False,False,True,True,True,False
2016-04-30,Gurugram,171.35,,2.6666666666666665,11.35,6.58,2.85,15.34,48.91,,,332.0,Very Poor,False,True,True,True,True,True,False,False,False,True,True,True,False
2016-05-01,Gurugram,164.46,,2.3533333333333335,9.01,5.35,2.12,26.59,52.44,,,346.0,Very Poor,False,True,True,True,True,True,False,False,False,True,True,True,False
2016-05-02,Gurugram,146.44,,2.04,6.67,4.12,0.97,9.61,42.73,,,327.0,Very Poor,False,True,False,False,False,True,False,False,False,True,True,True,False
2016-05-03,Gurugram,164.68,,2.07,18.17,5.92,1.23,14.15,26.96,,,346.0,Very Poor,False,True,False,False,False,True,False,False,False,True,True,True,False
2016-05-04,Gurugram,129.44,,1.37,13.27,4.99,1.28,7.62,23.27,,,299.0,Poor,False,True,False,False,False,True,False,False,False,True,True,True,False
2016-05-05,Gurugram,100.09,,1.39,23.57,8.53,1.15,3.79,27.1,,,280.0,Poor,False,True,False,False,False,True,False,False,False,True,True,True,False
2016-05-06,Gurugram,82.65,,1.03,20.96,9.65,1.28,3.79,23.97,,,197.0,Moderate,False,True,False,False,False,True,False,False,False,True,True,True,False
2016-05-07,Gurugram,104.17,,1.91,7.55,7.34,1.23,4.43,38.24,,,224.0,Poor,False,True,False,False,False,True,False,False,False,True,True,True,False
2016-05-08,Gurugram,100.13,,1.92,4.84,6.92,1.32,5.03,52.92,,,252.0,Poor,False,True,False,False,False,True,False,False,False,True,True,True,False
2016-05-09,Gurugram,77.1,,1.81,11.53,9.2,1.15,1.84,51.85,,,183.0,Moderate,False,True,False,False,False,True,False,False,False,True,True,True,False
2016-05-10,Gurugram,63.89,,5.02,9.04,13.03,1.25,2.91,45.35,,,155.0,Moderate,False,True,False,False,False,True,False,False,False,True,True,True,False
2016-05-11,Gurugram,53.98,,5.43,9.56,12.2,1.11,2.77,53.47,,,90.0,Satisfactory,False,True,False,False,False,True,False,False,False,True,True,True,False
2016-05-12,Gurugram,75.08,,2.87,6.07,8.95,1.34,2.88,42.03,,,112.0,Moderate,False,True,False,False,False,True,False,False,False,True,True,True,False
2016-05-13,Gurugram,103.68,,2.93,5.93,8.94,1.27,6.24,19.62,,,187.0,Moderate,False,True,False,False,False,True,False,False,False,True,True,True,False
2016-05-14,Gurugram,98.72,,3.53,7.04,9.39,1.69,4.65,43.46,,,259.0,Poor,False,True,False,False,False,True,False,False,False,True,True,True,False
2016-05-15,Gurugram,90.87,,2.98,5.83,8.94,1.53,13.02,41.3,,,236.0,Poor,False,True,False,False,False,True,False,False,False,True,True,True,False
2016-05-16,Gurugram,91.92,,4.06,9.54,9.47,1.55,9.26,29.92,,,182.0,Moderate,False,True,False,False,False,True,False,False,False,True,True,True,False
2016-05-17,Gurugram,67.44,,0.92,6.6,8.94,1.23,9.65,38.39,,,166.0,Moderate,False,True,False,False,False,True,False,False,False,True,True,True,False
2016-05-18,Gurugram,99.74,,0.94,5.86,8.94,2.17,24.4,40.39,,,207.0,Poor,False,True,False,False,False,True,False,False,False,True,True,True,False
2016-05-19,Gurugram,83.2,,0.95,5.87,8.94,1.59,11.12,46.26,,,193.0,Moderate,False,True,False,False,False,True,False,False,False,True,True,True,False
2016-05-20,Gurugram,75.28,,0.97,5.9,8.96,1.31,2.37,35.49,,,151.0,Moderate,False,True,False,False,False,True,False,False,False,True,True,True,False
2016-05-21,Gurugram,66.97,,0.97,5.84,8.95,1.11,1.9,39.5,,,139.0,Moderate,False,True,False,False,False,True,False,False,False,True,True,True,False
2016-05-22,Gurugram,78.33,,1.09,6.5,9.1,0.94,1.96,39.93,,,124.0,Moderate,False,True,False,False,False,True,False,False,False,True,True,True,False
2016-05-23,Gurugram,100.13,,0.98,5.97,8.98,0.91,2.53,23.85,,,212.0,Poor,False,True,False,False,False,True,False,False,False,True,True,True,False
2016-05-24,Gurugram,40.55,,0.93,5.97,8.95,1.13,2.19,22.98,,,148.0,Moderate,False,True,False,False,False,True,False,False,False,True,True,True,False
2016-05-25,Gurugram,82.76,,1.37,5.89,7.56,0.74,2.75,19.06,,,116.0,Moderate,False,True,False,False,False,True,False,False,False,True,True,True,False
2016-05-26,Gurugram,113.01,,1.93,5.86,4.93,0.33,3.05,18.11,,,203.0,Poor,False,True,False,False,False,True,False,False,False,True,True,True,False
2016-05-27,Gurugram,231.94,,1.94,5.92,4.95,0.36,3.39,28.48,,,345.0,Very Poor,False,True,False,False,False,True,False,False,False,True,True,True,False
2016-05-28,Gurugram,111.43,,1.94,5.81,4.93,0.35,4.47,17.47,,,358.0,Very Poor,False,True,False,False,False,True,False,False,False,True,True,True,False
2016-05-29,Gurugram,3.46,,1.96,5.87,4.95,0.54,2.82,44.76,,,107.0,Moderate,False,True,False,False,False,True,False,False,False,True,True,True,False
2016-05-30,Gurugram,3.7,,1.91,5.93,4.94,0.39,2.07,16.88,,,62.0,Satisfactory,False,True,False,False,False,True,False,False,False,True,True,True,False
2016-05-31,Gurugram,27.61,,1.93,5.85,4.93,0.44,2.1,18.53,,,48.0,Good,False,True,False,False,False,True,False,False,False,True,True,True,False
2016-06-01,Gurugram,58.12,,1.93,5.89,4.95,0.41,2.66,21.18,,,79.0,Satisfactory,False,True,False,False,False,True,False,False,False,True,True,True,False
2016-06-02,Gurugram,81.56,,2.25,8.16,5.24,0.49,4.69,26.12,,,133.0,Moderate,False,True,False,False,False,True,False,False,False,True,True,True,False
2016-06-03,Gurugram,109.37,,3.14,8.4,5.5,0.34,7.58,29.35,,,238.0,Poor,False,True,False,False,False,True,False,False,False,True,True,True,False
2016-06-04,Gurugram,118.21,,2.99,6.6,4.97,0.32,7.01,37.22,,,276.0,Poor,False,True,False,False,False,True,False,False,False,True,True,True,False
2016-06-05,Gurugram,73.68,,3.56,6.82,4.98,0.32,1.77,25.5,,,226.0,Poor,False,True,False,False,False,True,False,False,False,True,True,True,False
2016-06-06,Gurugram,102.8,,3.95,6.98,4.94,0.41,3.1,55.49,,,,,False,True,False,False,False,True,False,False,False,True,True,True,True
2016-06-07,Gurugram,101.21,,3.43,6.56,4.93,0.3,2.18,47.53,,,,,False,True,False,False,False,True,False,False,False,True,True,True,True
2016-06-08,Gurugram,69.08,,3.33,7.41,4.92,0.51,3.46,47.61,,,161.0,Moderate,False,True,False,False,False,True,False,False,False,True,True,True,False
2016-06-09,Gurugram,139.85,,2.19,7.07,4.95,0.33,3.44,28.95,,,133.0,Moderate,False,True,False,False,False,True,False,False,False,True,True,True,False
2016-06-10,Gurugram,120.93,,2.34,6.66,4.95,0.35,6.71,18.14,,,296.0,Poor,False,True,False,False,False,True,False,False,False,True,True,True,False
2016-06-11,Gurugram,65.59,,2.33,6.79,4.98,0.33,2.85,35.97,,,245.0,Poor,False,True,False,False,False,True,False,False,False,True,True,True,False
2016-06-12,Gurugram,70.45,,2.17,6.92,4.93,0.39,3.5,34.68,,,103.0,Moderate,False,True,False,False,False,True,False,False,False,True,True,True,False
2016-06-13,Gurugram,146.17,,2.45,6.72,4.97,0.44,2.8,18.83,,,263.0,Poor,False,True,False,False,False,True,False,False,False,True,True,True,False
2016-06-14,Gurugram,32.15,,2.42,5.32,4.97,0.39,2.0,14.8,,,195.0,Moderate,False,True,False,False,False,True,False,False,False,True,True,True,False
2016-06-15,Gurugram,147.88,,5.13,7.96,5.0,0.36,1.76,21.03,,,,,False,True,False,False,False,True,False,False,False,True,True,True,True
2016-06-16,Gurugram,67.25,,2.14,5.69,4.97,0.32,1.98,22.56,,,217.0,Poor,False,True,False,False,False,True,False,False,False,True,True,True,False
2016-06-17,Gurugram,57.76,,1.94,7.52,4.96,0.34,2.37,26.81,,,91.0,Satisfactory,False,True,False,False,False,True,False,False,False,True,True,True,False
2016-06-18,Gurugram,63.23,,2.31,6.75,4.96,0.32,1.73,25.97,,,106.0,Moderate,False,True,False,False,False,True,False,False,False,True,True,True,False
2016-06-19,Gurugram,74.37,,2.38,6.78,4.96,0.35,1.81,26.37,,,117.0,Moderate,False,True,False,False,False,True,False,False,False,True,True,True,False
2016-06-20,Gurugram,103.27,,2.17,6.38,4.95,0.43,1.79,15.41,,,217.0,Poor,False,True,False,False,False,True,False,False,False,True,True,True,False
2016-06-21,Gurugram,93.59,,2.35,6.76,4.93,0.41,1.79,16.91,,,197.0,Moderate,False,True,False,False,False,True,False,False,False,True,True,True,False
2016-06-22,Gurugram,91.05272727272728,,2.34,6.59,4.94,0.33,1.92,19.76,,,,,True,True,False,False,False,True,False,False,False,True,True,True,True
2016-06-23,Gurugram,88.51545454545455,,2.01,7.1,4.96,0.32,2.03,17.86,,,,,True,True,False,False,False,True,False,False,False,True,True,True,True
2016-06-24,Gurugram,85.97818181818182,,2.09,5.66,4.94,0.28,2.18,21.01,,,,,True,True,False,False,False,True,False,False,False,True,True,True,True
2016-06-25,Gurugram,83.44090909090909,,2.063333333333333,5.7,4.943333333333333,0.32333333333333336,2.186666666666667,23.263333333333335,,,,,True,True,True,True,True,True,True,True,True,True,True,True,True
2016-06-26,Gurugram,80.90363636363637,,2.0366666666666666,5.74,4.946666666666667,0.36666666666666664,2.1933333333333334,25.516666666666666,,,,,True,True,True,True,True,True,True,True,True,True,True,True,True
2016-06-27,Gurugram,78.36636363636364,,2.01,5.78,4.95,0.41,2.2,27.77,,,,,True,True,False,False,False,True,False,False,False,True,True,True,True
2016-06-28,Gurugram,75.82909090909091,,2.23,6.79,4.92,0.32,1.99,40.71,,,,,True,True,False,False,False,True,False,False,False,True,True,True,True
2016-06-29,Gurugram,73.29181818181819,,2.41,6.64,4.93,0.35,1.7,43.56,,,,,True,True,False,False,False,True,False,False,False,True,True,True,True
2016-06-30,Gurugram,70.75454545454545,,2.3,6.69,4.92,0.36,1.94,47.41,,,,,True,True,False,False,False,True,False,False,False,True,True,True,True
2016-07-01,Gurugram,68.21727272727273,,2.45,6.37,4.96,0.39,1.7,43.37,,,,,True,True,False,False,False,True,False,False,False,True,True,True,True
2016-07-02,Gurugram,65.68,,2.55,6.53,4.98,0.34,1.85,43.84,,,,,True,True,False,False,False,True,False,False,False,True,True,True,True
2016-07-03,Gurugram,63.14272727272727,,3.99,6.98,4.95,0.31,2.07,44.36,,,,,True,True,False,False,False,True,False,False,False,True,True,True,True
2016-07-04,Gurugram,60.60545454545455,,3.98,7.8,4.96,0.4,1.94,41.45,,,,,True,True,False,False,False,True,False,False,False,True,True,True,True
2016-07-05,Gurugram,58.06818181818182,,3.99,7.0,4.95,0.38,1.73,50.66,,,,,True,True,False,False,False,True,False,False,False,True,True,True,True
2016-07-06,Gurugram,,,3.99,7.03,4.96,0.33,1.89,53.31,,,,,True,True,False,False,False,True,False,False,False,True,True,True,True
2016-07-07,Gurugram,,,3.99,7.0,4.95,0.37,1.88,43.75,,,,,True,True,False,False,False,True,False,False,False,True,True,True,True
2016-07-08,Gurugram,,,3.99,6.82,4.95,0.33,1.88,43.29,,,,,True,True,False,False,False,True,False,False,False,True,True,True,True
2016-07-09,Gurugram,,,3.99,7.12,4.98,0.33,1.85,58.05,,,,,True,True,False,False,False,True,False,False,False,True,True,True,True
2016-07-10,Gurugram,,,3.99,6.99,4.95,0.36,1.9,58.77,,,,,True,True,False,False,False,True,False,False,False,True,True,True,True
2016-07-11,Gurugram,,,3.99,6.97,4.95,0.33,2.02,60.48,,,,,True,True,False,False,False,True,False,False,False,True,True,True,True
2016-07-12,Gurugram,,,3.99,7.05,4.97,0.44,2.27,47.14,,,,,True,True,False,False,False,True,False,False,False,True,True,True,True
2016-07-13,Gurugram,37.77,,3.59,7.16,4.92,0.35,2.5,40.13,,,,,False,True,False,False,False,True,False,False,False,True,True,True,True
2016-07-14,Gurugram,44.43,,2.8,7.05,4.97,0.43,1.88,45.28,,,79.0,Satisfactory,False,True,False,False,False,True,False,False,False,True,True,True,False
2016-07-15,Gurugram,32.05,,2.46,7.08,4.97,0.34,1.69,48.35,,,83.0,Satisfactory,False,True,False,False,False,True,False,False,False,True,True,True,False
2016-07-16,Gurugram,22.12,,3.22,6.98,4.95,0.33,1.91,50.5,,,82.0,Satisfactory,False,True,False,False,False,True,False,False,False,True,True,True,False
2016-07-17,Gurugram,23.35,,3.68,6.88,4.97,0.44,1.93,36.08,,,76.0,Satisfactory,False,True,False,False,False,True,False,False,False,True,True,True,False
2016-07-18,Gurugram,69.02,,4.08,6.92,4.97,0.51,2.31,32.99,,,94.0,Satisfactory,False,True,False,False,False,True,False,False,False,True,True,True,False
2016-07-19,Gurugram,46.96,,1.49,9.04,5.0,0.41,1.94,37.96,,,124.0,Moderate,False,True,False,False,False,True,False,False,False,True,True,True,False
2016-07-20,Gurugram,63.43,,2.19,5.56,4.95,0.42,1.47,29.62,,,93.0,Satisfactory,False,True,False,False,False,True,False,False,False,True,True,True,False
2016-07-21,Gurugram,157.95,,2.16,5.53,4.94,0.18,2.19,33.5,,,116.0,Moderate,False,True,False,False,False,True,False,False,False,True,True,True,False
2016-07-22,Gurugram,115.78,,1.92,5.81,4.93,0.41,1.99,27.61,,,,,False,True,False,False,False,True,False,False,False,True,True,True,True
2016-07-23,Gurugram,44.71,,2.79,7.3,4.93,0.4,1.76,35.02,,,131.0,Moderate,False,True,False,False,False,True,False,False,False,True,True,True,False
2016-07-24,Gurugram,45.11,,2.64,7.72,4.95,0.22,2.08,34.26,,,,,False,True,False,False,False,True,False,False,False,True,True,True,True
2016-07-25,Gurugram,57.0,,1.71,10.12,4.95,0.24,1.65,21.97,,,,,False,True,False,False,False,True,False,False,False,True,True,True,True
2016-07-26,Gurugram,54.63,,2.64,7.38,4.97,0.42,2.02,17.82,,,,,False,True,False,False,False,True,False,False,False,True,True,True,True
2016-07-27,Gurugram,33.34,,2.67,6.07,4.93,0.33,1.74,18.12842105263158,,,67.0,Satisfactory,False,True,False,False,False,True,False,False,True,True,True,True,False
2016-07-28,Gurugram,29.36,,3.99,6.93,4.94,0.37,2.01,18.436842105263157,,,56.0,Satisfactory,False,True,False,False,False,True,False,False,True,True,True,True,False
2016-07-29,Gurugram,35.8,,3.99,7.18,5.0,0.49,1.9,18.745263157894737,,,60.0,Satisfactory,False,True,False,False,False,True,False,False,True,True,True,True,False
2016-07-30,Gurugram,19.85,,3.99,7.11,4.98,0.31,1.82,19.053684210526317,,,45.0,Good,False,True,False,False,False,True,False,False,True,True,True,True,False
2016-07-31,Gurugram,30.53,,3.99,6.99,4.95,0.41,2.1,19.362105263157893,,,49.0,Good,False,True,False,False,False,True,False,False,True,True,True,True,False
2016-08-01,Gurugram,21.79,,3.44,7.04,4.97,0.46,2.25,19.670526315789473,,,54.0,Satisfactory,False,True,False,False,False,True,False,False,True,True,True,True,False
2016-08-02,Gurugram,26.365000000000002,,3.2150000000000003,6.025,5.984999999999999,0.41500000000000004,2.055,19.978947368421053,,,40.0,Good,True,True,True,True,True,True,True,True,True,True,True,True,False
2016-08-03,Gurugram,30.94,,2.99,5.01,7.0,0.37,1.86,20.287368421052633,,,,,False,True,False,False,False,True,False,False,True,True,True,True,True
2016-08-04,Gurugram,29.94,,3.01,4.93,6.99,0.31,1.94,20.59578947368421,,,52.0,Satisfactory,False,True,False,False,False,True,False,False,True,True,True,True,False
2016-08-05,Gurugram,29.33,,3.23,4.35,6.91,0.41,1.76,20.90421052631579,,,46.0,Good,False,True,False,False,False,True,False,False,True,True,True,True,False
2016-08-06,Gurugram,32.19,,3.78,7.95,6.92,0.22,1.92,21.212631578947367,,,52.0,Satisfactory,False,True,False,False,False,True,False,False,True,True,True,True,False
2016-08-07,Gurugram,29.317999999999998,,4.598,8.912,6.97,0.212,2.02,21.521052631578947,,,,,True,True,True,True,False,True,True,True,True,True,True,True,True
2016-08-08,Gurugram,26.445999999999998,,5.4159999999999995,9.874,6.97,0.204,2.12,21.829473684210527,,,,,True,True,True,True,False,True,True,True,True,True,True,True,True
2016-08-09,Gurugram,23.573999999999998,,6.234,10.836,6.94,0.196,2.2199999999999998,22.137894736842107,,,,,True,True,True,True,False,True,True,True,True,True,True,True,True
2016-08-10,Gurugram,20.701999999999998,,7.052,11.798,6.95,0.188,2.32,,,,,,True,True,True,True,False,True,True,True,True,True,True,True,True
2016-08-11,Gurugram,17.83,,7.87,12.76,7.0,0.18,2.42,,,,,,False,True,False,False,False,True,False,False,True,True,True,True,True
2016-08-12,Gurugram,163.37,,3.34,4.38,6.97,0.32,1.91,,,,230.0,Poor,False,True,False,False,False,True,False,False,True,True,True,True,False
2016-08-13,Gurugram,27.09,,5.56,8.6,6.93,0.35,2.0,,,,264.0,Poor,False,True,False,False,False,True,False,False,True,True,True,True,False
2016-08-14,Gurugram,31.03,,3.79,8.99,6.92,0.36,1.93,,,,52.0,Satisfactory,False,True,False,False,False,True,False,False,True,True,True,True,False
2016-08-15,Gurugram,32.44,,3.85,7.27,6.97,0.38,1.66,,,,50.0,Good,False,True,False,False,False,True,False,False,True,True,True,True,False
2016-08-16,Gurugram,41.23,,3.63,7.37,6.92,0.43,1.75,,,,60.0,Satisfactory,False,True,False,False,False,True,False,False,True,True,True,True,False
2016-08-17,Gurugram,42.85,,4.28,8.21,6.95,0.39,1.71,,,,68.0,Satisfactory,False,True,False,False,False,True,False,False,True,True,True,True,False
2016-08-18,Gurugram,41.88,,4.28,6.24,6.95,0.41,1.99,,,,72.0,Satisfactory,False,True,False,False,False,True,False,False,True,True,True,True,False
2016-08-19,Gurugram,45.32,,5.84,6.34,6.95,0.35,1.87,,,,74.0,Satisfactory,False,True,False,False,False,True,False,False,True,True,True,True,False
2016-08-20,Gurugram,35.09,,5.93,5.34,6.93,0.34,1.42,,,,68.0,Satisfactory,False,True,False,False,False,True,False,False,True,True,True,True,False
2016-08-21,Gurugram,29.355000000000004,,5.0075,4.85,6.0275,0.355,1.76,,,,,,True,True,True,True,True,True,True,True,True,True,True,True,True
2016-08-22,Gurugram,23.62,,4.085,4.36,5.125,0.37,2.1,,,,,,False,True,True,False,True,True,False,False,True,True,True,True,True
2016-08-23,Gurugram,31.71,,3.1625,2.85,4.2225,0.38,1.92,,,,49.0,Good,False,True,True,False,True,True,False,False,True,True,True,True,False
2016-08-24,Gurugram,30.65,,2.24,3.48,3.32,0.36,1.87,,,,54.0,Satisfactory,False,True,False,False,False,True,False,False,True,True,True,True,False
2016-08-25,Gurugram,27.88,,1.82,3.01,2.84,0.35,1.59,,,,46.0,Good,False,True,False,False,False,True,False,False,True,True,True,True,False
2016-08-26,Gurugram,48.3,,1.69,2.78,2.64,0.32,1.89,,,,64.0,Satisfactory,False,True,False,False,False,True,False,False,True,True,True,True,False
2016-08-27,Gurugram,31.66,,1.65,2.48,1.94,0.43,2.1,,,,70.0,Satisfactory,False,True,False,False,False,True,False,False,True,True,True,True,False
2016-08-28,Gurugram,41.05,,4.672641509433962,4.84,1.71,0.37,1.77,,,,67.0,Satisfactory,False,True,True,True,False,True,False,False,True,True,True,True,False
2016-08-29,Gurugram,153.08,,7.695283018867924,7.199999999999999,5.203461538461538,0.39,1.89,,,,157.0,Moderate,False,True,True,True,True,True,False,False,True,True,True,True,False
2016-08-30,Gurugram,18.73,,10.717924528301888,9.56,8.696923076923078,0.36,2.17,,,,318.0,Very Poor,False,True,True,True,True,True,False,False,True,True,True,True,False
2016-08-31,Gurugram,16.625,,13.74056603773585,11.92,12.190384615384616,0.25,1.565,,,,,,True,True,True,True,True,True,True,True,True,True,True,True,True
2016-09-01,Gurugram,14.52,,16.76320754716981,14.280000000000001,15.683846153846154,0.14,0.96,,,,,,False,True,True,True,True,True,False,False,True,True,True,True,True
2016-09-02,Gurugram,26.0,,19.785849056603773,16.64,19.177307692307693,0.53,1.45,29.54,,,55.0,Satisfactory,False,True,True,True,True,True,False,False,False,True,True,True,False
2016-09-03,Gurugram,28.346666666666668,,22.808490566037733,19.0,22.67076923076923,0.6533333333333333,1.9533333333333334,22.10666666666667,,,44.0,Good,True,True,True,True,True,True,True,True,True,True,True,True,False
2016-09-04,Gurugram,30.693333333333335,,25.831132075471697,21.36,26.16423076923077,0.7766666666666667,2.456666666666667,14.673333333333336,,,,,True,True,True,True,True,True,True,True,True,True,True,True,True
2016-09-05,Gurugram,33.04,,28.853773584905657,23.720000000000002,29.657692307692308,0.9,2.96,7.24,,,,,False,True,True,True,True,True,False,False,False,True,True,True,True
2016-09-06,Gurugram,31.34,,31.87641509433962,26.080000000000002,33.151153846153846,0.62,1.9,9.1,,,83.0,Satisfactory,False,True,True,True,True,True,False,False,False,True,True,True,False
2016-09-07,Gurugram,33.266666666666666,,34.89905660377358,28.44,36.644615384615385,0.51,2.786666666666666,9.413333333333332,,,52.0,Satisfactory,True,True,True,True,True,True,True,True,True,True,True,True,False
2016-09-08,Gurugram,35.19333333333333,,37.92169811320755,30.8,40.13807692307692,0.4,3.673333333333333,9.726666666666667,,,,,True,True,True,True,True,True,True,True,True,True,True,True,True
2016-09-09,Gurugram,37.12,,40.94433962264151,33.16,43.63153846153846,0.29,4.56,10.04,,,,,False,True,True,True,True,True,False,False,False,True,True,True,True
2016-09-10,Gurugram,33.19,,43.96698113207547,35.519999999999996,47.125,0.5,3.09,11.2,,,54.0,Satisfactory,False,True,True,True,True,True,False,False,False,True,True,True,False
2016-09-11,Gurugram,32.64,,,,50.61846153846154,0.52,2.15,11.72,,,55.0,Satisfactory,False,True,True,True,True,True,False,False,False,True,True,True,False
2016-09-12,Gurugram,35.4,,,,,0.52,2.02,9.97,,,59.0,Satisfactory,False,True,True,True,True,True,False,False,False,True,True,True,False
2016-09-13,Gurugram,48.92,,,,,0.53,1.97,11.75,,,72.0,Satisfactory,False,True,True,True,True,True,False,False,False,True,True,True,False
2016-09-14,Gurugram,32.01,,,,,0.72,1.74,8.44,,,71.0,Satisfactory,False,True,True,True,True,True,False,False,False,True,True,True,False
2016-09-15,Gurugram,73.17,,,,,0.55,2.49,21.62,,,140.0,Moderate,False,True,True,True,True,True,False,False,False,True,True,True,False
2016-09-16,Gurugram,74.32,,,,,0.52,2.41,40.685,,,137.0,Moderate,True,True,True,True,True,True,True,True,True,True,True,True,False
2016-09-17,Gurugram,75.47,,,,,0.49,2.33,59.75,,,,,False,True,True,True,True,True,False,False,False,True,True,True,True
2016-09-18,Gurugram,63.22,,,,,0.5,2.33,39.3,,,129.0,Moderate,False,True,True,True,True,True,False,False,False,True,True,True,False
2016-09-19,Gurugram,62.28,,,,,0.53,2.43,45.49,,,108.0,Moderate,False,True,True,True,True,True,False,False,False,True,True,True,False
2016-09-20,Gurugram,146.21,,,,,0.53,2.42,43.39,,,203.0,Poor,False,True,True,True,True,True,False,False,False,True,True,True,False
2016-09-21,Gurugram,90.13,,,,,0.5,2.3,30.94,,,288.0,Poor,False,True,True,True,True,True,False,False,False,True,True,True,False
2016-09-22,Gurugram,43.91,,,,,0.49,2.28,32.7,,,119.0,Moderate,False,True,True,True,True,True,False,False,False,True,True,True,False
2016-09-23,Gurugram,37.96,,,,,0.5,2.49,30.81,,,66.0,Satisfactory,False,True,True,True,True,True,False,False,False,True,True,True,False
2016-09-24,Gurugram,52.02,,,,,0.53,2.49,32.71,,,79.0,Satisfactory,False,True,True,True,True,True,False,False,False,True,True,True,False
2016-09-25,Gurugram,59.96,,,,,0.53,2.46,32.61,,,108.0,Moderate,False,True,True,True,True,True,False,False,False,True,True,True,False
2016-09-26,Gurugram,65.44,,,,,0.4,2.08,27.59,,,103.0,Moderate,False,True,True,True,True,True,False,False,False,True,True,True,False
2016-09-27,Gurugram,50.94,,,,,0.5,2.19,19.78,,,92.0,Satisfactory,False,True,True,True,True,True,False,False,False,True,True,True,False
2016-09-28,Gurugram,74.64,,,,,0.52,2.77,27.56,,,121.0,Moderate,False,True,True,True,True,True,False,False,False,True,True,True,False
2016-09-29,Gurugram,77.42,,,,,0.51,2.85,19.76,,,156.0,Moderate,False,True,True,True,True,True,False,False,False,True,True,True,False
2016-09-30,Gurugram,61.99,,,,,0.54,2.27,32.51,,,123.0,Moderate,False,True,True,True,True,True,False,False,False,True,True,True,False
2016-10-01,Gurugram,66.54,,,,,0.49,2.54,24.82,,,138.0,Moderate,False,True,True,True,True,True,False,False,False,True,True,True,False
2016-10-02,Gurugram,46.7,,,,,0.52,2.64,27.68,,,91.0,Satisfactory,False,True,True,True,True,True,False,False,False,True,True,True,False
2016-10-03,Gurugram,79.11,,,,,0.51,2.47,26.79,,,112.0,Moderate,False,True,True,True,True,True,False,False,False,True,True,True,False
2016-10-04,Gurugram,112.56,,,,,0.5,2.63,26.83,,,229.0,Poor,False,True,True,True,True,True,False,False,False,True,True,True,False
2016-10-05,Gurugram,121.685,,,,,0.525,2.63,25.575,,,,,True,True,True,True,True,True,True,True,True,True,True,True,True
2016-10-06,Gurugram,130.81,,,,,0.55,2.63,24.32,,,,,False,True,True,True,True,True,False,False,False,True,True,True,True
2016-10-07,Gurugram,95.82,,,,,0.51,2.66,21.04,,,226.0,Poor,False,True,True,True,True,True,False,False,False,True,True,True,False
2016-10-08,Gurugram,96.77,,,,,0.52,2.63,23.95,,,236.0,Poor,False,True,True,True,True,True,False,False,False,True,True,True,False
2016-10-09,Gurugram,88.97,,,,,0.5,2.79,42.57,,,205.0,Poor,False,True,True,True,True,True,False,False,False,True,True,True,False
2016-10-10,Gurugram,68.82,,,,,0.53,2.31,41.83,,,164.0,Moderate,False,True,True,True,True,True,False,False,False,True,True,True,False
2016-10-11,Gurugram,94.24,,,,,0.5,2.43,48.24,,,182.0,Moderate,False,True,True,True,True,True,False,False,False,True,True,True,False
2016-10-12,Gurugram,240.11,,,,,0.51,3.32,48.28,,,273.0,Poor,False,True,True,True,True,True,False,False,False,True,True,True,False
2016-10-13,Gurugram,76.42,,,,,0.46,7.88,28.98,,,348.0,Very Poor,False,True,True,True,True,True,False,False,False,True,True,True,False
2016-10-14,Gurugram,37.99,,,,,0.45,2.64,19.33,,,80.0,Satisfactory,False,True,True,True,True,True,False,False,False,True,True,True,False
2016-10-15,Gurugram,49.08,,,,,0.53,1.89,39.97,,,86.0,Satisfactory,False,True,True,True,True,True,False,False,False,True,True,True,False
2016-10-16,Gurugram,57.29,,,,,0.49,2.97,32.14,,,94.0,Satisfactory,False,True,True,True,True,True,False,False,False,True,True,True,False
2016-10-17,Gurugram,67.06,,,,,0.49,4.76,23.57,,,102.0,Moderate,False,True,True,True,True,True,False,False,False,True,True,True,False
2016-10-18,Gurugram,63.34,,,,,0.56,6.52,26.84,,,131.0,Moderate,False,True,True,True,True,True,False,False,False,True,True,True,False
2016-10-19,Gurugram,62.63,,161.85,127.56,183.37,0.59,4.16,20.79,,,110.0,Moderate,False,True,False,False,False,True,False,False,False,True,True,True,False
2016-10-20,Gurugram,71.62,,287.14,220.26,287.89,0.56,4.81,21.37,,,210.0,Poor,False,True,False,False,False,True,False,False,False,True,True,True,False
2016-10-21,Gurugram,59.17,,217.85,151.06,262.32,0.67,5.13,20.19,,,208.0,Poor,False,True,False,False,False,True,False,False,False,True,True,True,False
2016-10-22,Gurugram,50.29,,8.62,7.7,12.7,0.52,5.44,19.95,,,143.0,Moderate,False,True,False,False,False,True,False,False,False,True,True,True,False
2016-10-23,Gurugram,56.33,,4.27,13.49,5.98,0.5,2.83,39.74,,,91.0,Satisfactory,False,True,False,False,False,True,False,False,False,True,True,True,False
2016-10-24,Gurugram,56.43,,0.73,0.65,1.44,0.42,3.09,17.4,,,95.0,Satisfactory,False,True,False,False,False,True,False,False,False,True,True,True,False
2016-10-25,Gurugram,150.64249999999998,,2.4375,3.0599999999999996,5.512499999999999,0.5325,3.4574999999999996,16.02,,,,,True,True,True,True,True,True,True,True,True,True,True,True,True
2016-10-26,Gurugram,244.855,,4.145,5.47,9.584999999999999,0.645,3.8249999999999997,14.64,,,,,True,True,True,True,True,True,True,True,True,True,True,True,True
2016-10-27,Gurugram,339.0675,,5.852500000000001,7.879999999999999,13.657499999999999,0.7575,4.1925,13.260000000000002,,,,,True,True,True,True,True,True,True,True,True,True,True,True,True
2016-10-28,Gurugram,433.28,,7.56,10.29,17.73,0.87,4.56,11.88,0.86,8.63,,,False,True,False,False,False,True,False,False,False,False,False,True,True
2016-10-29,Gurugram,194.04,,8.83,10.17,18.61,0.47,2.59,33.06,3.07,30.71,357.0,Very Poor,False,True,False,False,False,True,False,False,False,False,False,True,False
2016-10-30,Gurugram,182.17,,7.86,10.15,17.84,0.76,4.99,32.02,3.41,34.07,345.0,Very Poor,False,True,False,False,False,True,False,False,False,False,False,True,False
2016-10-31,Gurugram,290.86,,7.84,10.11,17.8,1.41,8.86,33.45,2.92,29.24,413.0,Severe,False,True,False,False,False,True,False,False,False,False,False,True,False
2016-11-01,Gurugram,302.15,,8.04,10.21,17.91,1.06,7.07,35.39,3.8,37.97,447.0,Severe,False,True,False,False,False,True,False,False,False,False,False,True,False
2016-11-02,Gurugram,561.42,,7.92,10.11,17.85,0.88,5.95,13.97,2.53,25.3,490.0,Severe,False,True,False,False,False,True,False,False,False,False,False,True,False
2016-11-03,Gurugram,522.1,,7.75,10.15,17.76,1.82,8.89,20.25,2.41,24.04,708.0,Severe,False,True,False,False,False,True,False,False,False,False,False,True,False
2016-11-04,Gurugram,159.02,,7.93,10.1,17.91,0.92,9.08,16.58,2.91,27.69,403.0,Severe,False,True,False,False,False,True,False,False,False,False,False,True,False
2016-11-05,Gurugram,446.49,,7.9,10.07,17.92549079754601,0.9315217391304348,6.43,16.47,3.05,30.28,468.0,Severe,False,True,False,False,True,True,True,False,False,False,False,True,False
2016-11-06,Gurugram,616.19,,7.94,10.09,17.940981595092026,0.9430434782608696,8.11,13.42,3.74,35.61,684.0,Severe,False,True,False,False,True,True,True,False,False,False,False,True,False
2016-11-07,Gurugram,405.74,,7.91,10.1,17.956472392638037,0.9545652173913044,6.0,16.66,3.18,31.75,602.0,Severe,False,True,False,False,True,True,True,False,False,False,False,True,False
2016-11-08,Gurugram,150.09,,8.44,10.1,17.97196319018405,0.9660869565217391,3.64,30.91,4.22,39.98,304.0,Very Poor,False,True,False,False,True,True,True,False,False,False,False,True,False
2016-11-09,Gurugram,291.49,,7.64,10.24,17.98745398773006,0.9776086956521739,13.25,6.4,3.4,34.02,340.0,Very Poor,False,True,False,False,True,True,True,False,False,False,False,True,False
2016-11-10,Gurugram,174.01,,7.7,10.18,18.002944785276075,0.9891304347826088,15.59,21.1,3.22,32.21,,,False,True,False,False,True,True,True,False,False,False,False,True,True
2016-11-11,Gurugram,269.34,,7.9,10.13,18.018435582822086,1.0006521739130436,4.03,24.94,2.53,24.95,403.0,Severe,False,True,False,False,True,True,True,False,False,False,False,True,False
2016-11-12,Gurugram,106.74,,7.96,10.14,18.033926380368097,1.0121739130434784,2.88,32.51,2.56,25.63,335.0,Very Poor,False,True,False,False,True,True,True,False,False,False,False,True,False
2016-11-13,Gurugram,72.49,,7.78,10.14,18.049417177914112,1.0236956521739131,5.52,25.36,3.45,34.47,179.0,Moderate,False,True,False,False,True,True,True,False,False,False,False,True,False
2016-11-14,Gurugram,95.73,,7.83,10.22,18.064907975460123,1.0352173913043479,6.89,24.1,2.92,27.22,224.0,Poor,False,True,False,False,True,True,True,False,False,False,False,True,False
2016-11-15,Gurugram,126.71,,7.83,10.17,18.080398773006134,1.0467391304347826,6.1,20.71,3.47,34.75,226.0,Poor,False,True,False,False,True,True,True,False,False,False,False,True,False
2016-11-16,Gurugram,189.7,,7.85,10.21,18.095889570552146,1.0582608695652174,5.8,27.38,2.18,21.79,346.0,Very Poor,False,True,False,False,True,True,True,False,False,False,False,True,False
2016-11-17,Gurugram,112.77,,7.78,10.19,18.11138036809816,1.0697826086956521,2.48,38.36,2.42,24.19,315.0,Very Poor,False,True,False,False,True,True,True,False,False,False,False,True,False
2016-11-18,Gurugram,88.8,,7.92,10.21,18.12687116564417,1.0813043478260869,4.97,34.22,2.18,21.8,201.0,Poor,False,True,False,False,True,True,True,False,False,False,False,True,False
2016-11-19,Gurugram,131.18,,7.82,10.2,,,10.35,26.98,2.58,25.79,296.0,Poor,False,True,False,False,True,True,True,False,False,False,False,True,False
2016-11-20,Gurugram,114.71,,7.76,10.14,,,5.57,30.8,2.51,25.11,258.0,Poor,False,True,False,False,True,True,True,False,False,False,False,True,False
2016-11-21,Gurugram,145.24,,7.94,10.13,,,6.87,24.41,2.59,25.52,305.0,Very Poor,False,True,False,False,True,True,True,False,False,False,False,True,False
2016-11-22,Gurugram,147.76,,7.92,10.13,,,6.81,20.13,3.55,35.56,344.0,Very Poor,False,True,False,False,True,True,True,False,False,False,False,True,False
2016-11-23,Gurugram,143.25,,8.01,10.14,,,6.71,27.57,3.27,32.75,210.0,Poor,False,True,False,False,True,True,True,False,False,False,False,True,False
2016-11-24,Gurugram,211.47,,7.83,10.17,,,7.01,25.87,2.45,24.31,381.0,Very Poor,False,True,False,False,True,True,True,False,False,False,False,True,False
2016-11-25,Gurugram,144.36,,7.8,10.21,,,1.74,44.26,2.79,27.69,328.0,Very Poor,False,True,False,False,True,True,True,False,False,False,False,True,False
2016-11-26,Gurugram,80.27,,7.87,10.24,,,4.49,48.49,2.7,26.95,232.0,Poor,False,True,False,False,True,True,True,False,False,False,False,True,False
2016-11-27,Gurugram,80.99,,7.9,10.2,,,3.42,44.77,1.62,16.14,212.0,Poor,False,True,False,False,True,True,True,False,False,False,False,True,False
2016-11-28,Gurugram,77.9,,7.89,10.18,,,7.13,36.38,2.37,23.55,121.0,Moderate,False,True,False,False,True,True,True,False,False,False,False,True,False
2016-11-29,Gurugram,209.2,,8.01,10.15,,,13.32,23.06,1.22,12.24,324.0,Very Poor,False,True,False,False,True,True,True,False,False,False,False,True,False
2016-11-30,Gurugram,234.89,,7.85,10.13,,,5.22,8.75,1.57,15.69,387.0,Very Poor,False,True,False,False,True,True,True,False,False,False,False,True,False
2016-12-01,Gurugram,199.76,,7.83,10.13,,,3.7,5.82,2.21,22.13,359.0,Very Poor,False,True,False,False,True,True,True,False,False,False,False,True,False
2016-12-02,Gurugram,239.16,,7.88,10.19,,,8.15,4.66,3.88,38.82,387.0,Very Poor,False,True,False,False,True,True,True,False,False,False,False,True,False
2016-12-03,Gurugram,349.34,,7.54,10.215,,,22.735,2.7750000000000004,4.029999999999999,40.28,,,True,True,True,True,True,True,True,True,True,True,True,True,True
2016-12-04,Gurugram,459.52,,7.2,10.24,,,37.32,0.89,4.18,41.74,,,False,True,False,False,True,True,True,False,False,False,False,True,True
2016-12-05,Gurugram,252.46,,7.89,10.14,,,12.73,15.31,2.11,21.05,421.0,Severe,False,True,False,False,True,True,True,False,False,False,False,True,False
2016-12-06,Gurugram,304.69,,7.74,10.15,,,9.86,13.49,3.06,30.59,419.0,Severe,False,True,False,False,True,True,True,False,False,False,False,True,False
2016-12-07,Gurugram,346.74,,7.94,10.16,,,4.99,11.71,3.28,32.81,468.0,Severe,False,True,False,False,True,True,True,False,False,False,False,True,False
2016-12-08,Gurugram,161.45,,7.88,10.19,,,4.18,6.13,3.24,32.42,411.0,Severe,False,True,False,False,True,True,True,False,False,False,False,True,False
2016-12-09,Gurugram,228.9,,7.9,10.34,,,6.83,15.43,3.55,35.5,360.0,Very Poor,False,True,False,False,True,True,True,False,False,False,False,True,False
2016-12-10,Gurugram,162.03,,7.87,10.34,,,3.24,11.3,3.14,29.74,368.0,Very Poor,False,True,False,False,True,True,True,False,False,False,False,True,False
2016-12-11,Gurugram,139.54,,7.83,10.44,,,8.57,13.18,3.81,37.77,313.0,Very Poor,False,True,False,False,True,True,True,False,False,False,False,True,False
2016-12-12,Gurugram,199.98,,7.94,10.4,,,9.96,11.54,3.63,36.0,357.0,Very Poor,False,True,False,False,True,True,True,False,False,False,False,True,False
2016-12-13,Gurugram,188.7,,7.99,10.46,,,7.37,12.06,4.1,41.04,355.0,Very Poor,False,True,False,False,True,True,True,False,False,False,False,True,False
2016-12-14,Gurugram,121.62,,7.95,10.56,,,2.45,14.79,2.04,19.35,319.0,Very Poor,False,True,False,False,True,True,True,False,False,False,False,True,False
2016-12-15,Gurugram,116.09,,7.79,10.76,,,5.19,18.66,2.57,25.66,253.0,Poor,False,True,False,False,True,True,True,False,False,False,False,True,False
2016-12-16,Gurugram,217.65,,7.8,10.74,,,10.36,18.09,2.56,25.62,346.0,Very Poor,False,True,False,False,True,True,True,False,False,False,False,True,False
2016-12-17,Gurugram,228.15,,7.86,10.77,,,3.98,19.12,2.27,22.72,390.0,Very Poor,False,True,False,False,True,True,True,False,False,False,False,True,False
2016-12-18,Gurugram,197.63,,7.93,10.98,,,3.91,21.9,3.44,34.31,361.0,Very Poor,False,True,False,False,True,True,True,False,False,False,False,True,False
2016-12-19,Gurugram,216.69,,7.88,11.02,,,4.17,22.04,2.98,27.92,374.0,Very Poor,False,True,False,False,True,True,True,False,False,False,False,True,False
2016-12-20,Gurugram,140.04,,7.89,11.52,,1.45,2.85,37.38,2.65,26.27,331.0,Very Poor,False,True,False,False,True,True,False,False,False,False,False,True,False
2016-12-21,Gurugram,91.71,,7.94,11.66,,6.32,2.65,35.81,3.41,34.07,265.0,Poor,False,True,False,False,True,True,False,False,False,False,False,True,False
2016-12-22,Gurugram,127.38,,7.94,11.2,,16.75,6.08,23.1,2.89,28.88,291.0,Poor,False,True,False,False,True,True,False,False,False,False,False,True,False
2016-12-23,Gurugram,324.42,,7.91,10.83,,19.8,13.69,16.49,2.43,21.9,421.0,Severe,False,True,False,False,True,True,False,False,False,False,False,True,False
2016-12-24,Gurugram,348.57,,7.9,11.2,,14.04,5.83,23.56,1.51,15.16,498.0,Severe,False,True,False,False,True,True,False,False,False,False,False,True,False
2016-12-25,Gurugram,207.85,,7.99,10.58,,14.44,1.74,13.46,3.77,37.75,399.0,Very Poor,False,True,False,False,True,True,True,False,False,False,False,True,False
2016-12-26,Gurugram,177.88,,9.13,10.93,,14.84,27.42,22.94,2.2,22.03,,,False,True,False,False,True,True,False,False,False,False,False,True,True
2016-12-27,Gurugram,247.81,,8.57,10.86,,14.55,10.91,19.75,1.41,14.14,379.0,Very Poor,False,True,False,False,True,True,False,False,False,False,False,True,False
2016-12-28,Gurugram,393.63,,7.87,10.57,,27.56,10.53,10.87,1.83,17.63,483.0,Severe,False,True,False,False,True,True,False,False,False,False,False,True,False
2016-12-29,Gurugram,307.44,,7.88,10.65,,27.7,4.21,13.25,2.53,25.26,468.0,Severe,False,True,False,False,True,True,False,False,False,False,False,True,False
2016-12-30,Gurugram,249.77,,7.99,10.26,,26.76,3.54,5.08,4.04,40.45,421.0,Severe,False,True,False,False,True,True,False,False,False,False,False,True,False
2016-12-31,Gurugram,203.77,,7.68,10.43,,23.77,4.6,7.32,3.04,29.1,394.0,Very Poor,False,True,False,False,True,True,False,False,False,False,False,True,False
2017-01-01,Gurugram,216.51,,7.89,10.67,,21.61,7.48,13.66,2.9,28.98,385.0,Very Poor,False,True,False,False,True,True,False,False,False,False,False,True,False
2017-01-02,Gurugram,349.97,,7.92,10.29,,39.8,9.92,6.82,3.27,31.17,459.0,Severe,False,True,False,False,True,True,False,False,False,False,False,True,False
2017-01-03,Gurugram,276.39,,9.43,10.39,,29.94,9.69,7.21,2.84,28.37,446.0,Severe,False,True,False,False,True,True,False,False,False,False,False,True,False
2017-01-04,Gurugram,343.01,,9.56,10.57,,22.53,8.46,8.79,2.71,26.0,490.0,Severe,False,True,False,False,True,True,False,False,False,False,False,True,False
2017-01-05,Gurugram,248.09,,2.98,10.52,,22.65,5.83,13.19,4.13,41.31,409.0,Severe,False,True,False,False,True,True,False,False,False,False,False,True,False
2017-01-06,Gurugram,229.34,,3.79,10.36,,20.75,4.0,12.72,2.84,28.36,409.0,Severe,False,True,False,False,True,True,False,False,False,False,False,True,False
2017-01-07,Gurugram,190.41,,4.02,10.34,,23.21,5.4,4.12,2.71,27.16,367.0,Very Poor,False,True,False,False,True,True,False,False,False,False,False,True,False
2017-01-08,Gurugram,179.39,,5.22,10.22,,15.95,4.16,16.58,1.35,13.46,357.0,Very Poor,False,True,False,False,True,True,False,False,False,False,False,True,False
2017-01-09,Gurugram,177.05,,4.94,10.23,,19.9,6.26,12.16,3.13,31.32,361.0,Very Poor,False,True,False,False,True,True,False,False,False,False,False,True,False
2017-01-10,Gurugram,192.79,,4.9,10.25,,16.17,3.57,21.26,3.44,34.42,374.0,Very Poor,False,True,False,False,True,True,False,False,False,False,False,True,False
2017-01-11,Gurugram,224.34,,3.91,10.37,,16.73,5.64,22.79,4.02,40.18,365.0,Very Poor,False,True,False,False,True,True,False,False,False,False,False,True,False
2017-01-12,Gurugram,287.49,,3.19,10.56,,21.5,6.3,20.84,4.26,42.66,431.0,Severe,False,True,False,False,True,True,False,False,False,False,False,True,False
2017-01-13,Gurugram,367.86,,3.23,10.64,,23.94,6.32,18.91,3.61,36.15,472.0,Severe,False,True,False,False,True,True,False,False,False,False,False,True,False
2017-01-14,Gurugram,428.88,,3.02,10.77,,28.01,8.33,15.19,2.69,26.88,531.0,Severe,False,True,False,False,True,True,False,False,False,False,False,True,False
2017-01-15,Gurugram,256.67,,2.72,10.56,,20.58,8.74,15.54,3.13,31.29,461.0,Severe,False,True,False,False,True,True,False,False,False,False,False,True,False
2017-01-16,Gurugram,223.16,,4.47,15.47,,12.8,6.65,14.5,3.84,38.42,402.0,Severe,False,True,False,False,True,True,False,False,False,False,False,True,False
2017-01-17,Gurugram,158.05,,5.38,10.25,,0.64,4.7,14.22,2.71,26.92,345.0,Very Poor,False,True,False,False,True,True,False,False,False,False,False,True,False
2017-01-18,Gurugram,251.06,,2.56,10.46,,0.9,7.66,11.53,3.24,32.4,380.0,Very Poor,False,True,False,False,True,True,False,False,False,False,False,True,False
2017-01-19,Gurugram,123.78,,6.31,10.18,,0.71,5.61,12.11,4.17,41.67,393.0,Very Poor,False,True,False,False,True,True,False,False,False,False,False,True,False
2017-01-20,Gurugram,137.01,,6.63,9.88,,0.72,6.62,3.72,3.52,35.18,302.0,Very Poor,False,True,False,False,True,True,False,False,False,False,False,True,False
2017-01-21,Gurugram,224.77,,21.07,16.08,,0.87,17.76,24.98,3.74,37.42,,,False,True,False,False,True,True,False,False,False,False,False,True,True
2017-01-22,Gurugram,217.2,,12.1,9.22,,1.17,21.12,14.48,4.27,42.74,,,False,True,False,False,True,True,False,False,False,False,False,True,True
2017-01-23,Gurugram,148.95,,6.19,9.51,,1.0,10.91,12.56,4.14,41.38,345.0,Very Poor,False,True,False,False,True,True,False,False,False,False,False,True,False
2017-01-24,Gurugram,243.66,,4.68,7.64,,1.28,11.42,13.28,3.63,36.28,346.0,Very Poor,False,True,False,False,True,True,False,False,False,False,False,True,False
2017-01-25,Gurugram,241.97,,6.74,7.87,,1.01,8.98,7.55,3.67,36.73,404.0,Severe,False,True,False,False,True,True,False,False,False,False,False,True,False
2017-01-26,Gurugram,178.055,,7.005,8.775,,0.8099999999999999,6.14,11.849999999999998,3.6950000000000003,36.974999999999994,,,True,True,True,True,True,True,True,True,True,True,True,True,True
2017-01-27,Gurugram,114.14,,7.27,9.68,,0.61,3.3,16.15,3.72,37.22,,,False,True,False,False,True,True,False,False,False,False,False,True,True
2017-01-28,Gurugram,104.16,,7.21,9.98,,0.6,4.06,15.84,2.32,23.17,248.0,Poor,False,True,False,False,True,True,False,False,False,False,False,True,False
2017-01-29,Gurugram,119.53,,6.44,9.58,,0.67,5.17,19.08,3.3,32.99,260.0,Poor,False,True,False,False,True,True,False,False,False,False,False,True,False
2017-01-30,Gurugram,177.67,,5.5,7.8,,0.9,5.67,14.05,2.56,25.56,335.0,Very Poor,False,True,False,False,True,True,False,False,False,False,False,True,False
2017-01-31,Gurugram,232.03,,3.12,6.61,,1.12,8.51,19.23,3.34,33.4,370.0,Very Poor,False,True,False,False,True,True,False,False,False,False,False,True,False
2017-02-01,Gurugram,168.39,,4.49,8.65,,0.76,4.34,2.71,2.76,27.59,369.0,Very Poor,False,True,False,False,True,True,False,False,False,False,False,True,False
2017-02-02,Gurugram,293.59,,28.69,40.59,,0.39,15.41,4.36,4.26,42.63,,,False,True,False,False,True,True,False,False,False,False,False,True,True
2017-02-03,Gurugram,289.36,,195.71,362.21,,1.16,11.09,17.89,3.98,39.82,443.0,Severe,False,True,False,False,True,True,False,False,False,False,False,True,False
2017-02-04,Gurugram,197.89,,42.75,24.41,,0.75,4.24,28.8,3.58,35.77,395.0,Very Poor,False,True,False,False,True,True,False,False,False,False,False,True,False
2017-02-05,Gurugram,157.03,,14.04,11.41,,0.71,3.08,34.33,3.42,34.17,333.0,Very Poor,False,True,False,False,True,True,False,False,False,False,False,True,False
2017-02-06,Gurugram,135.66,,7.88,11.2,,0.73,5.49,21.4,1.66,17.5,325.0,Very Poor,False,True,False,False,True,True,False,False,False,False,False,True,False
2017-02-07,Gurugram,118.32,,4.47,9.24,,0.62,4.08,32.85,0.03,2.83,299.0,Poor,False,True,False,False,True,True,False,False,False,False,False,True,False
2017-02-08,Gurugram,184.47,,6.09,7.39,,0.81,6.74,23.38,0.03,3.38,330.0,Very Poor,False,True,False,False,True,True,False,False,False,False,False,True,False
2017-02-09,Gurugram,196.09,,5.21,7.38,,0.76,7.01,28.66,0.03,3.22,354.0,Very Poor,False,True,False,False,True,True,False,False,False,False,False,True,False
2017-02-10,Gurugram,151.15,,6.84,9.52,,0.67,3.49,33.01,0.04,3.97,338.0,Very Poor,False,True,False,False,True,True,False,False,False,False,False,True,False
2017-02-11,Gurugram,156.03,,4.85,8.08,,0.73,5.36,27.57,0.03,3.14,332.0,Very Poor,False,True,False,False,True,True,False,False,False,False,False,True,False
2017-02-12,Gurugram,239.49,,5.16,5.92,,0.89,8.62,33.06,0.03,2.64,359.0,Very Poor,False,True,False,False,True,True,False,False,False,False,False,True,False
2017-02-13,Gurugram,182.88,,6.77,7.82,,0.71,5.05,33.96,0.03,3.25,368.0,Very Poor,False,True,False,False,True,True,False,False,False,False,False,True,False
2017-02-14,Gurugram,183.99,,5.34,7.14,,0.72,5.27,39.27,0.03,3.2,346.0,Very Poor,False,True,False,False,True,True,False,False,False,False,False,True,False
2017-02-15,Gurugram,151.33,,3.03,5.38,,0.71,6.71,30.31,0.03,2.65,336.0,Very Poor,False,True,False,False,True,True,False,False,False,False,False,True,False
2017-02-16,Gurugram,159.14,,2.5,7.12,,0.7,5.18,33.27,0.03,3.43,331.0,Very Poor,False,True,False,False,True,True,False,False,False,False,False,True,False
2017-02-17,Gurugram,115.48,,3.69,6.89,,0.64,4.62,25.0,0.03,2.5,312.0,Very Poor,False,True,False,False,True,True,False,False,False,False,False,True,False
2017-02-18,Gurugram,92.14,,4.23,6.66,,0.77,5.39,25.44,0.03,3.56,217.0,Poor,False,True,False,False,True,True,False,False,False,False,False,True,False
2017-02-19,Gurugram,120.21,,5.04,5.67,,0.87,6.1,24.14,0.04,3.81,269.0,Poor,False,True,False,False,True,True,False,False,False,False,False,True,False
2017-02-20,Gurugram,137.97,,8.05,5.26,,0.87,6.12,15.11,0.03,3.44,312.0,Very Poor,False,True,False,False,True,True,False,False,False,False,False,True,False
2017-02-21,Gurugram,85.41,,4.87,7.78,,0.72,4.79,37.2,0.04,3.74,230.0,Poor,False,True,False,False,True,True,False,False,False,False,False,True,False
2017-02-22,Gurugram,121.12,,3.33,5.85,,0.81,9.51,36.44,0.04,3.98,276.0,Poor,False,True,False,False,True,True,False,False,False,False,False,True,False
2017-02-23,Gurugram,91.23,,3.91,7.85,,0.57,4.46,21.25,0.04,3.3,202.0,Poor,False,True,False,False,True,True,False,False,False,False,False,True,False
2017-02-24,Gurugram,88.23,,14.685000000000002,13.739999999999998,,0.365,7.960000000000001,42.45,0.04,3.535,,,True,True,True,True,True,True,True,True,True,True,True,True,True
2017-02-25,Gurugram,85.23,,25.46,19.63,,0.16,11.46,63.65,0.04,3.77,,,False,True,False,False,True,True,False,False,False,False,False,True,True
2017-02-26,Gurugram,86.48,,4.29,8.7,,0.56,5.53,54.47,0.03,3.47,215.0,Poor,False,True,False,False,True,True,False,False,False,False,False,True,False
2017-02-27,Gurugram,127.67,,4.13,5.96,,0.68,7.8,39.27,0.03,3.27,269.0,Poor,False,True,False,False,True,True,False,False,False,False,False,True,False
2017-02-28,Gurugram,163.37,,3.63,12.42,,0.97,10.97,25.32,0.03,2.76,325.0,Very Poor,False,True,False,False,True,True,False,False,False,False,False,True,False
2017-03-01,Gurugram,122.11,,3.91,13.98,,0.76,13.01,30.88,0.03,2.57,310.0,Very Poor,False,True,False,False,True,True,False,False,False,False,False,True,False
2017-03-02,Gurugram,120.83,,4.26,16.15,,0.65,12.15,25.1,0.03,3.32,272.0,Poor,False,True,False,False,True,True,False,False,False,False,False,True,False
2017-03-03,Gurugram,82.44,,7.77,17.95,,0.54,9.5,50.65,0.04,3.59,237.0,Poor,False,True,False,False,True,True,False,False,False,False,False,True,False
2017-03-04,Gurugram,92.77,,7.95,17.8,,0.56,9.13,54.11,0.03,3.44,226.0,Poor,False,True,False,False,True,True,False,False,False,False,False,True,False
2017-03-05,Gurugram,73.25,,8.28,18.16,,0.55,9.33,60.3,0.03,2.85,162.0,Moderate,False,True,False,False,True,True,False,False,False,False,False,True,False
2017-03-06,Gurugram,85.19,,5.9,16.83,,0.58,12.15,45.58,0.03,2.17,171.0,Moderate,False,True,False,False,True,True,False,False,False,False,False,True,False
2017-03-07,Gurugram,131.31,,4.56,13.54,,0.7,14.72,39.73,0.03,2.96,247.0,Poor,False,True,False,False,True,True,False,False,False,False,False,True,False
2017-03-08,Gurugram,68.46,,4.51,15.94,,0.57,12.59,42.02,0.03,3.06,223.0,Poor,False,True,False,False,True,True,False,False,False,False,False,True,False
2017-03-09,Gurugram,67.09,,5.68,16.52,,0.54,9.52,37.61,0.03,2.75,123.0,Moderate,False,True,False,False,True,True,False,False,False,False,False,True,False
2017-03-10,Gurugram,28.78,,6.94,17.54,,0.49,7.11,41.6,0.03,3.33,73.0,Satisfactory,False,True,False,False,True,True,False,False,False,False,False,True,False
2017-03-11,Gurugram,50.16,,7.29,17.71,,0.5,6.47,43.13,0.04,3.9,70.0,Satisfactory,False,True,False,False,True,True,False,False,False,False,False,True,False
2017-03-12,Gurugram,61.95,,6.91,16.63,,0.55,5.77,44.28,0.04,3.94,137.0,Moderate,False,True,False,False,True,True,False,False,False,False,False,True,False
2017-03-13,Gurugram,72.08,,8.96,18.98,,0.53,6.31,58.69,0.04,3.98,129.0,Moderate,False,True,False,False,True,True,False,False,False,False,False,True,False
2017-03-14,Gurugram,104.98,,5.92,14.58,,0.59,8.8,43.25,0.03,2.62,186.0,Moderate,False,True,False,False,True,True,False,False,False,False,False,True,False
2017-03-15,Gurugram,65.48,,9.28,18.5,,0.53,10.6,83.57,0.01,1.24,254.0,Poor,False,True,False,False,True,True,False,False,False,False,False,True,False
2017-03-16,Gurugram,122.06,,6.44,16.11,,0.55,18.86,76.5,0.02,1.24,,,False,True,False,False,True,True,False,False,False,False,False,True,True
2017-03-17,Gurugram,80.97,,8.48,18.59,,0.54,12.58,75.12,0.04,4.31,,,False,True,False,False,True,True,False,False,False,False,False,True,True
2017-03-18,Gurugram,107.61,,6.99,16.92,,0.62,11.9,56.24,0.03,2.82,234.0,Poor,False,True,False,False,True,True,False,False,False,False,False,True,False
2017-03-19,Gurugram,139.89,,6.07,15.18,,0.65,11.87,45.36,0.03,3.32,312.0,Very Poor,False,True,False,False,True,True,False,False,False,False,False,True,False
2017-03-20,Gurugram,161.12,,7.03,17.49,,0.64,15.89,57.3,0.04,3.55,327.0,Very Poor,False,True,False,False,True,True,False,False,False,False,False,True,False
2017-03-21,Gurugram,117.85,,5.35,15.58,,0.61,20.15,43.46,0.03,3.33,307.0,Very Poor,False,True,False,False,True,True,False,False,False,False,False,True,False
2017-03-22,Gurugram,135.89,,4.51,11.22,,0.67,21.86,37.31,0.03,2.4,300.0,Poor,False,True,False,False,True,True,False,False,False,False,False,True,False
2017-03-23,Gurugram,160.37,,3.02,7.83,,0.72,24.0,43.09,0.02,2.14,328.0,Very Poor,False,True,False,False,True,True,False,False,False,False,False,True,False
2017-03-24,Gurugram,96.27,,4.69,10.8,,0.63,18.48,39.56,0.02,1.7,292.0,Poor,False,True,False,False,True,True,False,False,False,False,False,True,False
2017-03-25,Gurugram,23.44,,5.76,11.89,,0.52,14.78,58.81,0.02,1.91,122.0,Moderate,False,True,False,False,True,True,False,False,False,False,False,True,False
2017-03-26,Gurugram,32.52,,6.23,12.13,,0.53,16.18,66.98,0.03,3.21,,,False,True,False,False,True,True,False,False,False,False,False,True,True
2017-03-27,Gurugram,54.93,,6.84,12.7,,0.55,17.79,75.87,0.03,3.41,97.0,Satisfactory,False,True,False,False,True,True,False,False,False,False,False,True,False
2017-03-28,Gurugram,136.89,,4.64,11.27,,0.6,13.1,47.11,0.04,3.74,226.0,Poor,False,True,False,False,True,True,False,False,False,False,False,True,False
2017-03-29,Gurugram,151.9,,4.45,10.8,,0.58,13.33,41.44,0.03,2.59,331.0,Very Poor,False,True,False,False,True,True,False,False,False,False,False,True,False
2017-03-30,Gurugram,87.87,,5.37,11.66,,0.54,11.88,47.62,0.03,3.32,252.0,Poor,False,True,False,False,True,True,False,False,False,False,False,True,False
2017-03-31,Gurugram,89.33,,4.71,10.88,,0.59,15.84,50.45,0.03,3.27,186.0,Moderate,False,True,False,False,True,True,False,False,False,False,False,True,False
2017-04-01,Gurugram,128.14,,4.05,10.13,,0.62,17.36,43.73,0.02,1.84,294.0,Poor,False,True,False,False,True,True,False,False,False,False,False,True,False
2017-04-02,Gurugram,91.59,,5.19,11.87,,0.56,17.08,59.14,0.03,2.45,267.0,Poor,False,True,False,False,True,True,False,False,False,False,False,True,False
2017-04-03,Gurugram,118.71,,4.69,10.65,,0.6,23.87,49.23,0.03,2.84,240.0,Poor,False,True,False,False,True,True,False,False,False,False,False,True,False
2017-04-04,Gurugram,107.34,,3.47,9.99,,0.54,18.42,37.62,0.02,2.27,272.0,Poor,False,True,False,False,True,True,False,False,False,False,False,True,False
2017-04-05,Gurugram,50.29,,2.25,10.04,,0.51,6.58,39.63,0.02,1.74,141.0,Moderate,False,True,False,False,True,True,False,False,False,False,False,True,False
2017-04-06,Gurugram,108.87,,2.5,10.41,,0.5,7.33,41.81,0.03,2.69,102.0,Moderate,False,True,False,False,True,True,False,False,False,False,False,True,False
2017-04-07,Gurugram,389.54,,1.66,8.91,,0.53,12.99,38.95,0.04,3.58,456.0,Severe,False,True,False,False,True,True,False,False,False,False,False,True,False
2017-04-08,Gurugram,83.21,,1.46,6.07,,0.57,17.09,49.3,0.02,2.17,307.0,Very Poor,False,True,False,False,True,True,False,False,False,False,False,True,False
2017-04-09,Gurugram,143.02,,1.56,9.81,,0.49,15.85,72.77,0.02,2.15,304.0,Very Poor,False,True,False,False,True,True,False,False,False,False,False,True,False
2017-04-10,Gurugram,177.17,,3.61,10.79,,0.51,22.44,76.52,0.02,1.41,319.0,Very Poor,False,True,False,False,True,True,False,False,False,False,False,True,False
2017-04-11,Gurugram,104.07,,5.14,10.61,,0.56,29.11,72.13,0.02,1.36,321.0,Very Poor,False,True,False,False,True,True,False,False,False,False,False,True,False
2017-04-12,Gurugram,113.49,,4.29,9.45,,0.6,19.77,62.93,0.02,1.36,222.0,Poor,False,True,False,False,True,True,False,False,False,False,False,True,False
2017-04-13,Gurugram,226.83,,2.89,6.46,,0.86,32.23,49.7,0.02,1.65,351.0,Very Poor,False,True,False,False,True,True,False,False,False,False,False,True,False
2017-04-14,Gurugram,215.31,,2.68,6.84,,0.84,21.98,54.99,0.02,1.27,388.0,Very Poor,False,True,False,False,True,True,False,False,False,False,False,True,False
2017-04-15,Gurugram,196.49,,3.22,7.49,,0.69,23.56,54.34,0.01,0.83,353.0,Very Poor,False,True,False,False,True,True,False,False,False,False,False,True,False
2017-04-16,Gurugram,179.5,,3.42,7.54,,0.66,36.14,60.24,0.02,2.12,363.0,Very Poor,False,True,False,False,True,True,False,False,False,False,False,True,False
2017-04-17,Gurugram,208.88,,3.35,8.57,,0.7,13.63,58.26,0.02,2.12,328.0,Very Poor,False,True,False,False,True,True,False,False,False,False,False,True,False
2017-04-18,Gurugram,292.02,,3.21,8.31,,0.64,14.55,41.41,0.03,3.09,405.0,Severe,False,True,False,False,True,True,False,False,False,False,False,True,False
2017-04-19,Gurugram,180.07,,3.88,10.95,,0.61,20.39,37.73,0.02,1.72,403.0,Severe,False,True,False,False,True,True,False,False,False,False,False,True,False
2017-04-20,Gurugram,193.39,,3.6,9.14,,0.71,19.03,31.15,0.02,1.76,349.0,Very Poor,False,True,False,False,True,True,False,False,False,False,False,True,False
2017-04-21,Gurugram,242.41,,3.24,11.56,,0.58,6.58,29.46,0.03,2.71,354.0,Very Poor,False,True,False,False,True,True,False,False,False,False,False,True,False
2017-04-22,Gurugram,368.79,,4.46,12.31,,0.56,3.02,43.58,0.03,2.66,449.0,Severe,False,True,False,False,True,True,False,False,False,False,False,True,False
2017-04-23,Gurugram,153.67,,6.41,12.76,,0.54,8.3,49.37,0.03,2.65,411.0,Severe,False,True,False,False,True,True,False,False,False,False,False,True,False
2017-04-24,Gurugram,129.93,,5.8,12.78,,0.53,10.69,58.51,0.02,2.53,335.0,Very Poor,False,True,False,False,True,True,False,False,False,False,False,True,False
2017-04-25,Gurugram,98.3,,5.71,13.55,,0.5,12.75,73.95,0.03,3.26,236.0,Poor,False,True,False,False,True,True,False,False,False,False,False,True,False
2017-04-26,Gurugram,89.69,,5.15,13.43,,0.47,14.79,54.0,0.03,2.97,212.0,Poor,False,True,False,False,True,True,False,False,False,False,False,True,False
2017-04-27,Gurugram,269.29,,4.31,13.44,,0.47,34.88,40.66,0.02,2.39,360.0,Very Poor,False,True,False,False,True,True,False,False,False,False,False,True,False
2017-04-28,Gurugram,174.87,,5.45,13.26,,0.49,22.07,42.62,0.02,2.41,387.0,Very Poor,False,True,False,False,True,True,False,False,False,False,False,True,False
2017-04-29,Gurugram,118.41,,5.9,18.31,,0.54,21.75,53.42,0.02,2.26,328.0,Very Poor,False,True,False,False,True,True,False,False,False,False,False,True,False
2017-04-30,Gurugram,62.45,,5.98,17.19,,0.49,11.0,42.33,0.02,1.41,210.0,Poor,False,True,False,False,True,True,False,False,False,False,False,True,False
2017-05-01,Gurugram,64.79,,5.96,21.2,,0.6,9.59,49.84,0.03,2.33,98.0,Satisfactory,False,True,False,False,True,True,False,False,False,False,False,True,False
2017-05-02,Gurugram,113.6,,5.9,24.39,,0.58,13.2,64.12,0.02,1.98,168.0,Moderate,False,True,False,False,True,True,False,False,False,False,False,True,False
2017-05-03,Gurugram,154.13,,6.0,20.37,,0.54,25.14,29.94,0.03,2.55,299.0,Poor,False,True,False,False,True,True,False,False,False,False,False,True,False
2017-05-04,Gurugram,217.14,,5.93,17.96,,0.48,7.41,51.83,0.02,2.27,363.0,Very Poor,False,True,False,False,True,True,False,False,False,False,False,True,False
2017-05-05,Gurugram,203.45,,5.96,19.65,,0.62,15.76,60.8,0.03,2.83,376.0,Very Poor,False,True,False,False,True,True,False,False,False,False,False,True,False
2017-05-06,Gurugram,181.36,,5.93,34.12,,0.69,30.42,53.66,0.03,2.75,357.0,Very Poor,False,True,False,False,True,True,False,False,False,False,False,True,False
2017-05-07,Gurugram,183.68,,5.96,31.54,,0.63,37.23,58.54,0.03,2.78,346.0,Very Poor,False,True,False,False,True,True,False,False,False,False,False,True,False
2017-05-08,Gurugram,158.7,,5.52,17.98,,0.7,12.52,84.47,0.03,2.99,344.0,Very Poor,False,True,False,False,True,True,False,False,False,False,False,True,False
2017-05-09,Gurugram,186.31,,7.65,19.64,,0.42,14.3,38.15,0.03,2.47,333.0,Very Poor,False,True,False,False,True,True,False,False,False,False,False,True,False
2017-05-10,Gurugram,192.79,,5.97,17.35,,0.46,3.85,49.95,0.03,3.04,354.0,Very Poor,False,True,False,False,True,True,False,False,False,False,False,True,False
2017-05-11,Gurugram,134.78,,5.83,20.12,,0.53,4.26,45.77,0.02,2.14,334.0,Very Poor,False,True,False,False,True,True,False,False,False,False,False,True,False
2017-05-12,Gurugram,310.69,,13.91,22.02,,0.51,3.08,43.39,0.04,4.29,409.0,Severe,False,True,False,False,True,True,False,False,False,False,False,True,False
2017-05-13,Gurugram,187.24,,5.94,24.73,,0.59,9.16,57.01,0.03,2.87,388.0,Very Poor,False,True,False,False,True,True,False,False,False,False,False,True,False
2017-05-14,Gurugram,387.02,,5.92,19.04,,0.52,16.09,48.23,0.03,2.49,373.0,Very Poor,False,True,False,False,True,True,False,False,False,False,False,True,False
2017-05-15,Gurugram,146.02,,5.94,29.87,,0.63,19.27,26.85,0.03,2.92,460.0,Severe,False,True,False,False,True,True,False,False,False,False,False,True,False
2017-05-16,Gurugram,237.12,,5.94,24.15,,0.52,20.34,52.4,0.03,2.38,337.0,Very Poor,False,True,False,False,True,True,False,False,False,False,False,True,False
2017-05-17,Gurugram,67.32,,9.52,24.01,,0.31,2.54,61.28,0.02,1.52,,,False,True,False,False,True,True,False,False,False,False,False,True,True
2017-05-18,Gurugram,113.115,,51.879999999999995,31.800000000000004,,0.545,2.64,52.155,0.025,2.1399999999999997,,,True,True,True,True,True,True,True,True,True,True,True,True,True
2017-05-19,Gurugram,158.91,,94.24,39.59,,0.78,2.74,43.03,0.03,2.76,,,False,True,False,False,True,True,False,False,False,False,False,True,True
2017-05-20,Gurugram,173.26,,29.87,34.58,,0.37,3.02,33.47,0.03,3.26,,,False,True,False,False,True,True,False,False,False,False,False,True,True
2017-05-21,Gurugram,204.925,,57.385000000000005,87.02000000000001,,0.325,3.205,21.7,0.025,2.6849999999999996,,,True,True,True,True,True,True,True,True,True,True,True,True,True
2017-05-22,Gurugram,236.59,,84.9,139.46,,0.28,3.39,9.93,0.02,2.11,,,False,True,False,False,True,True,False,False,False,False,False,True,True
2017-05-23,Gurugram,378.89,,54.93,77.48,,0.52,1.1,49.68,0.03,2.92,,,False,True,False,False,True,True,False,False,False,False,False,True,True
2017-05-24,Gurugram,156.33,,10.95,34.46,,0.61,2.81,33.86,0.03,3.41,460.0,Severe,False,True,False,False,True,True,False,False,False,False,False,True,False
2017-05-25,Gurugram,162.88,,16.63,19.45,,0.54,1.93,69.75,0.02,1.95,,,False,True,False,False,True,True,False,False,False,False,False,True,True
2017-05-26,Gurugram,479.2,,7.02,12.81,,0.64,2.86,56.49,0.03,1.65,550.0,Severe,False,True,False,False,True,True,False,False,False,False,False,True,False
2017-05-27,Gurugram,128.13,,10.96,23.05,,0.38,1.81,80.73,0.02,1.36,550.0,Severe,False,True,False,False,True,True,False,False,False,False,False,True,False
2017-05-28,Gurugram,78.72,,6.97,10.4,,0.43,2.72,57.15,0.03,3.09,195.0,Moderate,False,True,False,False,True,True,False,False,False,False,False,True,False
2017-05-29,Gurugram,96.26,,5.91,11.62,,0.48,3.13,37.77,0.03,3.61,271.0,Poor,False,True,False,False,True,True,False,False,False,False,False,True,False
2017-05-30,Gurugram,188.04,,5.96,13.23,,0.51,3.39,36.4,0.03,2.47,172.0,Moderate,False,True,False,False,True,True,False,False,False,False,False,True,False
2017-05-31,Gurugram,288.0,,6.05,13.14,,0.49,3.25,31.32,0.04,4.05,485.0,Severe,False,True,False,False,True,True,False,False,False,False,False,True,False
2017-06-01,Gurugram,106.44,,8.61,14.73,,0.51,1.67,35.9,0.03,2.87,282.0,Poor,False,True,False,False,True,True,False,False,False,False,False,True,False
2017-06-02,Gurugram,308.48,,5.9,14.46,,0.41,3.54,41.76,0.03,3.0,395.0,Very Poor,False,True,False,False,True,True,False,False,False,False,False,True,False
2017-06-03,Gurugram,92.71,,5.94,14.66,,0.37,3.55,15.22,0.03,3.47,366.0,Very Poor,False,True,False,False,True,True,False,False,False,False,False,True,False
2017-06-04,Gurugram,104.205,,5.920000000000001,20.42,,0.37,3.3899999999999997,26.27,0.025,2.785,,,True,True,True,True,True,True,True,True,True,True,True,True,True
2017-06-05,Gurugram,115.7,,5.9,26.18,,0.37,3.23,37.32,0.02,2.1,,,False,True,False,False,True,True,False,False,False,False,False,True,True
2017-06-06,Gurugram,414.62,,5.92,16.14,,0.4,3.88,19.15,0.02,1.08,408.0,Severe,False,True,False,False,True,True,False,False,False,False,False,True,False
2017-06-07,Gurugram,454.16,,6.02,12.27,,0.4,3.67,25.64,0.03,2.94,646.0,Severe,False,True,False,False,True,True,False,False,False,False,False,True,False
2017-06-08,Gurugram,63.0,,5.94,14.01,,0.41,3.95,24.78,0.04,3.61,236.0,Poor,False,True,False,False,True,True,False,False,False,False,False,True,False
2017-06-09,Gurugram,341.49,,5.93,17.86,,0.41,3.6,15.05,0.03,3.53,340.0,Very Poor,False,True,False,False,True,True,False,False,False,False,False,True,False
2017-06-10,Gurugram,107.85,,5.92,15.21,,0.42,4.04,15.06,0.04,4.21,345.0,Very Poor,False,True,False,False,True,True,False,False,False,False,False,True,False
2017-06-11,Gurugram,322.88,,5.96,15.76,,0.5,3.64,39.7,0.03,3.56,390.0,Very Poor,False,True,False,False,True,True,False,False,False,False,False,True,False
2017-06-12,Gurugram,120.38,,5.99,16.62,,0.51,4.18,35.77,0.04,3.94,357.0,Very Poor,False,True,False,False,True,True,False,False,False,False,False,True,False
2017-06-13,Gurugram,98.73,,5.93,23.05,,0.48,3.64,15.54,0.03,3.57,286.0,Poor,False,True,False,False,True,True,False,False,False,False,False,True,False
2017-06-14,Gurugram,175.56,,6.01,18.53,,0.48,3.5,21.39,0.04,3.6,317.0,Very Poor,False,True,False,False,True,True,False,False,False,False,False,True,False
2017-06-15,Gurugram,468.59,,9.28,26.95,,0.56,1.65,32.81,0.04,4.03,486.0,Severe,False,True,False,False,True,True,False,False,False,False,False,True,False
2017-06-16,Gurugram,100.65,,5.89,18.39,,0.49,3.28,19.89,0.03,3.48,295.0,Poor,False,True,False,False,True,True,False,False,False,False,False,True,False
2017-06-17,Gurugram,81.12,,14.88,22.85,,0.27,0.49,10.44,0.04,3.89,218.0,Poor,False,True,False,False,True,True,False,False,False,False,False,True,False
2017-06-18,Gurugram,409.71,,5.92,15.39,,0.49,3.49,12.3,0.03,3.4,359.0,Very Poor,False,True,False,False,True,True,False,False,False,False,False,True,False
2017-06-19,Gurugram,454.35,,5.95,20.35,,0.49,3.49,21.77,0.02,2.32,648.0,Severe,False,True,False,False,True,True,False,False,False,False,False,True,False
2017-06-20,Gurugram,104.96,,5.94,11.16,,0.47,3.86,34.88,0.02,2.4,353.0,Very Poor,False,True,False,False,True,True,False,False,False,False,False,True,False
2017-06-21,Gurugram,159.35,,5.92,10.2,,0.48,4.19,32.2,0.02,2.43,316.0,Very Poor,False,True,False,False,True,True,False,False,False,False,False,True,False
2017-06-22,Gurugram,141.73,,5.95,12.19,,0.47,3.79,25.67,0.03,2.68,328.0,Very Poor,False,True,False,False,True,True,False,False,False,False,False,True,False
2017-06-23,Gurugram,196.21,,5.93,10.07,,0.49,3.78,25.68,0.01,1.53,347.0,Very Poor,False,True,False,False,True,True,False,False,False,False,False,True,False
2017-06-24,Gurugram,119.27,,5.99,10.09,,0.5,3.26,31.31,0.03,2.79,293.0,Poor,False,True,False,False,True,True,False,False,False,False,False,True,False
2017-06-25,Gurugram,167.63,,5.93,10.21,,0.48,3.56,36.6,0.03,2.67,328.0,Very Poor,False,True,False,False,True,True,False,False,False,False,False,True,False
2017-06-26,Gurugram,111.06,,5.95,10.05,,0.48,3.71,34.39,0.02,1.84,302.0,Very Poor,False,True,False,False,True,True,False,False,False,False,False,True,False
2017-06-27,Gurugram,205.23,,5.96,10.16,,0.49,3.37,22.48,0.03,2.65,326.0,Very Poor,False,True,False,False,True,True,False,False,False,False,False,True,False
2017-06-28,Gurugram,62.93,,5.95,10.1,,0.49,3.65,20.32,0.02,1.91,228.0,Poor,False,True,False,False,True,True,False,False,False,False,False,True,False
2017-06-29,Gurugram,40.01,,5.96,10.07,,0.51,3.74,18.22,0.01,1.46,79.0,Satisfactory,False,True,False,False,True,True,False,False,False,False,False,True,False
2017-06-30,Gurugram,60.53,,5.97,10.24,,0.49,3.93,10.52,0.02,1.77,91.0,Satisfactory,False,True,False,False,True,True,False,False,False,False,False,True,False
2017-07-01,Gurugram,76.66,,5.93,10.02,,0.48,3.81,17.05,0.02,2.22,126.0,Moderate,False,True,False,False,True,True,False,False,False,False,False,True,False
2017-07-02,Gurugram,61.17,,5.97,10.01,,0.51,3.57,17.83,0.03,3.53,156.0,Moderate,False,True,False,False,True,True,False,False,False,False,False,True,False
2017-07-03,Gurugram,69.17,,5.91,10.08,,0.5,3.42,22.87,0.03,2.87,88.0,Satisfactory,False,True,False,False,True,True,False,False,False,False,False,True,False
2017-07-04,Gurugram,110.09,,5.95,10.18,,0.48,3.98,16.7,0.03,3.01,219.0,Poor,False,True,False,False,True,True,False,False,False,False,False,True,False
2017-07-05,Gurugram,359.63,,5.94,10.14,,0.46,3.74,15.97,0.04,3.82,332.0,Very Poor,False,True,False,False,True,True,False,False,False,False,False,True,False
2017-07-06,Gurugram,97.11,,5.96,10.06,,0.49,3.85,17.69,0.03,3.62,402.0,Severe,False,True,False,False,True,True,False,False,False,False,False,True,False
2017-07-07,Gurugram,455.38,,5.96,10.06,,0.5,3.61,18.06,0.02,2.41,404.0,Severe,False,True,False,False,True,True,False,False,False,False,False,True,False
2017-07-08,Gurugram,137.34,,5.93,10.09,,0.51,3.59,22.11,0.03,3.03,372.0,Very Poor,False,True,False,False,True,True,False,False,False,False,False,True,False
2017-07-09,Gurugram,821.42,,5.94,10.24,,0.49,3.67,12.89,0.03,2.95,529.0,Severe,False,True,False,False,True,True,False,False,False,False,False,True,False
2017-07-10,Gurugram,147.12,,5.93,10.06,,0.53,3.3,9.91,0.03,2.6,,,False,True,False,False,True,True,False,False,False,False,False,True,True
2017-07-11,Gurugram,382.31,,5.92,10.04,,0.61,1.7,15.51,0.03,2.93,377.0,Very Poor,False,True,False,False,True,True,False,False,False,False,False,True,False
2017-07-12,Gurugram,75.84,,5.15,13.83,,0.72,6.08,8.85,0.03,2.57,576.0,Severe,False,True,False,False,True,True,False,False,False,False,False,True,False
2017-07-13,Gurugram,65.39,,1.34,12.08,,2.71,21.82,23.56,0.03,3.26,210.0,Poor,False,True,False,False,True,True,False,False,False,False,False,True,False
2017-07-14,Gurugram,723.16,,1.29,4.89,,0.33,23.36,51.31,0.02,2.04,497.0,Severe,False,True,False,False,True,True,False,False,False,False,False,True,False
2017-07-15,Gurugram,767.825,,1.25,3.32,,0.33,19.5,51.77,0.03,3.15,,,True,True,False,False,True,True,False,False,False,False,False,True,True
2017-07-16,Gurugram,812.49,,1.27,2.31,,0.25,21.33,58.72,0.02,2.63,,,False,True,False,False,True,True,False,False,False,False,False,True,True
2017-07-17,Gurugram,445.85,,1.31,2.57,,0.29,22.44,45.46,0.01,1.5,,,False,True,False,False,True,True,False,False,False,False,False,True,True
2017-07-18,Gurugram,47.73,,2.04,0.88,,0.28,20.85,61.17,0.02,2.31,107.0,Moderate,False,True,False,False,True,True,False,False,False,False,False,True,False
2017-07-19,Gurugram,55.35,,4.64,4.67,,0.19,28.94,47.54,0.03,3.14,114.0,Moderate,False,True,False,False,True,True,False,False,False,False,False,True,False
2017-07-20,Gurugram,33.14,,86.59,11.18,,0.66,17.06,8.18,0.03,3.09,80.0,Satisfactory,False,True,False,False,True,True,False,False,False,False,False,True,False
2017-07-21,Gurugram,42.9,,14.79,13.88,,0.21,8.44,7.8,0.02,1.77,69.0,Satisfactory,False,True,False,False,True,True,False,False,False,False,False,True,False
2017-07-22,Gurugram,397.25,,14.48,21.52,,0.14,1.73,8.25,0.01975,1.74525,288.0,Poor,False,True,False,False,True,True,False,False,False,True,True,True,False
2017-07-23,Gurugram,22.36,,10.95,22.97,,0.16,2.9,7.55,0.0195,1.7205,547.0,Severe,False,True,False,False,True,True,False,False,False,True,True,True,False
2017-07-24,Gurugram,218.14,,13.37,22.26,,0.39,2.98,17.32,0.01925,1.69575,,,False,True,False,False,True,True,False,False,False,True,True,True,True
2017-07-25,Gurugram,25.41,,54.7,30.37,,0.68,5.48,27.7,0.019,1.671,,,False,True,False,False,True,True,False,False,False,True,True,True,True
2017-07-26,Gurugram,53.0,,11.26,26.58,,0.73,3.73,31.42,0.01875,1.64625,,,False,True,False,False,True,True,False,False,False,True,True,True,True
2017-07-27,Gurugram,84.4,,10.71,24.23,,0.92,4.5,30.62,0.0185,1.6215,157.0,Moderate,False,True,False,False,True,True,False,False,False,True,True,True,False
2017-07-28,Gurugram,264.95,,8.45,25.57,,0.94,4.37,31.55,0.01825,1.5967500000000001,326.0,Very Poor,False,True,False,False,True,True,False,False,False,True,True,True,False
2017-07-29,Gurugram,124.17,,2.32,28.84,,0.95,3.73,38.82,0.018000000000000002,1.572,248.0,Poor,False,True,False,False,True,True,False,False,False,True,True,True,False
2017-07-30,Gurugram,858.73,,1.23,30.18,,0.86,2.53,30.09,0.017750000000000002,1.54725,482.0,Severe,False,True,False,False,True,True,False,False,False,True,True,True,False
2017-07-31,Gurugram,38.04,,1.65,30.89,,0.93,3.32,14.27,0.0175,1.5225,,,False,True,False,False,True,True,False,False,False,True,True,True,True
2017-08-01,Gurugram,16.12,,2.55,30.39,,0.94,6.6,18.17,0.01725,1.49775,72.0,Satisfactory,False,True,False,False,True,True,False,False,False,True,True,True,False
2017-08-02,Gurugram,28.56,,2.45,30.44,,0.89,6.98,23.79,0.017,1.4729999999999999,72.0,Satisfactory,False,True,False,False,True,True,False,False,False,True,True,True,False
2017-08-03,Gurugram,35.52,,2.61,30.36,,0.91,7.61,20.05,0.01675,1.44825,68.0,Satisfactory,False,True,False,False,True,True,False,False,False,True,True,True,False
2017-08-04,Gurugram,46.25,,2.03,30.46,,0.9,7.48,21.38,0.0165,1.4235,68.0,Satisfactory,False,True,False,False,True,True,False,False,False,True,True,True,False
2017-08-05,Gurugram,46.38,,1.98,30.67,,0.89,5.38,33.9,,,84.0,Satisfactory,False,True,False,False,True,True,False,False,False,True,True,True,False
2017-08-06,Gurugram,41.5,,1.48,31.37,,1.0175,7.35,11.35,,,76.0,Satisfactory,False,True,False,False,True,True,True,False,False,True,True,True,False
2017-08-07,Gurugram,41.47,,1.5,31.36,,1.145,7.34,11.926666666666666,,,,,False,True,False,False,True,True,True,False,True,True,True,True,True
2017-08-08,Gurugram,41.47,,1.5,31.36,,1.2725,7.34,12.503333333333334,,,,,False,True,False,False,True,True,True,False,True,True,True,True,True
2017-08-09,Gurugram,34.18,,4.2,30.49,,1.4,5.41,13.08,,,,,False,True,False,False,True,True,False,False,False,True,True,True,True
2017-08-10,Gurugram,47.05,,3.12,30.39,,0.87,6.32,26.24,,,92.0,Satisfactory,False,True,False,False,True,True,False,False,False,True,True,True,False
2017-08-11,Gurugram,38.07,,0.48,30.26,,0.87,8.8,24.16,,,82.0,Satisfactory,False,True,False,False,True,True,False,False,False,True,True,True,False
2017-08-12,Gurugram,31.51,,0.41,30.29,,1.02,5.76,19.9,,,59.0,Satisfactory,False,True,False,False,True,True,False,False,False,True,True,True,False
2017-08-13,Gurugram,34.22,,0.42,30.23,,0.88,7.08,30.96,,,79.0,Satisfactory,False,True,False,False,True,True,False,False,False,True,True,True,False
2017-08-14,Gurugram,40.09,,0.26,30.14,,0.85,5.97,25.89,,,84.0,Satisfactory,False,True,False,False,True,True,False,False,False,True,True,True,False
2017-08-15,Gurugram,38.83,,0.09,30.16,,0.96,4.94,32.28,,,69.0,Satisfactory,False,True,False,False,True,True,False,False,False,True,True,True,False
2017-08-16,Gurugram,42.61,,0.4,28.7,,0.89,6.57,44.45,,,65.0,Satisfactory,False,True,False,False,True,True,False,False,False,True,True,True,False
2017-08-17,Gurugram,68.96,,3.79,24.86,,0.96,5.28,34.76,,,104.0,Moderate,False,True,False,False,True,True,False,False,False,True,True,True,False
2017-08-18,Gurugram,73.17,,4.12,24.89,,0.88,6.47,38.85,,,143.0,Moderate,False,True,False,False,True,True,False,False,False,True,True,True,False
2017-08-19,Gurugram,61.04,,4.03,24.97,,1.0,6.9,29.56,,,130.0,Moderate,False,True,False,False,True,True,False,False,False,True,True,True,False
2017-08-20,Gurugram,41.14,,3.76,24.95,,0.77,6.2,42.63,,,83.0,Satisfactory,False,True,False,False,True,True,False,False,False,True,True,True,False
2017-08-21,Gurugram,46.25,,4.14,24.74,,1.0,6.48,30.77,,,68.0,Satisfactory,False,True,False,False,True,True,False,False,False,True,True,True,False
2017-08-22,Gurugram,66.42,,4.14,24.89,,0.94,6.51,37.33,,,95.0,Satisfactory,False,True,False,False,True,True,False,False,False,True,True,True,False
2017-08-23,Gurugram,64.36,,3.88,25.01,,0.95,5.83,19.78,,,135.0,Moderate,False,True,False,False,True,True,False,False,False,True,True,True,False
2017-08-24,Gurugram,67.82,,3.97,24.97,,0.91,8.34,36.38,,,98.0,Satisfactory,False,True,False,False,True,True,False,False,False,True,True,True,False
2017-08-25,Gurugram,87.97,,4.26,24.94,,0.79,7.36,44.42,,,176.0,Moderate,False,True,False,False,True,True,False,False,False,True,True,True,False
2017-08-26,Gurugram,111.01,,3.89,25.0,,0.94,6.73,39.49,,,244.0,Poor,False,True,False,False,True,True,False,False,False,True,True,True,False
2017-08-27,Gurugram,111.01,,3.86,24.98,,0.94,6.78,50.84,,,270.0,Poor,False,True,False,False,True,True,False,False,False,True,True,True,False
2017-08-28,Gurugram,6.42,,17.25,29.0,,0.75,2.46,17.97,,,,,False,True,False,False,True,True,False,False,False,True,True,True,True
2017-08-29,Gurugram,949.99,,26.31,28.34,,0.92,7.44,29.91,,,,,False,True,False,False,True,True,False,False,False,True,True,True,True
2017-08-30,Gurugram,643.71,,43.86,32.66,,0.99,5.97,30.46,0.01,0.78,891.0,Severe,False,True,False,False,True,True,False,False,False,False,False,True,False
2017-08-31,Gurugram,33.26,,17.52,26.35,,0.91,14.9,18.97,0.03,2.77,242.0,Poor,False,True,False,False,True,True,False,False,False,False,False,True,False
2017-09-01,Gurugram,34.03,,10.76,26.14,,0.9,3.96,12.36,0.03,2.76,58.0,Satisfactory,False,True,False,False,True,True,False,False,False,False,False,True,False
2017-09-02,Gurugram,33.97,,2.44,25.98,,0.93,2.34,12.16,0.03,2.75,57.0,Satisfactory,False,True,False,False,True,True,False,False,False,False,False,True,False
2017-09-03,Gurugram,33.95,,2.54,26.13,,0.92,3.26,11.25,0.03,2.75,57.0,Satisfactory,False,True,False,False,True,True,False,False,False,False,False,True,False
2017-09-04,Gurugram,33.68,,3.37,26.0,,2.7,4.52,13.92,0.03,2.74,96.0,Satisfactory,False,True,False,False,True,True,False,False,False,False,False,True,False
2017-09-05,Gurugram,33.98,,1.04,26.24,,1.03,4.78,13.67,0.03,2.75,88.0,Satisfactory,False,True,False,False,True,True,False,False,False,False,False,True,False
2017-09-06,Gurugram,34.07,,1.71,26.05,,0.94,5.12,12.08,0.03,2.75,63.0,Satisfactory,False,True,False,False,True,True,False,False,False,False,False,True,False
2017-09-07,Gurugram,33.86,,1.79,26.0,,0.97,5.03,12.97,0.03,2.75,63.0,Satisfactory,False,True,False,False,True,True,False,False,False,False,False,True,False
2017-09-08,Gurugram,45.31,,3.16,25.82,,1.09,4.65,17.47,0.03,2.73,78.0,Satisfactory,False,True,False,False,True,True,False,False,False,False,False,True,False
2017-09-09,Gurugram,67.28,,3.59,25.89,,1.0,4.38,20.76,0.03,2.73,109.0,Moderate,False,True,False,False,True,True,False,False,False,False,False,True,False
2017-09-10,Gurugram,72.11,,4.89,25.88,,0.97,4.62,17.71,0.03,2.72,131.0,Moderate,False,True,False,False,True,True,False,False,False,False,False,True,False
2017-09-11,Gurugram,79.97,,3.22,25.36,,0.88,4.79,17.61,0.03,2.71,142.0,Moderate,False,True,False,False,True,True,False,False,False,False,False,True,False
2017-09-12,Gurugram,95.69,,2.17,25.88,,1.12,4.72,14.26,0.03,3.25,238.0,Poor,False,True,False,False,True,True,False,False,False,False,False,True,False
2017-09-13,Gurugram,78.62,,3.49,25.63,,0.91,4.73,20.02,0.04,4.37,163.0,Moderate,False,True,False,False,True,True,False,False,False,False,False,True,False
2017-09-14,Gurugram,85.17,,4.51,23.15,,1.02,5.2,18.91,0.04,4.35,199.0,Moderate,False,True,False,False,True,True,False,False,False,False,False,True,False
2017-09-15,Gurugram,61.76,,3.32,20.42,,0.94,4.07,22.56,0.04,4.34,123.0,Moderate,False,True,False,False,True,True,False,False,False,False,False,True,False
2017-09-16,Gurugram,69.14,,1.25,20.5,,1.02,4.49,21.38,0.04,4.39,119.0,Moderate,False,True,False,False,True,True,False,False,False,False,False,True,False
2017-09-17,Gurugram,62.94,,1.0,20.66,,0.97,4.87,30.88,0.04,4.43,123.0,Moderate,False,True,False,False,True,True,False,False,False,False,False,True,False
2017-09-18,Gurugram,56.2,,0.81,21.01,,1.16,5.39,38.15,0.04,4.48,107.0,Moderate,False,True,False,False,True,True,False,False,False,False,False,True,False
2017-09-19,Gurugram,51.96,,1.13,21.11,,0.98,5.34,36.53,0.04,4.47,116.0,Moderate,False,True,False,False,True,True,False,False,False,False,False,True,False
2017-09-20,Gurugram,93.97,,2.71,21.01,,0.99,7.83,30.21,0.04,4.45,148.0,Moderate,False,True,False,False,True,True,False,False,False,False,False,True,False
2017-09-21,Gurugram,76.48,,1.26,21.63,,0.96,5.74,11.61,0.04,4.45,190.0,Moderate,False,True,False,False,True,True,False,False,False,False,False,True,False
2017-09-22,Gurugram,92.74,,0.97,21.87,,0.89,4.45,9.48,0.04,4.45,178.0,Moderate,False,True,False,False,True,True,False,False,False,False,False,True,False
2017-09-23,Gurugram,105.73,,0.23,22.07,,0.86,3.78,9.41,0.04,4.46,226.0,Poor,False,True,False,False,True,True,False,False,False,False,False,True,False
2017-09-24,Gurugram,100.85,,0.34,21.97,,0.99,4.46,16.84,0.04,4.46,270.0,Poor,False,True,False,False,True,True,False,False,False,False,False,True,False
2017-09-25,Gurugram,87.25,,1.81,20.91,,0.93,4.76,16.3,0.04,4.47,189.0,Moderate,False,True,False,False,True,True,False,False,False,False,False,True,False
2017-09-26,Gurugram,102.27,,2.69,20.74,22.96,0.87,5.11,12.34,0.03,4.45,229.0,Poor,False,True,False,False,False,True,False,False,False,False,False,True,False
2017-09-27,Gurugram,83.13,,3.0,21.09,23.254,0.93,4.4,15.93,0.04,4.38,206.0,Poor,False,True,False,False,True,True,False,False,False,False,False,True,False
2017-09-28,Gurugram,77.67,,2.23,19.41,23.548000000000002,0.81,5.11,23.68,0.03,4.46,153.0,Moderate,False,True,False,False,True,True,False,False,False,False,False,True,False
2017-09-29,Gurugram,90.11,,2.87,21.31,23.842,1.1,5.65,26.92,0.04,4.45,191.0,Moderate,False,True,False,False,True,True,False,False,False,False,False,True,False
2017-09-30,Gurugram,112.11,,2.27,21.3,24.136,1.01,5.22,31.03,0.04,4.45,238.0,Poor,False,True,False,False,True,True,False,False,False,False,False,True,False
2017-10-01,Gurugram,113.12,,3.38,21.61,24.43,1.0,4.29,28.09,0.04,4.44,284.0,Poor,False,True,False,False,False,True,False,False,False,False,False,True,False
2017-10-02,Gurugram,93.61,,2.47,21.9,24.99,0.99,5.28,25.6,0.04,4.41,247.0,Poor,False,True,False,False,False,True,False,False,False,False,False,True,False
2017-10-03,Gurugram,90.15,,2.13,20.41,23.46,0.94,4.7,32.0,0.04,4.41,193.0,Moderate,False,True,False,False,False,True,False,False,False,False,False,True,False
2017-10-04,Gurugram,90.59,,3.21,19.46,23.75,0.69,6.33,30.07,0.03,4.42,209.0,Poor,False,True,False,False,False,True,False,False,False,False,False,True,False
2017-10-05,Gurugram,79.04,,1.51,17.3,20.05,0.13,5.45,75.54,0.0,4.44,196.0,Moderate,False,True,False,False,False,True,False,False,False,False,False,True,False
2017-10-06,Gurugram,74.37,,1.48,22.53,16.21,0.54,4.48,54.23,0.02,4.38,,,False,True,False,False,False,True,False,False,False,False,False,True,True
2017-10-07,Gurugram,91.11,,1.41,24.96,16.01,0.51,3.73,21.17,0.02,4.39,174.0,Moderate,False,True,False,False,False,True,False,False,False,False,False,True,False
2017-10-08,Gurugram,63.02,,3.15,22.23,20.5,0.26,3.47,50.41,0.01,4.4,,,False,True,False,False,False,True,False,False,False,False,False,True,True
2017-10-09,Gurugram,80.75,,6.24,24.67,16.0,0.84,7.62,22.99,0.04,4.41,154.0,Moderate,False,True,False,False,False,True,False,False,False,False,False,True,False
2017-10-10,Gurugram,83.99,,4.81,24.35,17.215,0.88,6.86,26.71,0.04,4.41,182.0,Moderate,False,True,False,False,True,True,False,False,False,False,False,True,False
2017-10-11,Gurugram,83.88,,4.93,24.58,18.43,0.73,5.42,21.74,0.03,4.43,176.0,Moderate,False,True,False,False,False,True,False,False,False,False,False,True,False
2017-10-12,Gurugram,77.28,,2.29,23.5,21.51,0.61,5.58,34.77,0.03,4.44,169.0,Moderate,False,True,False,False,False,True,False,False,False,False,False,True,False
2017-10-13,Gurugram,78.47,,3.4,24.82,21.747142857142858,0.88,5.91,31.99,0.04,4.42,166.0,Moderate,False,True,False,False,True,True,False,False,False,False,False,True,False
2017-10-14,Gurugram,78.69,,6.9,24.63,21.984285714285715,0.88,9.91,34.61,0.04,4.42,161.0,Moderate,False,True,False,False,True,True,False,False,False,False,False,True,False
2017-10-15,Gurugram,80.94,,4.23,24.47,22.22142857142857,0.82,11.02,36.07,0.04,4.44,165.0,Moderate,False,True,False,False,True,True,False,False,False,False,False,True,False
2017-10-16,Gurugram,94.86,,7.44,25.86,22.45857142857143,1.13,14.84,32.59,0.04,4.43,191.0,Moderate,False,True,False,False,True,True,False,False,False,False,False,True,False
2017-10-17,Gurugram,107.62,,7.4,28.9,22.69571428571429,1.88,7.52,32.26,0.04,4.39,240.0,Poor,False,True,False,False,True,True,False,False,False,False,False,True,False
2017-10-18,Gurugram,111.21,,6.63,30.12,22.932857142857145,1.26,10.77,26.67,0.04,4.38,269.0,Poor,False,True,False,False,True,True,False,False,False,False,False,True,False
2017-10-19,Gurugram,132.57,,6.69,30.39,23.17,2.06,9.9,25.37,0.04,4.39,294.0,Poor,False,True,False,False,False,True,False,False,False,False,False,True,False
2017-10-20,Gurugram,306.42,,17.09,30.55,33.09,1.99,16.21,40.66,1.07,5.96,407.0,Severe,False,True,False,False,False,True,False,False,False,False,False,True,False
2017-10-21,Gurugram,170.0,,12.36,28.47,24.04,1.13,10.29,38.07,1.08,5.52,368.0,Very Poor,False,True,False,False,False,True,False,False,False,False,False,True,False
2017-10-22,Gurugram,108.93,,13.51,27.88,28.465,1.39,9.35,32.95,1.1,5.63,307.0,Very Poor,False,True,False,False,True,True,False,False,False,False,False,True,False
2017-10-23,Gurugram,113.66,,17.51,27.45,32.89,1.4,14.15,27.37,1.1,5.62,235.0,Poor,False,True,False,False,False,True,False,False,False,False,False,True,False
2017-10-24,Gurugram,139.31,,18.48,27.38,44.54,1.4014285714285712,12.43,31.42,1.1,5.61,314.0,Very Poor,False,True,False,False,False,True,True,False,False,False,False,True,False
2017-10-25,Gurugram,157.36,,16.35,27.71,42.065714285714286,1.4028571428571428,11.94,33.84,1.1,5.62,315.0,Very Poor,False,True,False,False,True,True,True,False,False,False,False,True,False
2017-10-26,Gurugram,188.08,,17.39,27.85,39.59142857142857,1.4042857142857141,8.44,29.87,1.09,5.55,350.0,Very Poor,False,True,False,False,True,True,True,False,False,False,False,True,False
2017-10-27,Gurugram,155.83,,11.35,26.91,37.11714285714286,1.4057142857142857,7.57,30.26,1.09,5.55,335.0,Very Poor,False,True,False,False,True,True,True,False,False,False,False,True,False
2017-10-28,Gurugram,160.09,,11.21,23.76,34.64285714285714,1.407142857142857,6.71,40.62,1.1,5.61,328.0,Very Poor,False,True,False,False,True,True,True,False,False,False,False,True,False
2017-10-29,Gurugram,163.11,,10.68,23.9,32.168571428571425,1.4085714285714286,6.75,37.19,1.1,5.6,335.0,Very Poor,False,True,False,False,True,True,True,False,False,False,False,True,False
2017-10-30,Gurugram,149.85,,14.27,22.5,29.694285714285712,1.41,6.85,34.82,1.1,5.59,326.0,Very Poor,False,True,False,False,True,True,False,False,False,False,False,True,False
2017-10-31,Gurugram,186.54,,17.84,23.04,27.22,1.52,7.57,21.56,1.1,5.6,337.0,Very Poor,False,True,False,False,False,True,False,False,False,False,False,True,False
2017-11-01,Gurugram,174.9,,9.87,23.15,20.94,1.75,5.49,33.53,1.1,5.61,353.0,Very Poor,False,True,False,False,False,True,False,False,False,False,False,True,False
2017-11-02,Gurugram,157.43,,9.87,23.7,21.23,1.68,6.59,45.12,1.1,5.63,331.0,Very Poor,False,True,False,False,False,True,False,False,False,False,False,True,False
2017-11-03,Gurugram,171.54,,16.04,24.04,25.86,1.17,6.76,30.22,1.1,5.6,335.0,Very Poor,False,True,False,False,False,True,False,False,False,False,False,True,False
2017-11-04,Gurugram,171.96,,13.87,25.68,24.26,1.78,5.96,32.78,1.09,5.59,337.0,Very Poor,False,True,False,False,False,True,False,False,False,False,False,True,False
2017-11-05,Gurugram,162.81,,20.15,24.27,29.6,1.52,6.95,34.6,1.08,5.62,340.0,Very Poor,False,True,False,False,False,True,False,False,False,False,False,True,False
2017-11-06,Gurugram,168.65,,17.81,22.3,27.26,1.88,7.68,24.93,1.01,5.63,332.0,Very Poor,False,True,False,False,False,True,False,False,False,False,False,True,False
2017-11-07,Gurugram,236.77,,16.28,23.36,26.17,2.05,7.86,29.88,1.1,5.63,360.0,Very Poor,False,True,False,False,False,True,False,False,False,False,False,True,False
2017-11-08,Gurugram,447.72,,15.0,22.88,24.91,2.7,7.93,21.77,1.1,5.62,461.0,Severe,False,True,False,False,False,True,False,False,False,False,False,True,False
2017-11-09,Gurugram,462.29,,18.87,22.78,27.95,2.11,9.48,23.35,1.49,5.56,590.0,Severe,False,True,False,False,False,True,False,False,False,False,False,True,False
2017-11-10,Gurugram,373.47,,17.26,22.97,26.02,1.98,10.28,19.26,0.45,1.2,522.0,Severe,False,True,False,False,False,True,False,False,False,False,False,True,False
2017-11-11,Gurugram,310.3,,17.57,23.17,27.05,2.07,8.55,28.94,0.56,1.24,460.0,Severe,False,True,False,False,False,True,False,False,False,False,False,True,False
2017-11-12,Gurugram,364.24,,12.59,22.99,23.03,1.79,6.64,37.87,0.66,1.35,472.0,Severe,False,True,False,False,False,True,False,False,False,False,False,True,False
2017-11-13,Gurugram,356.97,,16.17,22.82,25.75,1.92,6.694615384615385,24.72,0.73,1.42,506.0,Severe,False,True,False,False,False,True,False,True,False,False,False,True,False
2017-11-14,Gurugram,212.05,,9.25,22.41,20.02,1.9,6.749230769230769,41.87,0.53,1.21,396.0,Very Poor,False,True,False,False,False,True,False,True,False,False,False,True,False
2017-11-15,Gurugram,170.67,,9.12,21.82,19.37,0.9,6.803846153846154,37.75,0.5,1.18,363.0,Very Poor,False,True,False,False,False,True,False,True,False,False,False,True,False
2017-11-16,Gurugram,194.09,,9.12,22.41,19.9,1.52,6.858461538461538,28.26,0.46,1.14,346.0,Very Poor,False,True,False,False,False,True,False,True,False,False,False,True,False
2017-11-17,Gurugram,148.67,,13.0,20.19,19.44,1.59,6.913076923076923,20.93,0.57,1.25,338.0,Very Poor,False,True,False,False,False,True,False,True,False,False,False,True,False
2017-11-18,Gurugram,173.23,,6.01,26.29,19.76,1.66,6.967692307692308,27.6,0.69,1.37,330.0,Very Poor,False,True,False,False,False,True,False,True,False,False,False,True,False
2017-11-19,Gurugram,152.24,,4.91,24.87,18.23,1.9,7.022307692307692,45.13,0.54,1.21,332.0,Very Poor,False,True,False,False,False,True,False,True,False,False,False,True,False
2017-11-20,Gurugram,169.05,,6.83,22.77,18.69,1.85,7.076923076923077,40.78,1.28,0.99,332.0,Very Poor,False,True,False,False,False,True,False,True,False,False,False,True,False
2017-11-21,Gurugram,143.54,,7.58,22.83,19.26,1.65,7.131538461538462,36.67,1.36,1.04,328.0,Very Poor,False,True,False,False,False,True,False,True,False,False,False,True,False
2017-11-22,Gurugram,137.73,,6.0,24.36,18.75,1.8,7.186153846153846,31.75,1.45,1.13,314.0,Very Poor,False,True,False,False,False,True,False,True,False,False,False,True,False
2017-11-23,Gurugram,129.69,,5.76,24.25,18.29,4.81,7.240769230769231,29.15,1.23,0.91,305.0,Very Poor,False,True,False,False,False,True,False,True,False,False,False,True,False
2017-11-24,Gurugram,176.81,,7.67,24.32,19.99,2.71,7.295384615384615,25.78,1.16,0.84,329.0,Very Poor,False,True,False,False,False,True,False,True,False,False,False,True,False
2017-11-25,Gurugram,153.84,,8.82,23.82,20.6,3.5,7.35,25.51,0.89,0.59,339.0,Very Poor,False,True,False,False,False,True,False,False,False,False,False,True,False
2017-11-26,Gurugram,173.98,,15.55,22.55,25.45,2.12,10.85,24.71,1.03,0.71,328.0,Very Poor,False,True,False,False,False,True,False,False,False,False,False,True,False
2017-11-27,Gurugram,204.11,,9.91,22.46,20.76,1.99,7.61,27.3,1.1,0.78,365.0,Very Poor,False,True,False,False,False,True,False,False,False,False,False,True,False
2017-11-28,Gurugram,205.04,,14.73,21.94,24.38,2.74,10.97,18.35,1.04,0.75,362.0,Very Poor,False,True,False,False,False,True,False,False,False,False,False,True,False
2017-11-29,Gurugram,164.81,,16.7,21.92,25.94,1.88,9.23,16.65,1.86,2.21,350.0,Very Poor,False,True,False,False,False,True,False,False,False,False,False,True,False
2017-11-30,Gurugram,159.09,,23.95,16.36,24.94,2.18,7.79,23.29,1.17,1.85,328.0,Very Poor,False,True,False,False,False,True,False,False,False,False,False,True,False
2017-12-01,Gurugram,173.88,,30.25,17.64,34.08,2.08,10.36,23.16,0.93,1.61,336.0,Very Poor,False,True,False,False,False,True,False,False,False,False,False,True,False
2017-12-02,Gurugram,180.22,,26.52,11.91,26.1,1.87,11.12,16.78,0.98,1.67,350.0,Very Poor,False,True,False,False,False,True,False,False,False,False,False,True,False
2017-12-03,Gurugram,171.86,,17.65,13.41,19.13,2.15,10.33,21.42,0.98,1.66,338.0,Very Poor,False,True,False,False,False,True,False,False,False,False,False,True,False
2017-12-04,Gurugram,198.58,,12.7,17.33,17.72,2.21,8.46,18.03,0.89,1.57,347.0,Very Poor,False,True,False,False,False,True,False,False,False,False,False,True,False
2017-12-05,Gurugram,207.67,,7.53,19.69,16.1,2.58,8.77,14.37,1.09,1.77,372.0,Very Poor,False,True,False,False,False,True,False,False,False,False,False,True,False
2017-12-06,Gurugram,115.57,,10.38,18.95,18.1,1.74,6.07,20.02,1.0,1.68,325.0,Very Poor,False,True,False,False,False,True,False,False,False,False,False,True,False
2017-12-07,Gurugram,93.33,,9.46,18.98,12.63,1.92,6.66,25.39,1.12,1.8,238.0,Poor,False,True,False,False,False,True,False,False,False,False,False,True,False
2017-12-08,Gurugram,103.25,,10.19,19.38,14.3175,2.28,7.68,32.23,1.09,1.78,206.0,Poor,False,True,False,False,True,True,False,False,False,False,False,True,False
2017-12-09,Gurugram,140.45,,9.49,19.6,16.005000000000003,2.29,8.71,25.82,1.01,1.7,305.0,Very Poor,False,True,False,False,True,True,False,False,False,False,False,True,False
2017-12-10,Gurugram,193.87,,9.51,18.97,17.692500000000003,2.09,11.07,25.97,1.18,1.86,346.0,Very Poor,False,True,False,False,True,True,False,False,False,False,False,True,False
2017-12-11,Gurugram,169.32,,10.92,19.13,19.380000000000003,1.52,7.19,15.43,1.27,1.95,348.0,Very Poor,False,True,False,False,True,True,False,False,False,False,False,True,False
2017-12-12,Gurugram,85.9,,24.26,16.58,21.067500000000003,1.49,4.67,19.68,1.48,2.16,236.0,Poor,False,True,False,False,True,True,False,False,False,False,False,True,False
2017-12-13,Gurugram,96.19,,13.16,17.72,22.755000000000003,1.82,4.37,22.45,1.59,2.27,222.0,Poor,False,True,False,False,True,True,False,False,False,False,False,True,False
2017-12-14,Gurugram,70.83,,12.84,18.04,24.442500000000003,1.6,4.31,25.8,1.58,2.26,166.0,Moderate,False,True,False,False,True,True,False,False,False,False,False,True,False
2017-12-15,Gurugram,100.22,,10.54,21.88,26.130000000000003,1.75,3.87,28.07,1.49,2.17,202.0,Poor,False,True,False,False,True,True,False,False,False,False,False,True,False
2017-12-16,Gurugram,93.97,,10.66,22.53,27.817500000000003,1.58,5.07,29.34,1.45,2.13,226.0,Poor,False,True,False,False,True,True,False,False,False,False,False,True,False
2017-12-17,Gurugram,68.28,,9.74,22.57,29.505000000000003,0.92,4.27,36.66,0.95,2.2,165.0,Moderate,False,True,False,False,True,True,False,False,False,False,False,True,False
2017-12-18,Gurugram,84.54,,8.82,21.96,31.192500000000003,1.0,5.95,51.86,1.1,2.52,,,False,True,False,False,True,True,False,False,False,False,False,True,True
2017-12-19,Gurugram,119.93,,9.78,22.59,32.88,2.18,8.16,33.28,1.66,2.34,222.0,Poor,False,True,False,False,True,True,False,False,False,False,False,True,False
2017-12-20,Gurugram,169.07,,10.22,21.29,34.5675,2.31,5.98,14.9,1.67,2.35,325.0,Very Poor,False,True,False,False,True,True,False,False,False,False,False,True,False
2017-12-21,Gurugram,165.99,,10.64,19.52,36.255,1.09,3.68,28.5,1.81,2.49,343.0,Very Poor,False,True,False,False,True,True,False,False,False,False,False,True,False
2017-12-22,Gurugram,118.41,,10.26,19.99,,1.04,3.98,31.67,1.73,2.41,314.0,Very Poor,False,True,False,False,True,True,False,False,False,False,False,True,False
2017-12-23,Gurugram,93.73,,10.17,20.54,,1.18,4.23,42.28,1.68,2.36,225.0,Poor,False,True,False,False,True,True,False,False,False,False,False,True,False
2017-12-24,Gurugram,173.0,,10.68,20.37,,1.33,5.26,28.04,1.56,2.24,320.0,Very Poor,False,True,False,False,True,True,False,False,False,False,False,True,False
2017-12-25,Gurugram,241.52,,9.98,20.09,,1.0,4.23,27.11,1.43,2.11,368.0,Very Poor,False,True,False,False,True,True,False,False,False,False,False,True,False
2017-12-26,Gurugram,132.76,,9.83,20.41,,1.28,6.06,31.21,1.48,2.16,337.0,Very Poor,False,True,False,False,True,True,False,False,False,False,False,True,False
2017-12-27,Gurugram,203.93,,5.65,25.1,,1.24,11.58,21.64,1.49,2.17,354.0,Very Poor,False,True,False,False,True,True,False,False,False,False,False,True,False
2017-12-28,Gurugram,237.11,,5.76,24.32,,1.37,12.14,21.84,1.47,2.15,374.0,Very Poor,False,True,False,False,True,True,False,False,False,False,False,True,False
2017-12-29,Gurugram,226.91,,8.55,20.61,,1.13,10.43,22.99,1.24,2.07,386.0,Very Poor,False,True,False,False,True,True,False,False,False,False,False,True,False
2017-12-30,Gurugram,199.61,,7.3,21.79,,0.69,7.02,24.92,1.07,2.03,372.0,Very Poor,False,True,False,False,True,True,False,False,False,False,False,True,False
2017-12-31,Gurugram,217.74,395.4,86.04,23.48,53.13,2.25,7.07,18.47,0.91,2.2,365.0,Very Poor,False,False,False,False,False,True,False,False,False,False,False,True,False
2018-01-01,Gurugram,329.12,17.16,32.89,24.02,36.49,2.31,8.7,19.58,0.77,2.01,410.0,Severe,False,False,False,False,False,True,False,False,False,False,False,True,False
2018-01-02,Gurugram,360.72,230.66499999999996,45.23,20.52,32.88,2.11,8.524999999999999,17.54,0.0,2.1449999999999996,495.0,Severe,False,True,False,False,False,True,False,True,False,False,True,True,False
2018-01-03,Gurugram,230.85,444.17,37.01,19.46,34.05,2.26,8.35,16.49,1.05,2.28,444.0,Severe,False,False,False,False,False,True,False,False,False,False,False,True,False
2018-01-04,Gurugram,179.21,339.33,31.09,21.19,38.64,2.27,8.56,18.69,1.66,3.3,354.0,Very Poor,False,False,False,False,False,True,False,False,False,False,False,True,False
2018-01-05,Gurugram,240.06,380.12,24.25,19.77,31.42,2.46,8.1,19.16,1.63,4.53,371.0,Very Poor,False,False,False,False,False,True,False,False,False,False,False,True,False
2018-01-06,Gurugram,293.84,434.45,35.19,22.95,46.19,2.82,8.73,19.47,1.59,4.47,422.0,Severe,False,False,False,False,False,True,False,False,False,False,False,True,False
2018-01-07,Gurugram,181.67,408.64,33.04,20.24,39.5,2.67,7.24,24.91,1.65,4.68,410.0,Severe,False,False,False,False,False,True,False,False,False,False,False,True,False
2018-01-08,Gurugram,166.13,342.33,28.99,19.77,36.81,2.59,7.53,27.37,1.45,4.33,328.0,Very Poor,False,False,False,False,False,True,False,False,False,False,False,True,False
2018-01-09,Gurugram,238.69,436.51,26.66,19.26,34.62,2.65,7.97,26.25,1.5150000000000001,4.295,371.0,Very Poor,False,False,False,False,False,True,False,False,False,True,True,True,False
2018-01-10,Gurugram,159.63,254.48,17.31,25.92,27.9,2.52,6.53,33.08,1.58,4.26,367.0,Very Poor,False,False,False,False,False,True,False,False,False,False,False,True,False
2018-01-11,Gurugram,129.14,226.75,14.64,20.41,17.04,2.31,7.02,40.11,1.66,4.34,311.0,Very Poor,False,False,False,False,False,True,False,False,False,False,False,True,False
2018-01-12,Gurugram,145.9,297.21,27.34,17.25,20.99,2.38,8.32,28.86,1.7,4.38,312.0,Very Poor,False,False,False,False,False,True,False,False,False,False,False,True,False
2018-01-13,Gurugram,191.49,356.04,33.15,18.55,37.48,2.7,9.71,24.53,1.72,4.4,356.0,Very Poor,False,False,False,False,False,True,False,False,False,False,False,True,False
2018-01-14,Gurugram,159.67,315.22,27.22,20.07,32.96,2.83,8.37,26.16,1.72,4.4,344.0,Very Poor,False,False,False,False,False,True,False,False,False,False,False,True,False
2018-01-15,Gurugram,172.6,291.64,31.35,20.9,34.18,2.13,6.76,34.78,1.7,4.38,335.0,Very Poor,False,False,False,False,False,True,False,False,False,False,False,True,False
2018-01-16,Gurugram,84.4,200.5,15.4,23.32,25.59,1.49,8.21,41.55,1.72,4.4,231.0,Poor,False,False,False,False,False,True,False,False,False,False,False,True,False
2018-01-17,Gurugram,204.16,342.67,31.44,24.21,42.45,1.46,7.14,25.9,1.58,4.26,300.0,Poor,False,False,False,False,False,True,False,False,False,False,False,True,False
2018-01-18,Gurugram,214.5,312.18,38.58,21.92,54.22,1.84,8.63,22.37,1.4325,3.8649999999999998,382.0,Very Poor,False,False,False,False,False,True,False,False,False,True,True,True,False
2018-01-19,Gurugram,229.15,666.72,31.06,25.37,46.92,1.67,7.04,24.74,1.2850000000000001,3.4699999999999998,377.0,Very Poor,False,False,False,False,False,True,False,False,False,True,True,True,False
2018-01-20,Gurugram,100.78,625.361,15.76,30.89,36.93,1.45,6.84,31.66,1.1375,3.075,285.0,Poor,False,True,False,False,False,True,False,False,False,True,True,True,False
2018-01-21,Gurugram,108.46,584.0020000000001,29.5,23.21,44.92,1.72,8.14,26.22,0.99,2.68,264.0,Poor,False,True,False,False,False,True,False,False,False,False,False,True,False
2018-01-22,Gurugram,166.73,542.643,26.79,24.56,43.35,1.48,7.99,30.88,0.87,2.55,304.0,Very Poor,False,True,False,False,False,True,False,False,False,False,False,True,False
2018-01-23,Gurugram,190.04,501.284,48.38,20.49,52.55,1.59,6.91,23.25,1.16,3.17,339.0,Very Poor,False,True,False,False,False,True,False,False,False,False,False,True,False
2018-01-24,Gurugram,176.41,459.925,49.55,19.16,60.25,1.54,6.21,14.67,1.76,4.44,343.0,Very Poor,False,True,False,False,False,True,False,False,False,False,False,True,False
2018-01-25,Gurugram,123.09,418.56600000000003,30.11,19.98,42.1,1.69,7.58,15.29,1.75,4.43,275.0,Poor,False,True,False,False,False,True,False,False,False,False,False,True,False
2018-01-26,Gurugram,148.06,377.207,35.95,21.07,48.77,1.71,7.61,14.25,1.74,4.43,271.0,Poor,False,True,False,False,False,True,False,False,False,False,False,True,False
2018-01-27,Gurugram,177.59,335.848,28.83,22.67,43.32,1.7,6.59,21.91,2.11,5.13,322.0,Very Poor,False,True,False,False,False,True,False,False,False,False,False,True,False
2018-01-28,Gurugram,166.12,294.489,39.67,21.79,46.68,1.5,7.24,15.62,2.1216483516483513,5.127680608365019,348.0,Very Poor,False,True,False,False,False,True,False,False,False,True,True,True,False
2018-01-29,Gurugram,200.38,253.13,52.22,19.5,47.68,1.58,11.87,19.58,2.133296703296703,5.125361216730038,375.0,Very Poor,False,False,False,False,False,True,False,False,False,True,True,True,False
2018-01-30,Gurugram,133.82,257.28,17.61,25.17,34.27,1.4,5.29,22.04,2.1449450549450546,5.123041825095057,309.0,Very Poor,False,False,False,False,False,True,False,False,False,True,True,True,False
2018-01-31,Gurugram,138.5,286.09,18.17,24.49,34.35,1.63,7.26,26.68,2.1565934065934065,5.120722433460076,292.0,Poor,False,False,False,False,False,True,False,False,False,True,True,True,False
2018-02-01,Gurugram,134.25,253.95,32.41,21.94,45.89,1.66,8.99,18.05,2.168241758241758,5.118403041825095,302.0,Very Poor,False,False,False,False,False,True,False,False,False,True,True,True,False
2018-02-02,Gurugram,162.5,351.43,39.61,20.99,46.27,1.52,6.69,20.04,2.17989010989011,5.116083650190114,328.0,Very Poor,False,False,False,False,False,True,False,False,False,True,True,True,False
2018-02-03,Gurugram,116.74,247.25,28.41,22.73,43.2,1.48,7.93,26.56,2.191538461538461,5.113764258555133,279.0,Poor,False,False,False,False,False,True,False,False,False,True,True,True,False
2018-02-04,Gurugram,125.94,276.56,21.47,22.13,36.43,1.44,8.47,33.25,2.203186813186813,5.111444866920152,257.0,Poor,False,False,False,False,False,True,False,False,False,True,True,True,False
2018-02-05,Gurugram,138.97,287.61,59.49,14.39,67.21,1.51,9.21,17.54,2.2148351648351645,5.109125475285171,288.0,Poor,False,False,False,False,False,True,False,False,False,True,True,True,False
2018-02-06,Gurugram,145.36,289.85,60.15,14.59,67.98,1.55,12.27,15.55,2.2264835164835164,5.10680608365019,316.0,Very Poor,False,False,False,False,False,True,False,False,False,True,True,True,False
2018-02-07,Gurugram,122.79,245.86,60.01,13.9,67.64,1.58,10.53,19.19,2.238131868131868,5.104486692015209,273.0,Poor,False,False,False,False,False,True,False,False,False,True,True,True,False
2018-02-08,Gurugram,162.47,298.95,60.59,14.57,68.33,1.52,12.6,14.92,2.2497802197802197,5.102167300380228,324.0,Very Poor,False,False,False,False,False,True,False,False,False,True,True,True,False
2018-02-09,Gurugram,186.96,401.91,61.09,14.73,68.91,1.89,11.09,19.09,2.261428571428571,5.099847908745247,345.0,Very Poor,False,False,False,False,False,True,False,False,False,True,True,True,False
2018-02-10,Gurugram,160.71,273.52,58.98,15.16,67.8,1.98,12.14,15.98,2.273076923076923,5.097528517110266,339.0,Very Poor,False,False,False,False,False,True,False,False,False,True,True,True,False
2018-02-11,Gurugram,139.72,247.37,60.99,13.5,68.14,1.81,10.05,15.6,,,324.0,Very Poor,False,False,False,False,False,True,False,False,False,True,True,True,False
2018-02-12,Gurugram,91.94,157.27,65.1,18.77,67.45,1.51,9.75,22.96,,,263.0,Poor,False,False,False,False,False,True,False,False,False,True,True,True,False
2018-02-13,Gurugram,101.11,151.24,9.28,19.12,17.6,1.63,7.11,37.9,,,196.0,Moderate,False,False,False,False,False,True,False,False,False,True,True,True,False
2018-02-14,Gurugram,106.08,123.5,11.5,40.25,26.86,0.88,1.71,57.6,,,272.0,Poor,False,False,False,False,False,True,False,False,False,True,True,True,False
2018-02-15,Gurugram,3.42,28.85,7.27,60.78,14.71,0.16,1.72625,96.25,,,266.0,Poor,False,False,False,False,False,True,False,True,False,True,True,True,False
2018-02-16,Gurugram,145.17,172.96,12.58,47.41,35.02,1.09,1.7425,80.2,,,319.0,Very Poor,False,False,False,False,False,True,False,True,False,True,True,True,False
2018-02-17,Gurugram,149.51,180.86,12.6,48.66,36.94,1.16,1.75875,84.97,,,324.0,Very Poor,False,False,False,False,False,True,False,True,False,True,True,True,False
2018-02-18,Gurugram,187.13,180.58,19.53,45.69,38.84,1.19,1.775,82.77,,,348.0,Very Poor,False,False,False,False,False,True,False,True,False,True,True,True,False
2018-02-19,Gurugram,206.73,236.1,29.5,27.81,23.78,0.67,1.79125,35.7,,,331.0,Very Poor,False,False,False,False,False,True,False,True,False,True,True,True,False
2018-02-20,Gurugram,196.983,234.09199999999998,28.512,29.351,11.43,0.7210000000000001,1.8075,39.504000000000005,,,,,True,True,True,True,False,True,True,True,True,True,True,True,True
2018-02-21,Gurugram,187.236,232.084,27.524,30.892,11.89,0.772,1.82375,43.308,,,,,True,True,True,True,False,True,True,True,True,True,True,True,True
2018-02-22,Gurugram,177.489,230.076,26.536,32.433,11.44,0.823,1.84,47.112,,,,,True,True,True,True,False,True,True,False,True,True,True,True,True
2018-02-23,Gurugram,167.742,228.068,25.548000000000002,33.974,11.96,0.874,1.69,50.916,,,,,True,True,True,True,False,True,True,True,True,True,True,True,True
2018-02-24,Gurugram,157.995,226.06,24.560000000000002,35.515,12.01,0.925,1.54,54.72,,,,,True,True,True,True,False,True,True,False,True,True,True,True,True
2018-02-25,Gurugram,148.248,224.052,23.572,37.056,15.23,0.976,1.550909090909091,58.524,,,,,True,True,True,True,False,True,True,True,True,True,True,True,True
2018-02-26,Gurugram,138.501,222.044,22.584,38.597,14.0,1.027,1.5618181818181818,62.327999999999996,,,,,True,True,True,True,False,True,True,True,True,True,True,True,True
2018-02-27,Gurugram,128.75400000000002,220.036,21.596,40.138,15.12,1.0779999999999998,1.5727272727272728,66.13199999999999,,,,,True,True,True,True,False,True,True,True,True,True,True,True,True
2018-02-28,Gurugram,119.007,218.02800000000002,20.608,41.679,16.23,1.129,1.5836363636363637,69.93599999999999,,,,,True,True,True,True,False,True,True,True,True,True,True,True,True
2018-03-01,Gurugram,109.26,216.02,19.62,43.22,38.51,1.18,1.5945454545454545,73.74,,,287.0,Poor,False,False,False,False,False,True,False,True,False,True,True,True,False
2018-03-02,Gurugram,102.12,167.04,16.01,49.83,41.11,1.25,1.6054545454545455,88.2,,,264.0,Poor,False,False,False,False,False,True,False,True,False,True,True,True,False
2018-03-03,Gurugram,93.67,166.32,13.82,45.8,38.18,1.18,1.6163636363636362,78.94,,,231.0,Poor,False,False,False,False,False,True,False,True,False,True,True,True,False
2018-03-04,Gurugram,75.85,160.73,17.13,41.31,37.47,1.16,1.6272727272727272,68.28,,,219.0,Poor,False,False,False,False,False,True,False,True,False,True,True,True,False
2018-03-05,Gurugram,73.09,149.89,16.59,43.05,37.86,1.06,1.6381818181818182,59.01,,,156.0,Moderate,False,False,False,False,False,True,False,True,False,True,True,True,False
2018-03-06,Gurugram,63.42,120.31,12.38,47.72,38.13,1.01,1.649090909090909,81.88,,,149.0,Moderate,False,False,False,False,False,True,False,True,False,True,True,True,False
2018-03-07,Gurugram,53.53,132.16,11.77,49.61,38.72,1.02,1.66,82.67,,,165.0,Moderate,False,False,False,False,False,True,False,False,False,True,True,True,False
2018-03-08,Gurugram,65.2,147.01,16.7,46.74,39.61,1.1,1.679090909090909,85.47,,,200.0,Moderate,False,False,False,False,False,True,False,True,False,True,True,True,False
2018-03-09,Gurugram,109.0,191.52,17.25,46.58,39.96,1.18,1.6981818181818182,83.67,,,244.0,Poor,False,False,False,False,False,True,False,True,False,True,True,True,False
2018-03-10,Gurugram,63.36,152.3,16.46,45.04,38.64,1.15,1.7172727272727273,74.93,,,190.0,Moderate,False,False,False,False,False,True,False,True,False,True,True,True,False
2018-03-11,Gurugram,61.22,150.21,9.25,52.91,38.98,1.12,1.7363636363636363,94.86,,,173.0,Moderate,False,False,False,False,False,True,False,True,False,True,True,True,False
2018-03-12,Gurugram,76.06,179.26,17.74,46.3,40.14,1.15,1.7554545454545454,85.33,,,199.0,Moderate,False,False,False,False,False,True,False,True,False,True,True,True,False
2018-03-13,Gurugram,75.25,173.32,26.5,45.01,44.0,1.15,1.7745454545454546,82.93,,,201.0,Poor,False,False,False,False,False,True,False,True,False,True,True,True,False
2018-03-14,Gurugram,62.68,191.47,13.71,49.8,40.01,1.14,1.7936363636363637,84.76,,,188.0,Moderate,False,False,False,False,False,True,False,True,False,True,True,True,False
2018-03-15,Gurugram,68.85,212.52,16.18,41.28,36.91,1.12,1.8127272727272727,62.35,,,179.0,Moderate,False,False,False,False,False,True,False,True,False,True,True,True,False
2018-03-16,Gurugram,81.59,199.15,18.42,44.67,39.87,1.13,1.831818181818182,81.13,,,200.0,Moderate,False,False,False,False,False,True,False,True,False,True,True,True,False
2018-03-17,Gurugram,78.71,153.74,11.23,50.49,38.99,0.74,1.850909090909091,82.7,,,208.0,Poor,False,False,False,False,False,True,False,True,False,True,True,True,False
2018-03-18,Gurugram,72.49,136.34,18.48,36.15,35.48,0.758,1.87,47.61,,,172.0,Moderate,False,False,False,False,False,True,True,False,False,True,True,True,False
2018-03-19,Gurugram,67.09,137.64,22.37,34.26,36.5,0.776,4.043333333333333,45.17,,,122.0,Moderate,False,False,False,False,False,True,True,True,False,True,True,True,False
2018-03-20,Gurugram,90.64,167.07,25.31,36.81,39.18,0.7939999999999999,6.216666666666666,51.7,,,161.0,Moderate,False,False,False,False,False,True,True,True,False,True,True,True,False
2018-03-21,Gurugram,92.37,206.58,23.4,37.25,42.08,0.8119999999999999,8.39,50.95,,,207.0,Poor,False,False,False,False,False,True,True,True,False,True,True,True,False
2018-03-22,Gurugram,81.66,169.67,16.7,40.39,51.23,0.83,10.563333333333333,58.44,,,189.0,Moderate,False,False,False,False,False,True,False,True,False,True,True,True,False
2018-03-23,Gurugram,63.59,138.47,11.11,45.21,50.73,1.09,12.736666666666665,68.66,,,148.0,Moderate,False,False,False,False,False,True,False,True,False,True,True,True,False
2018-03-24,Gurugram,76.62,174.86,14.28,44.52,49.23,1.14,14.91,71.22,,,160.0,Moderate,False,False,False,False,False,True,False,True,False,True,True,True,False
2018-03-25,Gurugram,68.55,158.38,10.07,48.32,55.89,1.27,17.083333333333332,77.31,,,151.0,Moderate,False,False,False,False,False,True,False,True,False,True,True,True,False
2018-03-26,Gurugram,87.43,178.87,13.27,46.26,42.81,0.75,19.256666666666664,73.81,,,156.0,Moderate,False,False,False,False,False,True,False,True,False,True,True,True,False
2018-03-27,Gurugram,81.94,189.2,22.28,37.89,38.17,0.75,21.43,57.27,,,182.0,Moderate,False,False,False,False,False,True,False,False,False,True,True,True,False
2018-03-28,Gurugram,88.11,189.37,27.51,38.23,41.26,0.83,21.493548387096773,58.31,,,191.0,Moderate,False,False,False,False,False,True,False,True,False,True,True,True,False
2018-03-29,Gurugram,85.46,177.84,37.18,22.82,38.52,1.09,21.55709677419355,21.45,,,168.0,Moderate,False,False,False,False,False,True,False,True,False,True,True,True,False
2018-03-30,Gurugram,84.54,198.49,37.27,21.1,37.68,1.68,21.620645161290323,18.33,,,186.0,Moderate,False,False,False,False,False,True,False,True,False,True,True,True,False
2018-03-31,Gurugram,94.97,237.63,36.03,19.05,35.97,1.66,21.684193548387096,14.95,,,210.0,Poor,False,False,False,False,False,True,False,True,False,True,True,True,False
2018-04-01,Gurugram,100.59,161.19,31.51,19.5,33.96,2.53,21.74774193548387,14.64,,,208.0,Poor,False,False,False,False,False,True,False,True,False,True,True,True,False
2018-04-02,Gurugram,58.41,128.53,33.14,21.92,32.93,1.61,21.811290322580646,16.42,,,173.0,Moderate,False,False,False,False,False,True,False,True,False,True,True,True,False
2018-04-03,Gurugram,85.98,186.86,33.06,18.88,34.23,1.6,21.87483870967742,15.76,,,148.0,Moderate,False,False,False,False,False,True,False,True,False,True,True,True,False
2018-04-04,Gurugram,97.55,211.96,35.92,19.24,35.87,1.61,21.938387096774193,15.85,,,204.0,Poor,False,False,False,False,False,True,False,True,False,True,True,True,False
2018-04-05,Gurugram,119.78,264.98,30.36,20.31,33.29,1.6,22.001935483870966,17.55,,,288.0,Poor,False,False,False,False,False,True,False,True,False,True,True,True,False
2018-04-06,Gurugram,73.01,179.57,30.8,20.93,34.08,1.33,22.065483870967743,17.84,,,220.0,Poor,False,False,False,False,False,True,False,True,False,True,True,True,False
2018-04-07,Gurugram,87.35,147.11,33.0,19.17,27.18,1.52,22.129032258064516,13.89,,,143.0,Moderate,False,False,False,False,False,True,False,True,False,True,True,True,False
2018-04-08,Gurugram,58.59,137.91,38.29,17.28,36.65,2.73,22.19258064516129,11.54,,,148.0,Moderate,False,False,False,False,False,True,False,True,False,True,True,True,False
2018-04-09,Gurugram,43.74,105.56,40.93,16.65,37.7,2.57,22.256129032258062,10.69,,,145.0,Moderate,False,False,False,False,False,True,False,True,False,True,True,True,False
2018-04-10,Gurugram,83.55,229.71,37.13,17.64,36.08,2.54,22.31967741935484,12.04,,,153.0,Moderate,False,False,False,False,False,True,False,True,False,True,True,True,False
2018-04-11,Gurugram,40.73,112.53,39.11,17.12,34.55,2.16,,11.33,,,159.0,Moderate,False,False,False,False,False,True,False,True,False,True,True,True,False
2018-04-12,Gurugram,20.24,80.31,37.97,18.24,36.87,2.32,,12.83,,,141.0,Moderate,False,False,False,False,False,True,False,True,False,True,True,True,False
2018-04-13,Gurugram,10.0,146.19,34.05,18.93,35.35,2.49,,13.9,,,145.0,Moderate,False,False,False,False,False,True,False,True,False,True,True,True,False
2018-04-14,Gurugram,59.32,191.56,30.68,20.76,34.69,2.79,,17.01,,,153.0,Moderate,False,False,False,False,False,True,False,True,False,True,True,True,False
2018-04-15,Gurugram,125.49,185.32,35.74,18.12,35.72,2.89,,12.71,,,261.0,Poor,False,False,False,False,False,True,False,True,False,True,True,True,False
2018-04-16,Gurugram,198.61,313.55,34.18,18.46,35.1,2.96,,13.16,,,323.0,Very Poor,False,False,False,False,False,True,False,True,False,True,True,True,False
2018-04-17,Gurugram,159.44,253.36,41.45,16.45,23.47,0.83,,10.41,,,359.0,Very Poor,False,False,False,False,False,True,False,True,False,True,True,True,False
2018-04-18,Gurugram,122.305,252.305,34.70166666666667,53.93166666666667,17.57,0.698,,17.878333333333334,,,,,True,True,True,True,False,True,True,True,True,True,True,True,True
2018-04-19,Gurugram,85.17,251.25,27.953333333333337,91.41333333333334,17.35,0.5660000000000001,,25.34666666666667,,,,,True,True,True,True,False,True,True,True,True,True,True,True,True
2018-04-20,Gurugram,48.035,250.195,21.205000000000002,128.895,17.22,0.434,,32.815,,,,,True,True,True,True,False,True,True,True,True,True,True,True,True
2018-04-21,Gurugram,10.9,249.14,14.45666666666667,166.37666666666667,17.8,0.30200000000000005,,40.28333333333334,,,,,False,False,True,True,False,True,True,True,True,True,True,True,True
2018-04-22,Gurugram,40.76,203.33,7.708333333333336,203.85833333333332,17.61,0.17,,47.751666666666665,,,173.0,Moderate,False,False,True,True,False,True,False,True,True,True,True,True,False
2018-04-23,Gurugram,60.44,194.22,0.96,241.34,27.0,0.41,,55.22,,,165.0,Moderate,False,False,False,False,False,True,False,True,False,True,True,True,False
2018-04-24,Gurugram,76.49,235.17,0.75,123.27,16.76,0.3,,38.39,,,182.0,Moderate,False,False,False,True,False,True,False,True,False,True,True,True,False
2018-04-25,Gurugram,79.18,185.39,74.38,5.2,19.61,0.83,,33.58,,,179.0,Moderate,False,False,False,False,False,True,False,True,False,True,True,True,False
2018-04-26,Gurugram,59.79,170.98,22.24,2.45,16.01,0.17,,15.75,,,174.0,Moderate,False,False,False,False,False,True,False,True,False,True,True,True,False
2018-04-27,Gurugram,32.02,192.8125,3.43,4.04,14.87,0.07,23.4,23.68,,,,,False,True,False,False,False,True,False,False,False,True,True,True,True
2018-04-28,Gurugram,49.21333333333334,214.645,5.115,5.573333333333334,14.61,0.0,17.8175,29.186666666666667,3.17,,,,True,True,True,True,False,True,False,True,True,False,True,True,True
2018-04-29,Gurugram,66.40666666666667,236.47750000000002,6.8,7.106666666666667,13.03,0.0,12.235,34.693333333333335,3.71,,,,True,True,False,True,False,True,False,True,True,False,True,True,True
2018-04-30,Gurugram,83.6,258.31,12.25,8.64,15.11,0.03,6.6525,40.2,3.36,,,,False,False,False,False,False,True,False,True,False,False,True,True,True
2018-05-01,Gurugram,57.47,137.77,13.16,12.64,20.18,0.22,1.07,30.91,1.93,,136.0,Moderate,False,False,False,False,False,True,False,False,False,False,True,True,False
2018-05-02,Gurugram,59.63,158.02,12.59,12.5,19.35,0.12,1.1056521739130436,29.73,1.35,,126.0,Moderate,False,False,False,False,False,True,False,True,False,False,True,True,False
2018-05-03,Gurugram,42.96,96.02,13.65,16.8,23.56,0.1,1.141304347826087,23.55,1.37,,122.0,Moderate,False,False,False,False,False,True,False,True,False,False,True,True,False
2018-05-04,Gurugram,38.57,83.46,13.16,16.46,21.7,0.11,1.1769565217391305,32.58,2.82,,94.0,Satisfactory,False,False,False,False,False,True,False,True,False,False,True,True,False
2018-05-05,Gurugram,65.96,140.45,12.3,14.6,20.77,0.16,1.212608695652174,29.43,66.41,,105.0,Moderate,False,False,False,False,False,True,False,True,False,False,True,True,False
2018-05-06,Gurugram,110.32,233.09,13.15,17.81,24.4,0.29,1.2482608695652173,18.77,142.0,,251.0,Poor,False,False,False,False,False,True,False,True,False,False,True,True,False
2018-05-07,Gurugram,118.2,267.02,11.4,16.28,21.25,0.24,1.2839130434782609,17.42,62.72,,181.0,Moderate,False,False,False,False,False,True,False,True,False,False,True,True,False
2018-05-08,Gurugram,94.7,150.69,11.44,17.43,21.63,0.16,1.3195652173913044,25.42,4.34,,208.0,Poor,False,False,False,False,False,True,False,True,False,False,True,True,False
2018-05-09,Gurugram,81.48,116.99,14.05,20.86,27.43,0.22,1.3552173913043477,24.76,0.71,,125.0,Moderate,False,False,False,False,False,True,False,True,False,False,True,True,False
2018-05-10,Gurugram,95.96,161.19,15.81,21.97,30.1,0.28,1.3908695652173912,28.8,1.01,,176.0,Moderate,False,False,False,False,False,True,False,True,False,False,True,True,False
2018-05-11,Gurugram,146.92,298.27,16.23,23.26,31.79,0.4,1.4265217391304348,27.12,2.06,,290.0,Poor,False,False,False,False,False,True,False,True,False,False,True,True,False
2018-05-12,Gurugram,173.13,376.01,17.19,23.65,32.9,0.46,1.462173913043478,36.24,1.95,,322.0,Very Poor,False,False,False,False,False,True,False,True,False,False,True,True,False
2018-05-13,Gurugram,143.86,201.51,20.66,23.83,32.8,0.35,1.4978260869565216,30.11,0.75,,300.0,Poor,False,False,False,False,False,True,False,True,False,False,True,True,False
2018-05-14,Gurugram,64.77,193.84,11.32,23.42,23.37,0.28,1.5334782608695652,31.38,0.54,,148.0,Moderate,False,False,False,False,False,True,False,True,False,False,True,True,False
2018-05-15,Gurugram,80.06,239.66,11.86,24.07,24.49,0.29,1.5691304347826087,31.58,0.83,,,,False,False,False,False,False,True,False,True,False,False,True,True,True
2018-05-16,Gurugram,139.53,396.69,15.13,24.1,30.64,0.41,,23.65,0.6,,126.0,Moderate,False,False,False,False,False,True,False,True,False,False,True,True,False
2018-05-17,Gurugram,141.26,280.83,15.53,27.83,30.91,0.39,,28.44,0.69,,214.0,Poor,False,False,False,False,False,True,False,True,False,False,True,True,False
2018-05-18,Gurugram,108.65,224.03,14.49,27.5,25.29,0.24,,33.79,1.27,,231.0,Poor,False,False,False,False,False,True,False,True,False,False,True,True,False
2018-05-19,Gurugram,125.5,188.75,18.36,29.13,36.24,0.52,,19.13,1.27,,258.0,Poor,False,False,False,False,False,True,False,True,False,False,True,True,False
2018-05-20,Gurugram,86.98,219.14,15.85,28.77,33.69,0.5,,22.31,0.91,,165.0,Moderate,False,False,False,False,False,True,False,True,False,False,True,True,False
2018-05-21,Gurugram,92.98,203.56,11.2,25.72,27.96,0.54,,24.93,0.65,,167.0,Moderate,False,False,False,False,False,True,False,True,False,False,True,True,False
2018-05-22,Gurugram,106.83,215.18,14.3,27.54,28.02,0.57,,27.7,1.06,,174.0,Moderate,False,False,False,False,False,True,False,True,False,False,True,True,False
2018-05-23,Gurugram,163.89,386.66,8.88,27.3,20.65,0.13,,47.92,2.65,,274.0,Poor,False,False,False,False,False,True,False,True,False,False,True,True,False
2018-05-24,Gurugram,132.65,283.76000000000005,8.81,27.39,19.27,0.08,1.89,33.9,1.37,,320.0,Very Poor,False,True,False,False,False,True,False,False,True,False,True,True,False
2018-05-25,Gurugram,127.06,180.86,9.33,28.58,23.38,0.25,1.71,19.88,1.31,,308.0,Very Poor,False,False,False,False,False,True,False,False,False,False,True,True,False
2018-05-26,Gurugram,110.31,183.75,15.37,37.96,44.35,0.75,2.62,22.34,1.85,,289.0,Poor,False,False,False,False,False,True,False,False,False,False,True,True,False
2018-05-27,Gurugram,154.28,175.09,28.59,38.3,50.94,0.66,2.37,19.37,0.82,,253.0,Poor,False,False,False,False,False,True,False,False,False,False,True,True,False
2018-05-28,Gurugram,130.49,224.05,10.41,30.64,28.45,0.48,1.67,41.57,2.53,,279.0,Poor,False,False,False,False,False,True,False,False,False,False,True,True,False
2018-05-29,Gurugram,154.59,248.04,13.06,33.08,37.17,0.82,1.93,36.16,1.66,,323.0,Very Poor,False,False,False,False,False,True,False,False,False,False,True,True,False
2018-05-30,Gurugram,115.04,210.3,13.93,28.38,35.11,0.69,1.14,37.31,0.19,,296.0,Poor,False,False,False,False,False,True,False,False,False,False,True,True,False
2018-05-31,Gurugram,98.26,169.52,14.85,31.75,38.16,0.8,1.47,27.83,0.57,,242.0,Poor,False,False,False,False,False,True,False,False,False,False,True,True,False
2018-06-01,Gurugram,110.07,228.87,14.69,27.94,33.6,0.81,1.19,40.98,0.45,,216.0,Poor,False,False,False,False,False,True,False,False,False,False,True,True,False
2018-06-02,Gurugram,75.9,145.61,14.59,27.59,33.13,0.75,0.87,47.83,0.08,,236.0,Poor,False,False,False,False,False,True,False,False,False,False,True,True,False
2018-06-03,Gurugram,65.38,130.7,14.69,27.61,33.23,0.82,1.14,44.26,0.06,,132.0,Moderate,False,False,False,False,False,True,False,False,False,False,True,True,False
2018-06-04,Gurugram,82.98,159.65,15.56,26.74,33.93,0.82,0.98,43.96,0.19,,144.0,Moderate,False,False,False,False,False,True,False,False,False,False,True,True,False
2018-06-05,Gurugram,69.94,134.44,17.08,24.67,35.36,0.8,1.05,40.79,0.07,,162.0,Moderate,False,False,False,False,False,True,False,False,False,False,True,True,False
2018-06-06,Gurugram,75.87,148.17,18.53,26.52,38.65,0.82,1.11,32.66,0.22,,146.0,Moderate,False,False,False,False,False,True,False,False,False,False,True,True,False
2018-06-07,Gurugram,76.26,139.54,19.39,28.71,41.03,0.77,0.99,37.78,0.32,,150.0,Moderate,False,False,False,False,False,True,False,False,False,False,True,True,False
2018-06-08,Gurugram,89.34,140.15286956521737,6.81,22.45,17.45,0.1,0.87,47.58,0.17,,165.0,Moderate,False,True,False,False,False,True,False,False,False,False,True,True,False
2018-06-09,Gurugram,93.2,140.76573913043478,7.18,23.33,19.35,0.11,1.07,32.4,0.06,,182.0,Moderate,False,True,False,False,False,True,False,False,False,False,True,True,False
2018-06-10,Gurugram,50.85,141.37860869565216,7.77,25.38,23.51,0.08,1.2,25.9,0.13,,168.0,Moderate,False,True,False,False,False,True,False,False,False,False,True,True,False
2018-06-11,Gurugram,85.68,141.99147826086957,7.7,24.04,23.0,0.07,1.06,35.87,0.23,,130.0,Moderate,False,True,False,False,False,True,False,False,False,False,True,True,False
2018-06-12,Gurugram,252.23,142.60434782608695,9.86,25.31,24.1,0.08,1.26,22.91,0.23,,283.0,Poor,False,True,False,False,False,True,False,False,False,False,True,True,False
2018-06-13,Gurugram,551.86,143.21721739130433,11.62,28.12,25.49,0.04,1.02,21.26,0.0,,519.0,Severe,False,True,False,False,False,True,False,False,False,False,True,True,False
2018-06-14,Gurugram,479.75,143.83008695652174,11.49,27.75,25.2,0.05,1.39,24.58,0.02,,670.0,Severe,False,True,False,False,False,True,False,False,False,False,True,True,False
2018-06-15,Gurugram,376.76,144.44295652173912,12.73,26.97,25.98,0.29,1.17,25.87,0.03,,531.0,Severe,False,True,False,False,False,True,False,False,False,False,True,True,False
2018-06-16,Gurugram,230.26,145.05582608695653,13.41,27.12,27.51,0.13,1.01,22.69,0.02,,414.0,Severe,False,True,False,False,False,True,False,False,False,False,True,True,False
2018-06-17,Gurugram,219.43,145.6686956521739,12.55,24.32,27.55,0.74,0.95,32.94,0.01,,385.0,Very Poor,False,True,False,False,False,True,False,False,False,False,True,True,False
2018-06-18,Gurugram,141.54,146.2815652173913,11.13,23.53,26.97,1.06,1.46,38.3,0.11,,329.0,Very Poor,False,True,False,False,False,True,False,False,False,False,True,True,False
2018-06-19,Gurugram,119.39,146.8944347826087,10.59,22.3,26.53,0.97,7.53,47.44,0.08,,302.0,Very Poor,False,True,False,False,False,True,False,False,False,False,True,True,False
2018-06-20,Gurugram,173.6,147.50730434782608,10.58,21.56,26.12,1.33,10.0,43.45,0.33,,325.0,Very Poor,False,True,False,False,False,True,False,False,False,False,True,True,False
2018-06-21,Gurugram,251.28,148.12017391304346,9.65,21.66,24.77,1.49,9.26,65.28,0.12,,393.0,Very Poor,False,True,False,False,False,True,False,False,False,False,True,True,False
2018-06-22,Gurugram,153.17,,8.62,19.53,21.51,1.32,11.77,58.19,0.43,,348.0,Very Poor,False,True,False,False,False,True,False,False,False,False,True,True,False
2018-06-23,Gurugram,171.14,,8.46,19.98,21.61,1.93,9.36,57.77,0.4,,324.0,Very Poor,False,True,False,False,False,True,False,False,False,False,True,True,False
2018-06-24,Gurugram,84.28,,8.55,21.91,22.7,0.66,5.81,40.94,0.26,,283.0,Poor,False,True,False,False,False,True,False,False,False,False,True,True,False
2018-06-25,Gurugram,121.95,,8.69,21.85,22.77,0.83,6.9,29.65,0.11,,241.0,Poor,False,True,False,False,False,True,False,False,False,False,True,True,False
2018-06-26,Gurugram,77.99,,8.71,22.0,22.87,0.78,7.59,20.82,0.1125,,254.0,Poor,False,True,False,False,False,True,False,False,False,True,True,True,False
2018-06-27,Gurugram,44.56,,8.39,19.69,21.43,0.79,7.14,42.95,0.115,,99.0,Satisfactory,False,True,False,False,False,True,False,False,False,True,True,True,False
2018-06-28,Gurugram,59.65,,8.58,20.66,22.07,1.97,4.55,26.08,0.11750000000000001,,135.0,Moderate,False,True,False,False,False,True,False,False,False,True,True,True,False
2018-06-29,Gurugram,40.69,,8.44,21.7,22.5,1.12,5.64,21.58,0.12,,106.0,Moderate,False,True,False,False,False,True,False,False,False,True,True,True,False
2018-06-30,Gurugram,37.45,,8.55,21.64,22.57,0.81,5.84,20.93,0.1225,,86.0,Satisfactory,False,True,False,False,False,True,False,False,False,True,True,True,False
2018-07-01,Gurugram,37.7,,8.49,21.38,22.37,0.9,6.38,24.7,0.125,,76.0,Satisfactory,False,True,False,False,False,True,False,False,False,True,True,True,False
2018-07-02,Gurugram,43.68,,8.58,21.42,22.46,1.11,6.02,22.89,0.1275,,103.0,Moderate,False,True,False,False,False,True,False,False,False,True,True,True,False
2018-07-03,Gurugram,47.39,,8.59,21.69,22.62,0.88,6.09,28.91,0.13,,102.0,Moderate,False,True,False,False,False,True,False,False,False,False,True,True,False
2018-07-04,Gurugram,54.79,,8.75,21.43,22.61,0.62,10.57,30.06,0.56,,93.0,Satisfactory,False,True,False,False,False,True,False,False,False,False,True,True,False
2018-07-05,Gurugram,60.75,,8.53,21.37,22.4,0.63,6.24,26.33,0.43,,95.0,Satisfactory,False,True,False,False,False,True,False,False,False,False,True,True,False
2018-07-06,Gurugram,70.27,,8.42,21.7,22.48,0.59,4.22,33.35,0.41,,114.0,Moderate,False,True,False,False,False,True,False,False,False,False,True,True,False
2018-07-07,Gurugram,66.14,,8.68,21.25,22.46,0.65,2.54,43.61,0.46,,133.0,Moderate,False,True,False,False,False,True,False,False,False,False,True,True,False
2018-07-08,Gurugram,79.13,,8.46,21.09,22.2,0.75,4.24,40.61,1.47,,162.0,Moderate,False,True,False,False,False,True,False,False,False,False,True,True,False
2018-07-09,Gurugram,113.08,,8.39,21.29,22.24,0.85,4.59,36.0,0.51,,216.0,Poor,False,True,False,False,False,True,False,False,False,False,True,True,False
2018-07-10,Gurugram,58.97,,8.51,21.43,22.43,0.85,4.42,29.89,0.24,,174.0,Moderate,False,True,False,False,False,True,False,False,False,False,True,True,False
2018-07-11,Gurugram,57.75,,8.62,21.14,22.35,0.77,5.09,27.5,0.18,,96.0,Satisfactory,False,True,False,False,False,True,False,False,False,False,True,True,False
2018-07-12,Gurugram,70.54,,8.59,23.22,22.53,0.46,4.87,28.76,2.06,,115.0,Moderate,False,True,False,False,False,True,False,False,False,False,True,True,False
2018-07-13,Gurugram,43.08,,8.56,25.72,22.6,0.46,4.36,22.25,0.77,,104.0,Moderate,False,True,False,False,False,True,False,False,False,False,True,True,False
2018-07-14,Gurugram,34.01,,8.68,25.79,22.73,0.65,7.64,30.65,1.29,,68.0,Satisfactory,False,True,False,False,False,True,False,False,False,False,True,True,False
2018-07-15,Gurugram,30.95,,8.56,25.5,22.5,0.83,5.6,25.44,0.06,,84.0,Satisfactory,False,True,False,False,False,True,False,False,False,False,True,True,False
2018-07-16,Gurugram,54.23,,8.5,25.9,22.65,0.68,6.91,21.33,0.93,,83.0,Satisfactory,False,True,False,False,False,True,False,False,False,False,True,True,False
2018-07-17,Gurugram,56.42,,8.81,26.12,22.89,0.77,6.83,25.31,0.84,,103.0,Moderate,False,True,False,False,False,True,False,False,False,False,True,True,False
2018-07-18,Gurugram,61.74,,8.89,25.57,22.93,0.7,6.6,29.14,0.8,,116.0,Moderate,False,True,False,False,False,True,False,False,False,False,True,True,False
2018-07-19,Gurugram,53.97,,8.54,25.49,22.47,0.65,5.66,24.94,0.51,,96.0,Satisfactory,False,True,False,False,False,True,False,False,False,False,True,True,False
2018-07-20,Gurugram,63.78,,8.51,25.86,22.64,0.76,5.68,26.85,0.44,,92.0,Satisfactory,False,True,False,False,False,True,False,False,False,False,True,True,False
2018-07-21,Gurugram,61.81,,8.66,25.94,22.8,0.89,5.98,27.51,1.22,,120.0,Moderate,False,True,False,False,False,True,False,False,False,False,True,True,False
2018-07-22,Gurugram,35.71,,8.56,26.01,22.76,0.56,5.45,18.23,0.14,,80.0,Satisfactory,False,True,False,False,False,True,False,False,False,False,True,True,False
2018-07-23,Gurugram,46.01,,8.74,25.64,22.7,0.59,6.09,17.47,0.66,,84.0,Satisfactory,False,True,False,False,False,True,False,False,False,False,True,True,False
2018-07-24,Gurugram,70.47,,8.49,25.69,22.54,1.1,6.07,40.1,0.25,,140.0,Moderate,False,True,False,False,False,True,False,False,False,False,True,True,False
2018-07-25,Gurugram,55.24,,8.44,25.97,22.63,0.54,6.0,15.22,0.17,,113.0,Moderate,False,True,False,False,False,True,False,False,False,False,True,True,False
2018-07-26,Gurugram,47.38,,8.77,26.04,22.94,0.58,5.14,15.08,0.18,,87.0,Satisfactory,False,True,False,False,False,True,False,False,False,False,True,True,False
2018-07-27,Gurugram,24.77,,8.76,25.44,22.45,0.57,5.5,16.21,0.23,,75.0,Satisfactory,False,True,False,False,False,True,False,False,False,False,True,True,False
2018-07-28,Gurugram,31.09,,8.9,24.98,22.54,0.49,5.46,20.04,0.15,,45.0,Good,False,True,False,False,False,True,False,False,False,False,True,True,False
2018-07-29,Gurugram,53.09,,8.54,24.84,22.11,0.52,5.2,20.81,0.1,,68.0,Satisfactory,False,True,False,False,False,True,False,False,False,False,True,True,False
2018-07-30,Gurugram,63.41,,8.52,24.81,22.1,0.59,5.36,20.75,0.07,,109.0,Moderate,False,True,False,False,False,True,False,False,False,False,True,True,False
2018-07-31,Gurugram,67.55,,8.71,25.08,22.39,0.63,6.05,18.83,0.07,,112.0,Moderate,False,True,False,False,False,True,False,False,False,False,True,True,False
2018-08-01,Gurugram,77.4,,8.7,26.66,21.46,0.91,5.1,18.01,0.15,,138.0,Moderate,False,True,False,False,False,True,False,False,False,False,True,True,False
2018-08-02,Gurugram,126.74,,8.69,25.24,22.46,0.55,6.17,17.7,0.22,,242.0,Poor,False,True,False,False,False,True,False,False,False,False,True,True,False
2018-08-03,Gurugram,120.1,,9.66,26.08,23.49,0.66,6.97,15.7,0.21,,307.0,Very Poor,False,True,False,False,False,True,False,False,False,False,True,True,False
2018-08-04,Gurugram,171.29,,8.74,25.0,22.37,0.55,6.21,16.8,0.19,,303.0,Very Poor,False,True,False,False,False,True,False,False,False,False,True,True,False
2018-08-05,Gurugram,155.55,,8.66,24.98,22.3,0.54,5.54,16.13,0.05,,339.0,Very Poor,False,True,False,False,False,True,False,False,False,False,True,True,False
2018-08-06,Gurugram,69.07,,8.78,24.97,22.4,0.51,5.87,25.39,0.58,,271.0,Poor,False,True,False,False,False,True,False,False,False,False,True,True,False
2018-08-07,Gurugram,62.79,,8.61,24.78,22.15,1.0,6.23,21.61,0.54,,114.0,Moderate,False,True,False,False,False,True,False,False,False,False,True,True,False
2018-08-08,Gurugram,47.14,,8.57,24.92,22.2,0.74,5.77,18.05,0.32,,93.0,Satisfactory,False,True,False,False,False,True,False,False,False,False,True,True,False
2018-08-09,Gurugram,43.7,,11.133333333333333,26.623333333333335,24.751666666666665,0.49,6.03,22.17,0.25,,75.0,Satisfactory,False,True,True,True,True,True,False,False,False,False,True,True,False
2018-08-10,Gurugram,59.37,,13.696666666666667,28.326666666666668,27.30333333333333,0.57,6.54,16.42,0.48,,86.0,Satisfactory,False,True,True,True,True,True,False,False,False,False,True,True,False
2018-08-11,Gurugram,56.05,,16.259999999999998,30.03,29.854999999999997,0.51,5.99,18.74,0.02,,96.0,Satisfactory,False,True,True,True,True,True,False,False,False,False,True,True,False
2018-08-12,Gurugram,67.48,,18.823333333333334,31.733333333333334,32.406666666666666,0.49,5.57,14.74,0.57,,118.0,Moderate,False,True,True,True,True,True,False,False,False,True,True,True,False
2018-08-13,Gurugram,69.78,,21.386666666666667,33.43666666666667,34.95833333333333,0.38,5.41,18.7,1.1199999999999999,,111.0,Moderate,False,True,True,True,True,True,False,False,False,True,True,True,False
2018-08-14,Gurugram,71.72,,23.95,35.14,37.51,0.63,8.02,15.67,1.67,,110.0,Moderate,False,True,False,False,False,True,False,False,False,True,True,True,False
2018-08-15,Gurugram,76.99,,17.15,17.04,22.59,0.38,3.43,17.99,2.2199999999999998,,196.0,Moderate,False,True,False,False,False,True,False,False,False,True,True,True,False
2018-08-16,Gurugram,49.45,,20.6,19.73,26.8,0.54,5.8,14.45,2.77,,96.0,Satisfactory,False,True,False,False,False,True,False,False,False,True,True,True,False
2018-08-17,Gurugram,43.04,,23.72,15.87,27.13,0.46,6.89,22.69,3.32,,89.0,Satisfactory,False,True,False,False,False,True,False,False,False,False,True,True,False
2018-08-18,Gurugram,45.82,,14.58,14.49,19.25,0.61,5.72,22.53,2.07,,73.0,Satisfactory,False,True,False,False,False,True,False,False,False,False,True,True,False
2018-08-19,Gurugram,53.09,,18.76,14.15,22.43,0.56,6.39,20.61,2.24,,86.0,Satisfactory,False,True,False,False,False,True,False,False,False,False,True,True,False
2018-08-20,Gurugram,90.54,,21.7,26.81,30.16,0.58,6.64,29.08,2.57,,144.0,Moderate,False,True,False,False,False,True,False,False,False,False,True,True,False
2018-08-21,Gurugram,54.44,,10.68,24.04,19.01,0.54,6.08,18.51,1.36,,139.0,Moderate,False,True,False,False,False,True,False,False,False,False,True,True,False
2018-08-22,Gurugram,49.61,,11.32,22.49,18.73,0.52,4.73,20.18,1.53,,105.0,Moderate,False,True,False,False,False,True,False,False,False,False,True,True,False
2018-08-23,Gurugram,44.46,,6.36,17.19,11.98,0.54,4.89,15.07,0.79,,72.0,Satisfactory,False,True,False,False,False,True,False,False,False,False,True,True,False
2018-08-24,Gurugram,46.65,,8.89,18.89,14.8,0.6,5.4,17.66,1.01,,76.0,Satisfactory,False,True,False,False,False,True,False,False,False,False,True,True,False
2018-08-25,Gurugram,47.6,,6.74,21.4,14.49,0.43,5.45,15.02,0.54,,84.0,Satisfactory,False,True,False,False,False,True,False,False,False,False,True,True,False
2018-08-26,Gurugram,43.06,,4.22,18.1,10.72,0.46,5.25,18.76,0.47,,75.0,Satisfactory,False,True,False,False,False,True,False,False,False,False,True,True,False
2018-08-27,Gurugram,37.73,,16.69,31.51,27.74,0.49,7.06,24.53,2.54,,80.0,Satisfactory,False,True,False,False,False,True,False,False,False,False,True,True,False
2018-08-28,Gurugram,46.43,,15.2,25.01,23.11,0.59,5.13,16.38,1.69,,69.0,Satisfactory,False,True,False,False,False,True,False,False,False,False,True,True,False
2018-08-29,Gurugram,31.39,,14.87,21.34,20.32,0.59,5.82,12.21,1.48,,77.0,Satisfactory,False,True,False,False,False,True,False,False,False,False,True,True,False
2018-08-30,Gurugram,51.98,,28.45,17.24,29.33,0.58,5.7,13.96,1.76,,72.0,Satisfactory,False,True,False,False,False,True,False,False,False,False,True,True,False
2018-08-31,Gurugram,74.94,,12.93,20.75,18.9,0.61,6.12,16.1,0.83,,133.0,Moderate,False,True,False,False,False,True,False,False,False,False,True,True,False
2018-09-01,Gurugram,48.51,,24.7,19.63,27.92,0.58,9.27,12.89,1.61,,143.0,Moderate,False,True,False,False,False,True,False,False,False,False,True,True,False
2018-09-02,Gurugram,48.03,,5.11,12.48,2.64,0.15,5.59,19.13,0.0,,,,False,True,False,False,False,True,False,False,False,False,True,True,True
2018-09-03,Gurugram,36.14,,15.74,24.62,2.83,0.06,5.64,28.59,0.34,,,,False,True,False,False,False,True,False,False,False,False,True,True,True
2018-09-04,Gurugram,48.54,,14.31,23.85,21.83,0.29,7.03,10.58,1.79,,,,False,True,False,False,False,True,False,False,False,False,True,True,True
2018-09-05,Gurugram,58.0,,24.5,18.1,26.5,0.66,6.62,7.535,1.67,,86.0,Satisfactory,False,True,False,False,False,True,False,False,True,False,True,True,False
2018-09-06,Gurugram,68.13,,25.56,20.05,27.96,0.56,7.47,4.49,0.52,,123.0,Moderate,False,True,False,False,False,True,False,False,False,False,True,True,False
2018-09-07,Gurugram,28.75,,32.82,31.05,41.02,0.66,8.15,12.98,2.2,,92.0,Satisfactory,False,True,False,False,False,True,False,False,False,False,True,True,False
2018-09-08,Gurugram,27.69,,34.87,23.91,39.42,0.29,5.64,8.25,4.74,,70.0,Satisfactory,False,True,False,False,False,True,False,False,False,False,True,True,False
2018-09-09,Gurugram,19.99,,18.3,15.52,22.76,0.58,3.37,10.42,2.19,,56.0,Satisfactory,False,True,False,False,False,True,False,False,False,False,True,True,False
2018-09-10,Gurugram,29.08,,29.71,20.6,33.85,0.46,4.67,4.05,2.03,,50.0,Good,False,True,False,False,False,True,False,False,False,False,True,True,False
2018-09-11,Gurugram,35.14,,23.27,17.62,27.83,0.46,7.45,5.34,2.31,,59.0,Satisfactory,False,True,False,False,False,True,False,False,False,False,True,True,False
2018-09-12,Gurugram,39.06,,21.85,19.36,27.61,0.38,8.03,7.86,2.35,,62.0,Satisfactory,False,True,False,False,False,True,False,False,False,False,True,True,False
2018-09-13,Gurugram,42.36,,21.27,19.48,27.27,0.52,6.71,6.67,2.69,,70.0,Satisfactory,False,True,False,False,False,True,False,False,False,False,True,True,False
2018-09-14,Gurugram,44.35,,18.06,20.25,23.71,0.41,5.57,9.5,2.16,,77.0,Satisfactory,False,True,False,False,False,True,False,False,False,False,True,True,False
2018-09-15,Gurugram,58.03666666666666,,15.623333333333333,20.463333333333335,22.183333333333334,0.38,6.140000000000001,17.939999999999998,2.3733333333333335,,,,True,True,True,True,True,True,True,True,True,True,True,True,True
2018-09-16,Gurugram,71.72333333333333,,13.186666666666667,20.676666666666666,20.656666666666666,0.35,6.71,26.38,2.5866666666666664,,,,True,True,True,True,True,True,True,True,True,True,True,True,True
2018-09-17,Gurugram,85.41,,10.75,20.89,19.13,0.32,7.28,34.82,2.8,,,,False,True,False,False,False,True,False,False,False,False,True,True,True
2018-09-18,Gurugram,226.56,,9.1,21.96,18.6,0.51,7.74,28.13,2.24,,301.0,Very Poor,False,True,False,False,False,True,False,False,False,False,True,True,False
2018-09-19,Gurugram,108.71,,19.52,31.51,32.09,0.53,7.16,30.05,2.58,,350.0,Very Poor,False,True,False,False,False,True,False,False,False,False,True,True,False
2018-09-20,Gurugram,226.92,,33.08,40.48,34.7,0.29,6.92,43.1,2.6,,346.0,Very Poor,False,True,False,False,False,True,False,False,False,False,True,True,False
2018-09-21,Gurugram,42.58,,13.59,24.47,11.74,0.29,6.43,22.07,0.34,,,,False,True,False,False,False,True,False,False,False,False,True,True,True
2018-09-22,Gurugram,44.86,,11.43,19.75,19.46,0.47,7.59,15.9,0.23,,76.0,Satisfactory,False,True,False,False,False,True,False,False,False,False,True,True,False
2018-09-23,Gurugram,60.29,,9.11,18.79,17.11,0.37,6.21,22.5,0.04,,85.0,Satisfactory,False,True,False,False,False,True,False,False,False,False,True,True,False
2018-09-24,Gurugram,34.16,,17.03,18.37,23.23,0.41,6.08,5.87,0.66,,82.0,Satisfactory,False,True,False,False,False,True,False,False,False,False,True,True,False
2018-09-25,Gurugram,54.14,,12.54,16.72,16.16,0.72,5.84,24.72,0.56,,58.0,Satisfactory,False,True,False,False,False,True,False,False,False,False,True,True,False
2018-09-26,Gurugram,46.65,,13.67,22.99,21.29,0.46,6.72,20.99,0.85,,79.0,Satisfactory,False,True,False,False,False,True,False,False,False,False,True,True,False
2018-09-27,Gurugram,93.9,,73.61,26.56,70.92,0.6,8.45,22.57,3.49,,152.0,Moderate,False,True,False,False,False,True,False,False,False,False,True,True,False
2018-09-28,Gurugram,122.28,,84.91,31.23,83.88,0.52,7.96,17.28,3.85,,263.0,Poor,False,True,False,False,False,True,False,False,False,False,True,True,False
2018-09-29,Gurugram,138.86,,67.31,27.57,65.16,0.16,7.91,32.54,2.37,,320.0,Very Poor,False,True,False,False,False,True,False,False,False,False,True,True,False
2018-09-30,Gurugram,81.18,210.02,19.59,22.71,32.88,0.72,3.57,36.9,0.99,,211.0,Poor,False,False,False,False,False,True,False,False,False,False,True,True,False
2018-10-01,Gurugram,73.69,217.73,24.34,27.4,40.85,0.83,4.36,34.57,1.46,,183.0,Moderate,False,False,False,False,False,True,False,False,False,False,True,True,False
2018-10-02,Gurugram,94.13,213.48,32.48,27.21,48.97,0.85,4.22,36.78,1.74,,199.0,Moderate,False,False,False,False,False,True,False,False,False,False,True,True,False
2018-10-03,Gurugram,79.82,183.93,35.03,17.98,35.37,0.86,6.03,36.83,2.24,,193.0,Moderate,False,False,False,False,False,True,False,False,False,False,True,True,False
2018-10-04,Gurugram,109.59,196.31,48.64,17.15,33.63,1.05,6.63,40.47,3.48,,240.0,Poor,False,False,False,False,False,True,False,False,False,False,True,True,False
2018-10-05,Gurugram,157.04,261.61,47.53,16.88,31.71,1.51,10.76,54.69,4.11,,286.0,Poor,False,False,False,False,False,True,False,False,False,False,True,True,False
2018-10-06,Gurugram,117.02,236.07,45.18,16.42,30.3,0.8,8.04,37.65,2.18,,307.0,Very Poor,False,False,False,False,False,True,False,False,False,False,True,True,False
2018-10-07,Gurugram,109.68,258.34,46.91,16.92,34.05,0.81,14.16,46.08,2.93,,254.0,Poor,False,False,False,False,False,True,False,False,False,False,True,True,False
2018-10-08,Gurugram,139.15,309.92,33.51,34.39,48.43,1.02,7.41,52.99,2.48,,280.0,Poor,False,False,False,False,False,True,False,False,False,False,True,True,False
2018-10-09,Gurugram,136.28,237.1,9.61,55.75,32.18,1.0,8.6,54.83,3.0,,316.0,Very Poor,False,False,False,False,False,True,False,False,False,False,True,True,False
2018-10-10,Gurugram,96.1,186.32,13.37,57.05,46.78,0.99,7.52,50.92,2.61,,284.0,Poor,False,False,False,False,False,True,False,False,False,False,True,True,False
2018-10-11,Gurugram,110.19,196.54,9.56,55.87,32.21,0.8,5.18,33.5,2.77,,245.0,Poor,False,False,False,False,False,True,False,False,False,False,True,True,False
2018-10-12,Gurugram,134.13,164.1,11.78,52.45,42.69,0.97,6.96,39.27,2.47,,242.0,Poor,False,False,False,False,False,True,False,False,False,False,True,True,False
2018-10-13,Gurugram,133.97,242.65,18.27,44.26,51.07,1.03,8.38,43.81,2.89,,295.0,Poor,False,False,False,False,False,True,False,False,False,False,True,True,False
2018-10-14,Gurugram,134.47,224.57,12.72,47.0,49.09,0.93,6.27,44.61,1.66,,293.0,Poor,False,False,False,False,False,True,False,False,False,False,True,True,False
2018-10-15,Gurugram,121.49,278.45,7.39,56.2,56.83,1.34,8.42,47.56,2.64,,256.0,Poor,False,False,False,False,False,True,False,False,False,False,True,True,False
2018-10-16,Gurugram,112.43,265.07,4.85,54.17,56.72,1.48,9.15,46.87,3.4000000000000004,,295.0,Poor,False,False,False,False,False,True,False,True,False,True,True,True,False
2018-10-17,Gurugram,147.66,279.22,46.65,57.27,74.91,1.44,9.88,39.77,4.16,4.52,301.0,Very Poor,False,False,False,False,False,True,False,False,False,False,False,True,False
2018-10-18,Gurugram,162.48,271.89,73.25,59.73,84.59,1.0,9.53,32.67,4.12,4.02,329.0,Very Poor,False,False,False,False,False,True,False,False,False,False,False,True,False
2018-10-19,Gurugram,159.55,292.22,10.98,32.5,28.09,0.96,7.43,47.01,2.75,2.63,317.0,Very Poor,False,False,False,False,False,True,False,False,False,False,False,True,False
2018-10-20,Gurugram,192.38,338.49,31.54,39.28,42.7,1.11,10.96,41.02,5.67,3.78,362.0,Very Poor,False,False,False,False,False,True,False,False,False,False,False,True,False
2018-10-21,Gurugram,233.09,288.47,17.62,28.98,28.19,1.24,8.66,37.66,3.61,3.63,386.0,Very Poor,False,False,False,False,False,True,False,False,False,False,False,True,False
2018-10-22,Gurugram,126.27,251.38,18.57,30.62,32.5,1.27,8.25,34.98,2.24,1.99,315.0,Very Poor,False,False,False,False,False,True,False,False,False,False,False,True,False
2018-10-23,Gurugram,147.67,262.3,76.36,42.88,71.55,1.02,15.08,32.8,4.7,7.21,307.0,Very Poor,False,False,False,False,False,True,False,False,False,False,False,True,False
2018-10-24,Gurugram,176.23,320.25,68.66,43.77,67.95,1.09,9.78,40.98,4.66,4.25,329.0,Very Poor,False,False,False,False,False,True,False,False,False,False,False,True,False
2018-10-25,Gurugram,200.56,305.58,69.9,63.88,83.16,1.1,12.77,40.18,5.17,4.1,347.0,Very Poor,False,False,False,False,False,True,False,False,False,False,False,True,False
2018-10-26,Gurugram,227.62,284.845,130.58,104.13,159.19,0.99,14.27,22.88,6.31,4.77,375.0,Very Poor,False,True,False,False,False,True,False,False,False,False,False,True,False
2018-10-27,Gurugram,222.63,264.11,155.9,68.92,165.51,1.1,12.69,40.89,7.36,4.87,390.0,Very Poor,False,False,False,False,False,True,False,False,False,False,False,True,False
2018-10-28,Gurugram,244.57,342.22,59.94,40.73,76.44,0.85,12.22,39.85,5.42,5.0,393.0,Very Poor,False,False,False,False,False,True,False,False,False,False,False,True,False
2018-10-29,Gurugram,231.84,333.34,51.47,41.14,69.51,0.84,12.27,34.63,5.81,5.98,380.0,Very Poor,False,False,False,False,False,True,False,False,False,False,False,True,False
2018-10-30,Gurugram,271.91,354.56,83.44,57.25,103.44,1.11,16.35,38.91,6.27,8.41,407.0,Severe,False,False,False,False,False,True,False,False,False,False,False,True,False
2018-10-31,Gurugram,246.16,306.31,79.5,54.83,99.21,0.95,11.77,35.83,6.29,4.3,400.0,Very Poor,False,False,False,False,False,True,False,False,False,False,False,True,False
2018-11-01,Gurugram,236.55,280.89,87.83,49.81,103.8,1.01,13.67,39.88,6.59,5.11,402.0,Severe,False,False,False,False,False,True,False,False,False,False,False,True,False
2018-11-02,Gurugram,218.31,317.43,32.13,40.28,55.94,0.77,10.39,46.08,2.83,3.73,382.0,Very Poor,False,False,False,False,False,True,False,False,False,False,False,True,False
2018-11-03,Gurugram,178.76,295.81,22.84,18.37,36.75,0.89,7.5,56.68,3.64,5.16,360.0,Very Poor,False,False,False,False,False,True,False,False,False,False,False,True,False
2018-11-04,Gurugram,112.17,177.09,29.12,14.74,38.22,0.63,9.21,55.2,1.49,2.04,288.0,Poor,False,False,False,False,False,True,False,False,False,False,False,True,False
2018-11-05,Gurugram,279.25,494.66,26.46,27.22,38.42,0.83,12.66,32.01,2.97,6.39,359.0,Very Poor,False,False,False,False,False,True,False,False,False,False,False,True,False
2018-11-06,Gurugram,161.84,286.56,25.33,24.28,36.53,1.11,10.0,44.16,1.84,4.44,379.0,Very Poor,False,False,False,False,False,True,False,False,False,False,False,True,False
2018-11-07,Gurugram,122.69,229.87,37.39,29.92,49.35,1.0,9.13,45.72,2.67,5.46,279.0,Poor,False,False,False,False,False,True,False,False,False,False,False,True,False
2018-11-08,Gurugram,274.14,323.94,82.89,52.77,97.71,1.55,19.95,31.18,7.39,13.8,366.0,Very Poor,False,False,False,False,False,True,False,False,False,False,False,True,False
2018-11-09,Gurugram,254.56,341.94,90.85,47.71,102.08,1.07,12.53,34.78,9.65,19.97,420.0,Severe,False,False,False,False,False,True,False,False,False,False,False,True,False
2018-11-10,Gurugram,234.57,378.33,75.93,56.69,95.46,0.89,10.78,33.8,7.32,20.1,386.0,Very Poor,False,False,False,False,False,True,False,False,False,False,False,True,False
2018-11-11,Gurugram,186.09,317.01,55.3,55.8,78.16,0.92,12.31,38.34,4.76,11.56,375.0,Very Poor,False,False,False,False,False,True,False,False,False,False,False,True,False
2018-11-12,Gurugram,163.74,343.01,80.05,70.85,106.59,1.06,14.47,33.9,6.32,17.16,321.0,Very Poor,False,False,False,False,False,True,False,False,False,False,False,True,False
2018-11-13,Gurugram,198.94,356.89,57.37,63.71,84.26,0.93,10.42,27.92,5.65,15.31,339.0,Very Poor,False,False,False,False,False,True,False,False,False,False,False,True,False
2018-11-14,Gurugram,115.37,195.14,30.64,39.46,48.96,1.08,8.28,19.92,3.19,10.69,329.0,Very Poor,False,False,False,False,False,True,False,False,False,False,False,True,False
2018-11-15,Gurugram,99.24,155.21,28.51,29.47,43.01,0.95,7.72,21.79,2.61,9.0,227.0,Poor,False,False,False,False,False,True,False,False,False,False,False,True,False
2018-11-16,Gurugram,134.26,227.26,24.03,20.84,34.49,0.88,7.99,29.97,2.26,5.84,294.0,Poor,False,False,False,False,False,True,False,False,False,False,False,True,False
2018-11-17,Gurugram,123.66,218.88,37.35,30.37,50.81,0.91,10.88,27.47,2.76,8.83,260.0,Poor,False,False,False,False,False,True,False,False,False,False,False,True,False
2018-11-18,Gurugram,124.15,200.83,79.49,37.57,87.59,0.86,11.68,22.4,4.06,15.22,295.0,Poor,False,False,False,False,False,True,False,False,False,False,False,True,False
2018-11-19,Gurugram,147.1,261.71,26.71,22.95,38.99,0.88,12.94,42.72,2.27,6.41,289.0,Poor,False,False,False,False,False,True,False,False,False,False,False,True,False
2018-11-20,Gurugram,190.98,327.57,28.25,28.02,42.48,1.02,10.36,27.8,3.75,9.56,338.0,Very Poor,False,False,False,False,False,True,False,False,False,False,False,True,False
2018-11-21,Gurugram,194.91,355.08,34.09,31.2,47.97,1.15,11.32,21.4,4.37,12.38,375.0,Very Poor,False,False,False,False,False,True,False,False,False,False,False,True,False
2018-11-22,Gurugram,121.51,196.83,89.87,41.9,101.0,1.05,12.98,19.29,5.08,22.33,306.0,Very Poor,False,False,False,False,False,True,False,False,False,False,False,True,False
2018-11-23,Gurugram,159.05,262.39,55.28,30.75,73.75,0.83,10.09,29.13,6.31,20.47,318.0,Very Poor,False,False,False,False,False,True,False,False,False,False,False,True,False
2018-11-24,Gurugram,96.86,192.94,38.68,18.94,43.31,0.61,9.07,38.44,1.91,5.11,284.0,Poor,False,False,False,False,False,True,False,False,False,False,False,True,False
2018-11-25,Gurugram,125.26,239.99,72.64,32.79,88.16,0.41,12.57,45.71,2.45,5.09,272.0,Poor,False,False,False,False,False,True,False,False,False,False,False,True,False
2018-11-26,Gurugram,163.8,292.38,94.55,41.26,105.13,0.63,14.28,44.96,1.82,2.98,314.0,Very Poor,False,False,False,False,False,True,False,False,False,False,False,True,False
2018-11-27,Gurugram,149.7,229.99,123.11,39.19,128.72,0.89,13.85,41.87,1.806764705882353,2.8871875,337.0,Very Poor,False,False,False,False,False,True,False,False,False,True,True,True,False
2018-11-28,Gurugram,133.58,235.22,67.08,30.8,79.18,1.04,11.85,38.0,1.793529411764706,2.794375,277.0,Poor,False,False,False,False,False,True,False,False,False,True,True,True,False
2018-11-29,Gurugram,148.85,303.5,62.96,26.66,73.56,0.65,11.76,39.95,1.7802941176470588,2.7015625,295.0,Poor,False,False,False,False,False,True,False,False,False,True,True,True,False
2018-11-30,Gurugram,140.45,318.04,47.34,26.11,61.8,0.71,9.9,37.26,1.7670588235294118,2.60875,275.0,Poor,False,False,False,False,False,True,False,False,False,True,True,True,False
2018-12-01,Gurugram,119.25,255.28,70.22,26.8,80.82,0.81,12.73,36.36,1.7538235294117648,2.5159374999999997,267.0,Poor,False,False,False,False,False,True,False,False,False,True,True,True,False
2018-12-02,Gurugram,81.43,107.25,118.9,24.59,110.24,0.82,11.86,36.75,1.7405882352941178,2.4231249999999998,191.0,Moderate,False,False,False,False,False,True,False,False,False,True,True,True,False
2018-12-03,Gurugram,113.31,212.23,81.22,26.46,88.34,0.65,13.5,42.6,1.7273529411764708,2.3303125,222.0,Poor,False,False,False,False,False,True,False,False,False,True,True,True,False
2018-12-04,Gurugram,147.68,247.54,89.61,26.8,95.95,1.0,20.13,40.43,1.7141176470588235,2.2375,299.0,Poor,False,False,False,False,False,True,False,False,False,True,True,True,False
2018-12-05,Gurugram,144.35,276.72,66.62,21.89,62.99,0.7,11.2,18.37,1.7008823529411765,2.1446875,307.0,Very Poor,False,False,False,False,False,True,False,False,False,True,True,True,False
2018-12-06,Gurugram,174.45,263.58,87.11,22.51,64.2,0.62,21.96,11.67,1.6876470588235295,2.051875,339.0,Very Poor,False,False,False,False,False,True,False,False,False,True,True,True,False
2018-12-07,Gurugram,191.18,354.49,63.19,22.54,58.26,0.59,12.94,13.02,1.6744117647058825,1.9590625,369.0,Very Poor,False,False,False,False,False,True,False,False,False,True,True,True,False
2018-12-08,Gurugram,163.91,295.23,72.52,24.64,64.11,0.8,21.53,17.24,1.6611764705882353,1.8662499999999997,368.0,Very Poor,False,False,False,False,False,True,False,False,False,True,True,True,False
2018-12-09,Gurugram,161.45,345.6,93.83,25.46,98.12,0.96,13.18,18.39,1.6479411764705882,1.7734374999999998,280.0,Poor,False,False,False,False,False,True,False,False,False,True,True,True,False
2018-12-10,Gurugram,178.2,348.94,52.9,35.31,71.81,0.65,9.3,23.87,1.6347058823529412,1.6806249999999998,285.0,Poor,False,False,False,False,False,True,False,False,False,True,True,True,False
2018-12-11,Gurugram,230.83,345.64,8.08,51.35,44.93,0.67,12.0,33.31,,,377.0,Very Poor,False,False,False,False,False,True,False,False,False,True,True,True,False
2018-12-12,Gurugram,176.72,284.33,27.39,51.14,70.8,0.67,9.08,27.44,,,389.0,Very Poor,False,False,False,False,False,True,False,False,False,True,True,True,False
2018-12-13,Gurugram,87.31,166.85,11.18,32.39,31.62,0.68,9.14,23.86,,,222.0,Poor,False,False,False,False,False,True,False,False,False,True,True,True,False
2018-12-14,Gurugram,79.02,146.35,17.5,44.44,52.65,0.47,5.51,26.79,,,189.0,Moderate,False,False,False,False,False,True,False,False,False,True,True,True,False
2018-12-15,Gurugram,83.98,198.33,31.7,59.84,78.51,0.43,0.73,27.73,,,176.0,Moderate,False,False,False,False,False,True,False,False,False,True,True,True,False
2018-12-16,Gurugram,67.26,205.79,36.71,59.54,78.03,0.48,5.5,28.54,,,148.0,Moderate,False,False,False,False,False,True,False,False,False,True,True,True,False
2018-12-17,Gurugram,94.16,281.59,68.47,61.41,83.2,0.55,7.93,25.1,,,172.0,Moderate,False,False,False,False,False,True,False,False,False,True,True,True,False
2018-12-18,Gurugram,102.5,271.67,19.36,34.88,37.27,0.46,8.79,30.65,,,230.0,Poor,False,False,False,False,False,True,False,False,False,True,True,True,False
2018-12-19,Gurugram,105.02,256.6,49.07,47.71,69.79,0.4,14.62,30.66,,,210.0,Poor,False,False,False,False,False,True,False,False,False,True,True,True,False
2018-12-20,Gurugram,133.58,265.0,124.65,80.65,123.06,0.45,11.98,31.04,,,288.0,Poor,False,False,False,False,False,True,False,False,False,True,True,True,False
2018-12-21,Gurugram,112.7,430.89,110.23,79.05,129.67,0.49,11.16,32.6,,,276.0,Poor,False,False,False,False,False,True,False,False,False,True,True,True,False
2018-12-22,Gurugram,101.21,395.3333333333333,179.36,125.64,209.47,0.5,10.23,27.73,,,215.0,Poor,False,True,False,False,False,True,False,False,False,True,True,True,False
2018-12-23,Gurugram,128.34,359.77666666666664,118.37,87.78,140.63,0.48,9.3,34.89,,,292.0,Poor,False,True,False,False,False,True,False,False,False,True,True,True,False
2018-12-24,Gurugram,155.15,324.22,190.51,104.4,208.0,0.65,14.0,28.84,,,305.0,Very Poor,False,False,False,False,False,True,False,False,False,True,True,True,False
2018-12-25,Gurugram,177.18,422.25,28.74,40.53,44.35,0.43,8.0,28.69,,,362.0,Very Poor,False,False,False,False,False,True,False,False,False,True,True,True,False
2018-12-26,Gurugram,156.46,277.78,73.38,49.95,93.27,0.35,9.28,25.04,,,321.0,Very Poor,False,False,False,False,False,True,False,False,False,True,True,True,False
2018-12-27,Gurugram,166.81,249.36,70.99,46.58,87.64,0.37,16.54,26.76,,,327.0,Very Poor,False,False,False,False,False,True,False,False,False,True,True,True,False
2018-12-28,Gurugram,194.52,347.86,24.86,23.88,38.9,1.16,4.91,29.99,,0.01,353.0,Very Poor,False,False,False,False,False,True,False,False,False,True,False,True,False
2018-12-29,Gurugram,197.45,339.25,60.02,48.11,75.87,3.13,9.71,26.66,,0.03463414634146342,360.0,Very Poor,False,False,False,False,False,True,False,False,False,True,True,True,False
2018-12-30,Gurugram,304.47,303.52,124.47,80.68,126.95,1.71,35.77,26.9,,0.05926829268292683,423.0,Severe,False,False,False,False,False,True,False,False,False,True,True,True,False
2018-12-31,Gurugram,309.14,401.63,100.31,68.8,116.97,1.83,43.29,23.11,,0.08390243902439024,463.0,Severe,False,False,False,False,False,True,False,False,False,True,True,True,False
2019-01-01,Gurugram,296.93,359.69,100.38,58.38,116.46,1.2,31.63,23.92,,0.10853658536585366,450.0,Severe,False,False,False,False,False,True,False,False,False,True,True,True,False
2019-01-02,Gurugram,305.58,374.92,54.52,40.14,70.15,0.82,25.86,26.45,,0.13317073170731708,433.0,Severe,False,False,False,False,False,True,False,False,False,True,True,True,False
2019-01-03,Gurugram,314.48,447.79,57.78,39.5,72.59,1.48,27.05,22.61,,0.1578048780487805,462.0,Severe,False,False,False,False,False,True,False,False,False,True,True,True,False
2019-01-04,Gurugram,189.0,381.14,35.53,29.14,48.92,1.42,13.58,15.31,,0.18243902439024393,384.0,Very Poor,False,False,False,False,False,True,False,False,False,True,True,True,False
2019-01-05,Gurugram,218.77,408.1,33.49,31.7,48.71,1.32,22.35,20.82,,0.20707317073170733,392.0,Very Poor,False,False,False,False,False,True,False,False,False,True,True,True,False
2019-01-06,Gurugram,127.51,244.67,31.46,26.48,29.44,1.1,28.49,30.05,,0.23170731707317074,332.0,Very Poor,False,False,False,False,False,True,False,False,False,True,True,True,False
2019-01-07,Gurugram,127.98,242.82,16.41,20.86,28.2,0.97,17.6,20.97,,0.25634146341463415,279.0,Poor,False,False,False,False,False,True,False,False,False,True,True,True,False
2019-01-08,Gurugram,121.68,236.75,15.18,19.67,26.78,0.79,22.02,30.93,,0.2809756097560976,308.0,Very Poor,False,False,False,False,False,True,False,False,False,True,True,True,False
2019-01-09,Gurugram,100.59,204.36,12.37,19.23,24.48,0.76,18.62,38.85,,0.30560975609756097,271.0,Poor,False,False,False,False,False,True,False,False,False,True,True,True,False
2019-01-10,Gurugram,91.83,193.45,40.29,30.28,52.99,0.87,15.92,33.12,,0.3302439024390244,210.0,Poor,False,False,False,False,False,True,False,False,False,True,True,True,False
2019-01-11,Gurugram,179.83,321.81,95.96,69.1,100.88,1.06,18.72,33.27,,0.35487804878048784,313.0,Very Poor,False,False,False,False,False,True,False,False,False,True,True,True,False
2019-01-12,Gurugram,182.46,273.91,98.61,57.5,113.81,1.01,20.71,37.12,,,348.0,Very Poor,False,False,False,False,False,True,False,False,False,True,True,True,False
2019-01-13,Gurugram,175.61,392.23,40.47,33.49,49.53,1.12,21.44,39.99,,,342.0,Very Poor,False,False,False,False,False,True,False,False,False,True,True,True,False
2019-01-14,Gurugram,69.18,131.77,11.92,18.2,21.76,1.18,15.57,43.53,,,275.0,Poor,False,False,False,False,False,True,False,False,False,True,True,True,False
2019-01-15,Gurugram,83.4,217.13,23.74,24.77,31.82,1.1,13.77,41.79,,,135.0,Moderate,False,True,False,False,False,True,False,False,False,True,True,True,False
2019-01-16,Gurugram,163.92,302.49,117.84,63.23,131.36,1.48,10.28,33.66,,,298.0,Poor,False,False,False,False,False,True,False,False,False,True,True,True,False
2019-01-17,Gurugram,237.94,498.8,74.5,45.69,90.12,2.24,5.18,43.84,,,367.0,Very Poor,False,False,False,False,False,True,False,False,False,True,True,True,False
2019-01-18,Gurugram,176.96,370.39,36.06,29.56,51.25,1.81,9.18,31.96,,,405.0,Severe,False,False,False,False,False,True,False,False,False,True,True,True,False
2019-01-19,Gurugram,178.96,444.6,97.68,55.67,113.71,2.47,12.61,36.36,,,349.0,Very Poor,False,False,False,False,False,True,False,False,False,True,True,True,False
2019-01-20,Gurugram,136.27,291.785,84.84,54.29,102.62,2.83,7.55,35.48,,,328.0,Very Poor,False,True,False,False,False,True,False,False,False,True,True,True,False
2019-01-21,Gurugram,101.19,138.97,22.94,27.17,37.75,2.23,5.22,36.04,,,260.0,Poor,False,False,False,False,False,True,False,False,False,True,True,True,False
2019-01-22,Gurugram,51.48,70.62,31.98,24.07,24.91,1.91,5.35,32.21,,,143.0,Moderate,False,False,False,False,False,True,False,False,False,True,True,True,False
2019-01-23,Gurugram,105.71,212.62,23.99,21.02,25.04,2.84,6.7,26.46,,,153.0,Moderate,False,False,False,False,False,True,False,False,False,True,True,True,False
2019-01-24,Gurugram,114.82,194.17,20.8,23.48,31.22,2.31,6.31,28.39,,,294.0,Poor,False,False,False,False,False,True,False,False,False,True,True,True,False
2019-01-25,Gurugram,58.17,115.89,11.3,18.38,20.29,1.78,4.68,33.32,,,161.0,Moderate,False,False,False,False,False,True,False,False,False,True,True,True,False
2019-01-26,Gurugram,82.66,167.36,11.23,17.67,19.35,1.96,4.97,42.61,,,170.0,Moderate,False,False,False,False,False,True,False,False,False,True,True,True,False
2019-01-27,Gurugram,97.78,181.3,9.49,17.93,19.59,1.95,4.63,43.9,,,201.0,Poor,False,False,False,False,False,True,False,False,False,True,True,True,False
2019-01-28,Gurugram,97.11,151.06,21.68,34.71,31.22,1.81,5.6,53.27,,,213.0,Poor,False,False,False,False,False,True,False,False,False,True,True,True,False
2019-01-29,Gurugram,80.94,161.45,22.64,32.89,40.27,2.28,5.52,45.07,,,194.0,Moderate,False,False,False,False,False,True,False,False,False,True,True,True,False
2019-01-30,Gurugram,125.78,249.16,59.44,54.93,80.21,2.68,4.37,31.88,,,255.0,Poor,False,False,False,False,False,True,False,False,False,True,True,True,False
2019-01-31,Gurugram,129.19,171.03,58.67,56.86,80.06,2.47,6.28,35.82,,,309.0,Very Poor,False,False,False,False,False,True,False,False,False,True,True,True,False
2019-02-01,Gurugram,121.31,223.06,24.69,31.17,38.57,2.47,2.64,41.25,,,258.0,Poor,False,False,False,False,False,True,False,False,False,True,True,True,False
2019-02-02,Gurugram,117.86,241.0,17.74,21.52,28.01,2.02,4.0,29.17,,,302.0,Very Poor,False,False,False,False,False,True,False,False,False,True,True,True,False
2019-02-03,Gurugram,79.97,176.06,18.18,18.6,27.53,2.63,4.0,28.49,,,232.0,Poor,False,False,False,False,False,True,False,False,False,True,True,True,False
2019-02-04,Gurugram,90.9,175.62,47.21,29.19,57.66,2.86,4.27,29.86,,,205.0,Poor,False,False,False,False,False,True,False,False,False,True,True,True,False
2019-02-05,Gurugram,112.5,158.77,21.7,11.78,26.71,3.5,3.28,40.67,,,234.0,Poor,False,False,False,False,False,True,False,False,False,True,True,True,False
2019-02-06,Gurugram,98.51,192.74,18.87,95.41,70.74,0.46,3.27,33.39,,,269.0,Poor,False,False,False,False,False,True,False,False,False,True,True,True,False
2019-02-07,Gurugram,57.85,79.11,13.39,10.51,22.9,0.17,4.965,19.74,,,144.0,Moderate,False,False,False,False,False,True,False,True,False,True,True,True,False
2019-02-08,Gurugram,55.96,174.76,34.79,40.68,57.78,0.23,6.66,19.62,,,123.0,Moderate,False,False,False,False,False,True,False,False,False,True,True,True,False
2019-02-09,Gurugram,49.02,121.29,32.67,44.31,59.96,0.18,3.92,19.92,,,125.0,Moderate,False,False,False,False,False,True,False,False,False,True,True,True,False
2019-02-10,Gurugram,98.01,221.36,54.58,191.83,166.07,0.76,6.11,25.86,,,113.0,Moderate,False,False,False,False,False,True,False,False,False,True,True,True,False
2019-02-11,Gurugram,132.14,264.78,57.64,114.35,105.18,0.66,4.96,23.12,,,310.0,Very Poor,False,False,False,False,False,True,False,False,False,True,True,True,False
2019-02-12,Gurugram,144.74,317.26,85.69,132.8,131.79,0.77,6.33,28.27,,,302.0,Very Poor,False,False,False,False,False,True,False,False,False,True,True,True,False
2019-02-13,Gurugram,158.5,326.16,85.16,130.46,122.32,0.69,9.94,25.3,,,330.0,Very Poor,False,False,False,False,False,True,False,False,False,True,True,True,False
2019-02-14,Gurugram,112.92,234.32,15.09,125.36,69.57,0.45,5.89,30.56,,,306.0,Very Poor,False,False,False,False,False,True,False,False,False,True,True,True,False
2019-02-15,Gurugram,78.9,184.28,24.04,70.5,35.82,0.52,11.57,26.01,,,186.0,Moderate,False,False,False,False,False,True,False,False,False,True,True,True,False
2019-02-16,Gurugram,80.01,159.91,18.63,53.64,34.34,0.41,5.95,29.68,,,183.0,Moderate,False,False,False,False,False,True,False,False,False,True,True,True,False
2019-02-17,Gurugram,58.47,120.51,39.78,113.18,69.31,0.57,5.5,38.84,,,130.0,Moderate,False,False,False,False,False,True,False,False,False,True,True,True,False
2019-02-18,Gurugram,88.93,172.24,68.04,203.41,152.06,0.73,5.05,35.01,,,171.0,Moderate,False,True,False,False,False,True,False,False,False,True,True,True,False
2019-02-19,Gurugram,76.86,223.97,36.57,65.34,55.37,0.65,15.84,29.59,,,149.0,Moderate,False,False,False,False,False,True,False,False,False,True,True,True,False
2019-02-20,Gurugram,73.53,165.85,12.36,24.17,23.55,0.46,6.56,19.49,,,213.0,Poor,False,False,False,False,False,True,False,False,False,True,True,True,False
2019-02-21,Gurugram,48.94,138.82,10.3,20.75,21.12,0.45,9.19,31.01,,,111.0,Moderate,False,False,False,False,False,True,False,False,False,True,True,True,False
2019-02-22,Gurugram,49.22,115.91,5.97,12.79,13.66,0.42,12.3,34.53,,,120.0,Moderate,False,False,False,False,False,True,False,False,False,True,True,True,False
2019-02-23,Gurugram,36.87,88.1,7.38,13.88,14.99,0.49,15.09,50.53,,,90.0,Satisfactory,False,False,False,False,False,True,False,False,False,True,True,True,False
2019-02-24,Gurugram,51.22,129.97,9.49,16.17,17.77,0.51,11.36,46.54,,,103.0,Moderate,False,False,False,False,False,True,False,False,False,True,True,True,False
2019-02-25,Gurugram,78.68,168.92,22.07,24.22,32.74,0.47,14.82,38.18,,,157.0,Moderate,False,False,False,False,False,True,False,False,False,True,True,True,False
2019-02-26,Gurugram,41.41,93.91,12.04,23.54,24.96,0.41,26.83,36.35,,,108.0,Moderate,False,False,False,False,False,True,False,False,False,True,True,True,False
2019-02-27,Gurugram,36.88,77.26,11.01,21.61,23.8,0.46,27.58,35.91,,,86.0,Satisfactory,False,False,False,False,False,True,False,False,False,True,True,True,False
2019-02-28,Gurugram,55.34,123.54,23.18,22.95,34.97,0.42,35.53,33.43,,,103.0,Moderate,False,False,False,False,False,True,False,False,False,True,True,True,False
2019-03-01,Gurugram,66.43,168.92,12.3,23.22,26.61,0.32,37.24,31.94,,,137.0,Moderate,False,False,False,False,False,True,False,False,False,True,True,True,False
2019-03-02,Gurugram,73.98,163.48,16.06,30.6,32.88,0.45,38.39,17.01,,,155.0,Moderate,False,False,False,False,False,True,False,False,False,True,True,True,False
2019-03-03,Gurugram,31.97,54.32,11.76,21.15,17.69,0.41,17.31,25.43,,,104.0,Moderate,False,False,False,False,False,True,False,False,False,True,True,True,False
2019-03-04,Gurugram,63.58,133.36,25.41,16.76,21.96,0.38,21.72,28.39,,,100.0,Satisfactory,False,False,False,False,False,True,False,False,False,True,True,True,False
2019-03-05,Gurugram,39.9,103.11,10.29,13.99,13.49,0.39,14.56,31.28,,,100.0,Satisfactory,False,False,False,False,False,True,False,False,False,True,True,True,False
2019-03-06,Gurugram,51.93,130.58,15.69,12.69,19.61,0.33,12.14,29.85,,,90.0,Satisfactory,False,False,False,False,False,True,False,False,False,True,True,True,False
2019-03-07,Gurugram,74.89,180.75,21.31,15.05,25.76,0.28,11.51,33.94,,,149.0,Moderate,False,False,False,False,False,True,False,False,False,True,True,True,False
2019-03-08,Gurugram,66.24,174.95,20.85,18.99,27.46,0.31,8.07,30.34,,,154.0,Moderate,False,False,False,False,False,True,False,False,False,True,True,True,False
2019-03-09,Gurugram,65.44,155.62,16.76,8.74,15.19,0.19,5.67,35.3,,,153.0,Moderate,False,False,False,False,False,True,False,False,False,True,True,True,False
2019-03-10,Gurugram,45.61,132.72,9.38,10.67,13.64,0.2,2.97,44.13,,,107.0,Moderate,False,False,False,False,False,True,False,False,False,True,True,True,False
2019-03-11,Gurugram,63.7,176.12,17.9,11.68,20.27,0.26,3.85,42.08,,,136.0,Moderate,False,False,False,False,False,True,False,False,False,True,True,True,False
2019-03-12,Gurugram,59.86,116.73,12.78,8.37,13.06,0.21,5.02,31.76,,,126.0,Moderate,False,False,False,False,False,True,False,False,False,True,True,True,False
2019-03-13,Gurugram,75.29,233.06,11.32,11.13,15.49,0.3,2.15,25.59,,,145.0,Moderate,False,False,False,False,False,True,False,False,False,True,True,True,False
2019-03-14,Gurugram,93.38,217.93,16.62,8.36,18.49,0.37,0.83,22.05,,,245.0,Poor,False,False,False,False,False,True,False,False,False,True,True,True,False
2019-03-15,Gurugram,52.58,139.65,9.92,5.98,12.31,0.21,1.31,31.69,,,138.0,Moderate,False,False,False,False,False,True,False,False,False,True,True,True,False
2019-03-16,Gurugram,59.13,129.58,12.34,5.81,12.27,0.16,1.55,44.82,,,116.0,Moderate,False,False,False,False,False,True,False,False,False,True,True,True,False
2019-03-17,Gurugram,63.26,149.64,6.91,5.65,9.06,0.23,1.51,40.64,,,144.0,Moderate,False,False,False,False,False,True,False,False,False,True,True,True,False
2019-03-18,Gurugram,74.62,172.96,7.34,4.63,8.82,0.24,11.33,41.42,,,161.0,Moderate,False,False,False,False,False,True,False,False,False,True,True,True,False
2019-03-19,Gurugram,90.27,237.1,7.41,6.08,9.13,0.29,29.28,37.4,,,197.0,Moderate,False,False,False,False,False,True,False,False,False,True,True,True,False
2019-03-20,Gurugram,82.34,214.76,7.21,7.13,8.72,0.26,25.49,34.34,,,189.0,Moderate,False,False,False,False,False,True,False,False,False,True,True,True,False
2019-03-21,Gurugram,114.87,257.72,19.07,12.36,18.4,0.53,28.72,38.21,,,243.0,Poor,False,False,False,False,False,True,False,False,False,True,True,True,False
2019-03-22,Gurugram,43.44,124.72,6.62,7.56,6.93,0.13,14.21,33.52,,,144.0,Moderate,False,False,False,False,False,True,False,False,False,True,True,True,False
2019-03-23,Gurugram,52.37,86.44,13.08,8.98,9.72,0.2,21.99,36.25,,,99.0,Satisfactory,False,False,False,False,False,True,False,False,False,True,True,True,False
2019-03-24,Gurugram,43.6,151.22,5.47,8.65,7.28,0.16,15.36,31.38,,,103.0,Moderate,False,False,False,False,False,True,False,False,False,True,True,True,False
2019-03-25,Gurugram,49.62,143.81,5.83,8.46,7.3,0.19,16.21,25.93,,,114.0,Moderate,False,False,False,False,False,True,False,False,False,True,True,True,False
2019-03-26,Gurugram,58.85,156.68,5.28,8.17,8.79,0.22,13.16,32.12,,,119.0,Moderate,False,False,False,False,False,True,False,False,False,True,True,True,False
2019-03-27,Gurugram,60.18,168.05,6.11,8.58,7.62,0.21,15.87,33.04,,,127.0,Moderate,False,False,False,False,False,True,False,False,False,True,True,True,False
2019-03-28,Gurugram,86.86,195.91,6.05,8.7,7.63,0.3,17.8,28.29,,,193.0,Moderate,False,False,False,False,False,True,False,False,False,True,True,True,False
2019-03-29,Gurugram,98.42,257.46,7.9,8.79,10.49,0.59,18.22,29.86,,,230.0,Poor,False,False,False,False,False,True,False,False,False,True,True,True,False
2019-03-30,Gurugram,104.25,128.15,12.71,9.91,8.47,0.24,20.08,28.7,,,254.0,Poor,False,False,False,False,False,True,False,False,False,True,True,True,False
2019-03-31,Gurugram,62.86,148.69,8.72,9.79,12.09,0.2,12.89,31.86,,,193.0,Moderate,False,False,False,False,False,True,False,False,False,True,True,True,False
2019-04-01,Gurugram,45.22,150.52,7.49,7.96,8.69,0.16,14.3,36.66,,,114.0,Moderate,False,False,False,False,False,True,False,False,False,True,True,True,False
2019-04-02,Gurugram,76.87,181.59,7.6,8.46,9.03,0.21,13.35,36.84,,,161.0,Moderate,False,False,False,False,False,True,False,False,False,True,True,True,False
2019-04-03,Gurugram,78.55,150.53,14.26,9.11,8.35,0.38,11.42,27.0,,,183.0,Moderate,False,False,False,False,False,True,False,False,False,True,True,True,False
2019-04-04,Gurugram,100.22,262.82,7.89,8.57,7.03,0.7,7.39,33.02,,,187.0,Moderate,False,False,False,False,False,True,False,False,False,True,True,True,False
2019-04-05,Gurugram,120.41,260.63,11.6,8.96,13.47,0.68,4.02,37.04,,,260.0,Poor,False,False,False,False,False,True,False,False,False,True,True,True,False
2019-04-06,Gurugram,106.43,315.63,48.74,7.84,53.25,0.36,1.99,47.1,,,282.0,Poor,False,False,False,False,False,True,False,False,False,True,True,True,False
2019-04-07,Gurugram,164.12,392.61,45.7,8.83,47.33,0.33,9.62,34.7,,,312.0,Very Poor,False,False,False,False,False,True,False,False,False,True,True,True,False
2019-04-08,Gurugram,121.22,315.02,15.69,7.68,18.45,0.35,7.52,33.4,,,320.0,Very Poor,False,False,False,False,False,True,False,False,False,True,True,True,False
2019-04-09,Gurugram,92.34,212.31,46.99,8.57,48.55,0.35,7.55,37.7,,,243.0,Poor,False,False,False,False,False,True,False,False,False,True,True,True,False
2019-04-10,Gurugram,99.71,248.24,67.53,9.29,69.82,0.31,7.72,33.75,,,247.0,Poor,False,False,False,False,False,True,False,False,False,True,True,True,False
2019-04-11,Gurugram,82.16,194.48,78.05,8.56,79.67,0.26,5.1,27.93,0.02,,194.0,Moderate,False,False,False,False,False,True,False,False,False,False,True,True,False
2019-04-12,Gurugram,79.95,245.17,32.12,8.38,32.35,0.34,2.7,34.02,0.045789473684210526,,220.0,Poor,False,False,False,False,False,True,False,False,False,True,True,True,False
2019-04-13,Gurugram,59.13,184.49,10.22,9.29,7.74,0.66,2.82,28.19,0.07157894736842105,,180.0,Moderate,False,False,False,False,False,True,False,False,False,True,True,True,False
2019-04-14,Gurugram,57.02,215.35,11.42,13.92,18.25,0.51,2.64,28.71,0.09736842105263159,,140.0,Moderate,False,False,False,False,False,True,False,False,False,True,True,True,False
2019-04-15,Gurugram,65.08,200.13,11.19,13.85,17.94,0.58,3.38,26.62,0.1231578947368421,,166.0,Moderate,False,False,False,False,False,True,False,False,False,True,True,True,False
2019-04-16,Gurugram,98.06,201.19,23.92,28.75,23.74,0.51,3.39,28.01,0.14894736842105263,,257.0,Poor,False,False,False,False,False,True,False,False,False,True,True,True,False
2019-04-17,Gurugram,25.61,16.77,23.53,14.87,13.08,0.39,2.93,21.26,0.17473684210526316,,76.0,Satisfactory,False,False,False,False,False,True,False,False,False,True,True,True,False
2019-04-18,Gurugram,31.04,69.43,11.09,13.84,17.12,0.56,2.45,33.67,0.20052631578947366,,58.0,Satisfactory,False,False,False,False,False,True,False,False,False,True,True,True,False
2019-04-19,Gurugram,72.14,186.18,13.02,16.72,23.24,0.65,2.13,32.57,0.2263157894736842,,120.0,Moderate,False,False,False,False,False,True,False,False,False,True,True,True,False
2019-04-20,Gurugram,66.43,177.73,12.92,16.33,22.13,0.6,2.71,38.01,0.2521052631578947,,136.0,Moderate,False,False,False,False,False,True,False,False,False,True,True,True,False
2019-04-21,Gurugram,78.12,201.89,13.24,17.96,26.8,0.74,2.08,43.16,0.2778947368421053,,173.0,Moderate,False,False,False,False,False,True,False,False,False,True,True,True,False
2019-04-22,Gurugram,94.78,269.76,26.02,26.72,40.01,1.2,0.61,40.31,0.30368421052631583,,201.0,Poor,False,False,False,False,False,True,False,False,False,True,True,True,False
2019-04-23,Gurugram,98.54,308.24,17.9,22.09,30.4,0.71,3.36,33.78,0.32947368421052636,,234.0,Poor,False,False,False,False,False,True,False,False,False,True,True,True,False
2019-04-24,Gurugram,104.05,334.26,16.36,18.63,31.2,0.81,2.4,54.63,0.35526315789473684,,253.0,Poor,False,False,False,False,False,True,False,False,False,True,True,True,False
2019-04-25,Gurugram,103.59,378.49,15.75,17.83,29.34,0.84,4.65,53.23,0.38105263157894737,,313.0,Very Poor,False,False,False,False,False,True,False,False,False,True,True,True,False
2019-04-26,Gurugram,93.68,286.92,14.36,17.98,25.85,0.68,3.35,41.76,,,275.0,Poor,False,False,False,False,False,True,False,False,False,True,True,True,False
2019-04-27,Gurugram,95.22,392.91,14.29,18.44,26.53,0.55,3.4,38.66,,,296.0,Poor,False,False,False,False,False,True,False,False,False,True,True,True,False
2019-04-28,Gurugram,106.0,337.24,15.91,16.42,25.31,0.51,4.35,43.09,,,259.0,Poor,False,True,False,False,False,True,False,False,False,True,True,True,False
2019-04-29,Gurugram,111.49,281.57,14.23,16.91,24.14,0.66,5.08,36.38,,,261.0,Poor,False,False,False,False,False,True,False,False,False,True,True,True,False
2019-04-30,Gurugram,120.11,293.7,16.77,18.57,28.34,0.65,5.94,40.79,0.51,3.04,288.0,Poor,False,False,False,False,False,True,False,False,False,False,False,True,False
2019-05-01,Gurugram,139.89,395.05,16.74,19.29,28.96,0.71,4.01,59.08,0.0,0.27,309.0,Very Poor,False,False,False,False,False,True,False,False,False,False,False,True,False
2019-05-02,Gurugram,115.75,330.49,17.67,18.37,29.04,0.61,3.3,47.63,1.61,2.73,318.0,Very Poor,False,False,False,False,False,True,False,False,False,False,False,True,False
2019-05-03,Gurugram,62.53,148.15,17.73,17.47,28.1,0.55,3.76,53.69,1.604464285714286,2.7503571428571427,209.0,Poor,False,False,False,False,False,True,False,False,False,True,True,True,False
2019-05-04,Gurugram,83.48,194.57,27.13,30.37,56.6,0.84,3.9,45.01,1.5989285714285715,2.770714285714286,147.0,Moderate,False,False,False,False,False,True,False,False,False,True,True,True,False
2019-05-05,Gurugram,98.84,244.22,20.41,22.18,37.59,0.68,14.87,47.74,1.5933928571428573,2.7910714285714286,235.0,Poor,False,False,False,False,False,True,False,False,False,True,True,True,False
2019-05-06,Gurugram,111.45,254.27,18.26,20.54,31.8,0.61,8.12,43.13,1.5878571428571429,2.8114285714285714,230.0,Poor,False,False,False,False,False,True,False,False,False,True,True,True,False
2019-05-07,Gurugram,142.31,334.06,20.31,22.13,36.41,0.64,7.84,31.28,1.5823214285714287,2.831785714285714,297.0,Poor,False,False,False,False,False,True,False,False,False,True,True,True,False
2019-05-08,Gurugram,134.8,404.82,24.51,26.14,46.96,0.99,1.84,29.99,1.5767857142857145,2.8521428571428573,323.0,Very Poor,False,False,False,False,False,True,False,False,False,True,True,True,False
2019-05-09,Gurugram,147.45,513.33,15.98,17.58,26.7,0.63,55.43,33.11,1.57125,2.8725,395.0,Very Poor,False,False,False,False,False,True,False,False,False,True,True,True,False
2019-05-10,Gurugram,107.65,294.82,12.69,14.47,20.21,0.5,15.85,40.67,1.5657142857142858,2.892857142857143,354.0,Very Poor,False,False,False,False,False,True,False,False,False,True,True,True,False
2019-05-11,Gurugram,107.3,299.61,18.44,17.82,29.2,0.57,27.8,50.92,1.5601785714285714,2.9132142857142855,249.0,Poor,False,False,False,False,False,True,False,False,False,True,True,True,False
2019-05-12,Gurugram,228.22,425.76,19.03,18.58,31.75,0.71,23.35,51.64,1.5546428571428572,2.9335714285714287,367.0,Very Poor,False,False,False,False,False,True,False,False,False,True,True,True,False
2019-05-13,Gurugram,140.51,233.83,33.96,21.42,38.55,0.75,26.7,60.75,1.549107142857143,2.9539285714285715,344.0,Very Poor,False,False,False,False,False,True,False,False,False,True,True,True,False
2019-05-14,Gurugram,59.71,101.37,14.83,15.8,23.69,0.56,9.93,54.44,1.5435714285714286,2.974285714285714,164.0,Moderate,False,False,False,False,False,True,False,False,False,True,True,True,False
2019-05-15,Gurugram,79.01,160.23,16.31,17.11,25.86,0.61,15.92,41.87,1.5380357142857144,2.994642857142857,173.0,Moderate,False,False,False,False,False,True,False,False,False,True,True,True,False
2019-05-16,Gurugram,90.77,220.13,18.77,17.73,29.59,0.58,8.43,43.82,1.5325000000000002,3.015,163.0,Moderate,False,False,False,False,False,True,False,False,False,True,True,True,False
2019-05-17,Gurugram,94.42,234.31,26.94,21.48,41.11,0.53,11.12,36.83,,,227.0,Poor,False,False,False,False,False,True,False,False,False,True,True,True,False
2019-05-18,Gurugram,45.53,87.81,22.98,19.77,35.83,0.55,4.17,38.05,,,119.0,Moderate,False,False,False,False,False,True,False,False,False,True,True,True,False
2019-05-19,Gurugram,71.07,133.88,19.7,18.3,31.12,0.6,6.44,49.78,,,120.0,Moderate,False,False,False,False,False,True,False,False,False,True,True,True,False
2019-05-20,Gurugram,103.4,185.48,19.84,19.3,32.06,0.64,6.33,43.56,,,209.0,Poor,False,False,False,False,False,True,False,False,False,True,True,True,False
2019-05-21,Gurugram,85.19,169.96,19.27,18.82,31.07,0.61,6.77,44.3,,,192.0,Moderate,False,False,False,False,False,True,False,False,False,True,True,True,False
2019-05-22,Gurugram,79.2,172.15,19.15,18.85,31.09,0.64,6.53,31.52,,,167.0,Moderate,False,False,False,False,False,True,False,False,False,True,True,True,False
2019-05-23,Gurugram,89.14,172.04,20.16,19.79,33.09,0.65,5.92,43.19,,,195.0,Moderate,False,False,False,False,False,True,False,False,False,True,True,True,False
2019-05-24,Gurugram,49.57,103.97,20.81,19.46,33.02,0.59,5.47,38.42,,,132.0,Moderate,False,False,False,False,False,True,False,False,False,True,True,True,False
2019-05-25,Gurugram,48.27,95.77,22.65,19.3,34.98,0.52,3.02,49.63,,,89.0,Satisfactory,False,False,False,False,False,True,False,False,False,True,True,True,False
2019-05-26,Gurugram,61.49,122.82,21.01,18.81,32.75,0.55,14.94,51.54,,,96.0,Satisfactory,False,False,False,False,False,True,False,False,False,True,True,True,False
2019-05-27,Gurugram,70.89,140.86,24.54,22.86,42.65,0.6,9.71,43.77,,,120.0,Moderate,False,False,False,False,False,True,False,False,False,True,True,True,False
2019-05-28,Gurugram,72.5,143.32,23.65,31.98,49.11,0.6,15.42,52.3,,,163.0,Moderate,False,False,False,False,False,True,False,False,False,True,True,True,False
2019-05-29,Gurugram,80.45,162.23,32.32,44.55,58.69,0.58,15.22,63.14,,,157.0,Moderate,False,False,False,False,False,True,False,False,False,True,True,True,False
2019-05-30,Gurugram,123.0,238.38,58.67,44.09,73.17,0.51,12.97,54.46,,,240.0,Poor,False,False,False,False,False,True,False,False,False,True,True,True,False
2019-05-31,Gurugram,124.14,235.99571428571429,34.62,44.72,58.0,0.3,11.34,61.49,,,300.0,Poor,False,True,False,False,False,True,False,False,False,True,True,True,False
2019-06-01,Gurugram,119.06,233.61142857142858,35.69,43.43,46.56,0.29,12.23,90.99,,,304.0,Very Poor,False,True,False,False,False,True,False,False,False,True,True,True,False
2019-06-02,Gurugram,92.63,231.22714285714287,12.48,41.29,15.48,0.39,8.51,121.6,,,250.0,Poor,False,True,False,False,False,True,False,False,False,True,True,True,False
2019-06-03,Gurugram,102.4,228.84285714285713,7.64,32.04,10.02,0.4,8.31,127.57,,,223.0,Poor,False,True,False,False,False,True,False,False,False,True,True,True,False
2019-06-04,Gurugram,82.26,226.45857142857142,5.96,40.61,14.23,0.3,5.53,123.48,,,234.0,Poor,False,True,False,False,False,True,False,False,False,True,True,True,False
2019-06-05,Gurugram,97.05,224.0742857142857,15.66,36.79,28.04,0.37,8.6,98.07,,,208.0,Poor,False,True,False,False,False,True,False,False,False,True,True,True,False
2019-06-06,Gurugram,111.57,221.69,21.04,31.9,28.76,0.34,11.42,91.53,,,244.0,Poor,False,True,False,False,False,True,False,False,False,True,True,True,False
2019-06-07,Gurugram,74.03,219.3057142857143,5.41,32.51,14.6,0.32,2.86,112.5,,,253.0,Poor,False,True,False,False,False,True,False,False,False,True,True,True,False
2019-06-08,Gurugram,77.37,216.92142857142858,10.63,33.05,16.22,0.36,6.26,98.28,,,214.0,Poor,False,True,False,False,False,True,False,False,False,True,True,True,False
2019-06-09,Gurugram,116.43,214.53714285714284,49.0,35.37,53.54,0.28,9.1,75.74,,,233.0,Poor,False,True,False,False,False,True,False,False,False,True,True,True,False
2019-06-10,Gurugram,119.32,212.15285714285713,27.69,48.79,43.44,0.36,11.73,73.24,,,289.0,Poor,False,True,False,False,False,True,False,False,False,True,True,True,False
2019-06-11,Gurugram,224.58,209.76857142857142,38.71,50.08,54.3,0.29,9.99,38.56,,,348.0,Very Poor,False,True,False,False,False,True,False,False,False,True,True,True,False
2019-06-12,Gurugram,104.68,207.3842857142857,6.29,47.97,21.02,0.35,10.07,104.93,,,327.0,Very Poor,False,True,False,False,False,True,False,False,False,True,True,True,False
2019-06-13,Gurugram,70.6,205.0,32.9,41.29,60.76,0.5,5.74,59.11,,,186.0,Moderate,False,False,False,False,False,True,False,False,False,True,True,True,False
2019-06-14,Gurugram,65.3,180.99,14.02,31.68,63.13,0.58,4.8,57.99,,,150.0,Moderate,False,False,False,False,False,True,False,False,False,True,True,True,False
2019-06-15,Gurugram,83.99,265.03,7.74,8.52,1.08,0.11,7.62,51.57,,,185.0,Moderate,False,False,False,False,False,True,False,False,False,True,True,True,False
2019-06-16,Gurugram,58.55,199.07,7.78,9.43,2.89,0.84,12.93,59.95,,,206.0,Poor,False,False,False,False,False,True,False,False,False,True,True,True,False
2019-06-17,Gurugram,44.04,186.00714285714284,7.97,9.47,2.37,0.8,9.46,59.92,,,104.0,Moderate,False,True,False,False,False,True,False,False,False,True,True,True,False
2019-06-18,Gurugram,42.37,172.9442857142857,7.9,9.46,2.5,0.53,13.73,106.55,,,141.0,Moderate,False,True,False,False,False,True,False,False,False,True,True,True,False
2019-06-19,Gurugram,72.25,159.88142857142856,6.97,10.23,2.47,0.68,5.45,110.44,,,,,False,True,False,False,False,True,False,False,False,True,True,True,True
2019-06-20,Gurugram,45.75,146.81857142857143,10.66,9.77,4.23,0.28,13.69,86.95,,,177.0,Moderate,False,True,False,False,False,True,False,False,False,True,True,True,False
2019-06-21,Gurugram,79.0,133.75571428571428,13.18,8.05,4.88,0.24,8.1,71.53,,,152.0,Moderate,False,True,False,False,False,True,False,False,False,True,True,True,False
2019-06-22,Gurugram,66.3,120.69285714285714,13.63,6.59,5.11,0.26,8.85,99.79,,,190.0,Moderate,False,True,False,False,False,True,False,False,False,True,True,True,False
2019-06-23,Gurugram,54.89,107.63,13.52,64.06,5.07,0.47,6.89,73.16,,,137.0,Moderate,False,False,False,False,False,True,False,False,False,True,True,True,False
2019-06-24,Gurugram,30.48,75.2,13.78,80.01,5.14,0.55,4.67,42.18,,,90.0,Satisfactory,False,False,False,False,False,True,False,False,False,True,True,True,False
2019-06-25,Gurugram,47.46,109.61,13.46,70.85,4.96,0.52,4.5,58.79,,,108.0,Moderate,False,False,False,False,False,True,False,True,False,True,True,True,False
2019-06-26,Gurugram,66.91,130.33,24.33,50.2,23.13,0.57,4.33,45.38,,,123.0,Moderate,False,False,False,False,False,True,False,False,False,True,True,True,False
2019-06-27,Gurugram,81.9,223.52,18.54,29.93,30.63,0.49,5.65,52.55,1.3,3.87,150.0,Moderate,False,False,False,False,False,True,False,False,False,False,False,True,False
2019-06-28,Gurugram,72.48,230.82,16.13,27.17,27.98,0.44,8.7,47.31,2.0,6.01,182.0,Moderate,False,False,False,False,False,True,False,False,False,False,False,True,False
2019-06-29,Gurugram,78.64,264.71,17.4,27.81,28.68,0.44,9.47,41.72,2.0,6.0,191.0,Moderate,False,False,False,False,False,True,False,False,False,False,False,True,False
2019-06-30,Gurugram,85.29,294.66,16.42,26.61,28.16,0.5,8.28,46.52,2.0,6.01,222.0,Poor,False,False,False,False,False,True,False,False,False,False,False,True,False
2019-07-01,Gurugram,66.52,215.41,16.14,26.75,28.1,0.48,7.76,49.54,1.99,6.0,173.0,Moderate,False,False,False,False,False,True,False,False,False,False,False,True,False
2019-07-02,Gurugram,93.12,277.55,17.81,21.77,24.91,0.56,10.52,79.6,2.0,6.02,196.0,Moderate,False,False,False,False,False,True,False,False,False,False,False,True,False
2019-07-03,Gurugram,48.85,111.72,14.3,10.34,5.16,0.56,7.16,36.88,1.99,6.01,166.0,Moderate,False,False,False,False,False,True,False,False,False,False,False,True,False
2019-07-04,Gurugram,37.9,76.43,15.6,13.04,14.8,0.6,10.17,22.0,2.0,6.02,74.0,Satisfactory,False,False,False,False,False,True,False,False,False,False,False,True,False
2019-07-05,Gurugram,41.09,60.31,9.01,7.74,9.4,0.58,10.15,18.77,2.0,5.96,68.0,Satisfactory,False,False,False,False,False,True,False,False,False,False,False,True,False
2019-07-06,Gurugram,39.12,61.39,10.69,9.63,12.92,0.57,7.66,30.58,2.0,6.0,66.0,Satisfactory,False,False,False,False,False,True,False,False,False,False,False,True,False
2019-07-07,Gurugram,45.29,79.65,16.1,13.39,22.68,0.55,6.84,33.54,2.0,5.98,72.0,Satisfactory,False,False,False,False,False,True,False,False,False,False,False,True,False
2019-07-08,Gurugram,57.24,126.94,11.84,13.41,20.57,0.6,7.45,29.77,2.0,5.99,92.0,Satisfactory,False,False,False,False,False,True,False,False,False,False,False,True,False
2019-07-09,Gurugram,60.89,223.74,9.62,10.43,12.95,0.54,6.57,19.4,2.0,6.02,101.0,Moderate,False,False,False,False,False,True,False,False,False,False,False,True,False
2019-07-10,Gurugram,81.39,277.24,9.54,9.62,11.8,0.53,7.01,23.4,1.99,6.0,129.0,Moderate,False,False,False,False,False,True,False,False,False,False,False,True,False
2019-07-11,Gurugram,101.83,327.81,9.25,9.77,11.87,0.49,7.17,27.49,2.0,6.01,258.0,Poor,False,False,False,False,False,True,False,False,False,False,False,True,False
2019-07-12,Gurugram,92.47,196.26,9.42,9.28,11.27,0.51,8.86,23.85,2.0,5.98,238.0,Poor,False,False,False,False,False,True,False,False,False,False,False,True,False
2019-07-13,Gurugram,85.36,201.93,10.97,10.24,13.69,0.45,10.61,27.07,2.0,5.99,197.0,Moderate,False,False,False,False,False,True,False,False,False,False,False,True,False
2019-07-14,Gurugram,99.31,268.94,11.63,9.71,11.99,0.37,9.41,32.3,2.0,5.98,199.0,Moderate,False,False,False,False,False,True,False,False,False,False,False,True,False
2019-07-15,Gurugram,63.38,170.31,17.0,14.76,24.76,0.33,6.47,36.03,1.99,6.0,192.0,Moderate,False,False,False,False,False,True,False,False,False,False,False,True,False
2019-07-16,Gurugram,47.43,88.05,9.07,9.66,11.23,0.48,7.5,54.19,2.0,6.02,135.0,Moderate,False,False,False,False,False,True,False,False,False,False,False,True,False
2019-07-17,Gurugram,31.41,67.29,9.24,10.37,12.03,0.45,10.72,26.52,1.98,6.0,73.0,Satisfactory,False,False,False,False,False,True,False,False,False,False,False,True,False
2019-07-18,Gurugram,30.89,52.47,8.93,10.91,13.59,0.45,12.24,22.27,2.0,5.99,67.0,Satisfactory,False,False,False,False,False,True,False,False,False,False,False,True,False
2019-07-19,Gurugram,68.38,122.84,19.95,15.46,27.92,0.44,12.69,26.61,2.0,6.0,80.0,Satisfactory,False,False,False,False,False,True,False,False,False,False,False,True,False
2019-07-20,Gurugram,45.04,71.07,26.12,19.17,36.78,0.32,14.32,26.71,2.01,6.0,130.0,Moderate,False,False,False,False,False,True,False,False,False,False,False,True,False
2019-07-21,Gurugram,44.74,85.8,20.24,17.04,18.74,0.48,14.79,33.8,1.99,6.0,88.0,Satisfactory,False,False,False,False,False,True,False,False,False,False,False,True,False
2019-07-22,Gurugram,47.85,71.8,20.76,11.46,16.46,0.53,14.1,47.05,2.0,6.01,108.0,Moderate,False,False,False,False,False,True,False,False,False,False,False,True,False
2019-07-23,Gurugram,42.36,117.66,9.32,8.72,9.98,0.53,12.6,62.77,1.99,6.01,109.0,Moderate,False,False,False,False,False,True,False,False,False,False,False,True,False
2019-07-24,Gurugram,54.71,105.22,9.0,8.8,9.55,0.5,9.46,62.49,2.0,5.99,133.0,Moderate,False,False,False,False,False,True,False,False,False,False,False,True,False
2019-07-25,Gurugram,26.59,36.03,16.38,21.33,17.29,0.45,8.48,24.59,2.01,6.0,64.0,Satisfactory,False,False,False,False,False,True,False,False,False,False,False,True,False
2019-07-26,Gurugram,37.1,27.88,13.17,11.59,11.35,0.48,6.39,10.08,2.0,5.98,61.0,Satisfactory,False,False,False,False,False,True,False,False,False,False,False,True,False
2019-07-27,Gurugram,26.58,34.06,11.55,8.68,9.91,0.49,5.29,20.75,1.99,6.01,72.0,Satisfactory,False,False,False,False,False,True,False,False,False,False,False,True,False
2019-07-28,Gurugram,16.85,37.3,9.88,7.95,9.22,0.52,13.54,32.22,2.0,6.01,45.0,Good,False,False,False,False,False,True,False,False,False,False,False,True,False
2019-07-29,Gurugram,22.51,50.72,12.35,6.82,10.23,0.52,13.99,27.14,2.0,6.0,43.0,Good,False,False,False,False,False,True,False,False,False,False,False,True,False
2019-07-30,Gurugram,24.52,68.42,9.18,7.25,9.6,0.56,16.39,28.63,2.0,6.0,50.0,Good,False,False,False,False,False,True,False,False,False,False,False,True,False
2019-07-31,Gurugram,28.42,65.02,9.14,7.51,7.6,0.5,16.08,34.68,2.0,6.0,58.0,Satisfactory,False,False,False,False,False,True,False,False,False,False,False,True,False
2019-08-01,Gurugram,33.71,68.35,10.25,8.5,8.75,0.51,14.92,34.48,2.0,5.99,61.0,Satisfactory,False,False,False,False,False,True,False,False,False,False,False,True,False
2019-08-02,Gurugram,32.03,82.08,9.61,7.11,8.03,0.57,19.18,27.73,2.0,5.99,64.0,Satisfactory,False,False,False,False,False,True,False,False,False,False,False,True,False
2019-08-03,Gurugram,33.8,69.44,13.39,9.7,13.12,0.54,22.78,23.44,2.0,5.99,72.0,Satisfactory,False,False,False,False,False,True,False,False,False,False,False,True,False
2019-08-04,Gurugram,50.36,69.56,18.18,15.44,16.13,0.51,21.66,25.24,2.01,5.99,72.0,Satisfactory,False,False,False,False,False,True,False,False,False,False,False,True,False
2019-08-05,Gurugram,46.78,46.66,13.7,9.98,13.15,0.49,20.21,26.75,2.01,6.0,69.0,Satisfactory,False,False,False,False,False,True,False,False,False,False,False,True,False
2019-08-06,Gurugram,25.31,49.91,6.22,7.81,11.36,0.51,10.97,16.37,2.01,6.01,71.0,Satisfactory,False,False,False,False,False,True,False,False,False,False,False,True,False
2019-08-07,Gurugram,22.4,60.25,4.57,9.79,12.39,0.53,10.48,22.32,1.99,5.98,46.0,Good,False,False,False,False,False,True,False,False,False,False,False,True,False
2019-08-08,Gurugram,20.7,70.47,5.18,9.7,11.17,0.48,13.48,22.44,1.99,6.01,51.0,Satisfactory,False,False,False,False,False,True,False,False,False,False,False,True,False
2019-08-09,Gurugram,26.31,56.92,6.61,16.8,13.99,0.4,5.93,31.92,2.0,6.03,54.0,Satisfactory,False,False,False,False,False,True,False,False,False,False,False,True,False
2019-08-10,Gurugram,21.99,51.94,7.99,18.23,18.69,0.34,5.25,30.76,2.0,6.01,52.0,Satisfactory,False,False,False,False,False,True,False,False,False,False,False,True,False
2019-08-11,Gurugram,16.25,34.19,5.43,6.99,12.08,0.42,10.23,29.17,1.99,5.98,38.0,Good,False,False,False,False,False,True,False,False,False,False,False,True,False
2019-08-12,Gurugram,30.32,64.5,5.21,7.5,12.41,0.45,7.09,27.38,2.0,5.99,48.0,Good,False,False,False,False,False,True,False,False,False,False,False,True,False
2019-08-13,Gurugram,21.54,60.09,5.78,7.46,12.79,0.43,7.85,26.48,2.0,6.01,60.0,Satisfactory,False,False,False,False,False,True,False,False,False,False,False,True,False
2019-08-14,Gurugram,24.24,51.71,5.54,7.31,12.59,0.47,8.4,33.82,1.98,5.98,55.0,Satisfactory,False,False,False,False,False,True,False,False,False,False,False,True,False
2019-08-15,Gurugram,22.15,56.79,6.01,7.53,12.9,0.48,7.31,29.88,2.01,6.01,53.0,Satisfactory,False,False,False,False,False,True,False,False,False,False,False,True,False
2019-08-16,Gurugram,14.18,38.87,5.56,6.9,12.18,0.43,39.72,28.9,1.99,6.01,41.0,Good,False,False,False,False,False,True,False,True,False,False,False,True,False
2019-08-17,Gurugram,39.18,39.61,9.81,10.97,15.93,0.39,72.13,22.75,2.0,6.01,55.0,Satisfactory,False,False,False,False,False,True,False,False,False,False,False,True,False
2019-08-18,Gurugram,20.51,78.61,7.76,4.42,11.63,0.4,68.08,25.48,1.99,6.0,49.0,Good,False,True,False,False,False,True,False,False,False,False,False,True,False
2019-08-19,Gurugram,38.02,117.61,8.27,6.77,14.31,0.43,70.4,27.8,1.99,6.0,51.0,Satisfactory,False,False,False,False,False,True,False,False,False,False,False,True,False
2019-08-20,Gurugram,46.61,100.63,5.54,11.76,17.13,0.64,77.57,29.39,2.01,6.01,85.0,Satisfactory,False,False,False,False,False,True,False,False,False,False,False,True,False
2019-08-21,Gurugram,52.07,153.43,5.09,11.54,16.38,0.6,89.91,31.7,2.0,5.97,117.0,Moderate,False,False,False,False,False,True,False,False,False,False,False,True,False
2019-08-22,Gurugram,46.94,117.96,6.31,8.98,14.7,0.43,44.16,23.62,2.01,6.0,107.0,Moderate,False,False,False,False,False,True,False,False,False,False,False,True,False
2019-08-23,Gurugram,62.81,109.728,7.61,5.03,11.86,0.27,6.06,15.35,2.01,6.01,96.0,Satisfactory,False,True,False,False,False,True,False,False,False,False,False,True,False
2019-08-24,Gurugram,63.79,101.496,7.45,4.81,11.57,0.3,56.13,36.34,2.0,6.0,115.0,Moderate,False,True,False,False,False,True,False,False,False,False,False,True,False
2019-08-25,Gurugram,36.17,93.264,7.28,4.98,11.53,0.31,44.37,28.31,2.0,6.02,87.0,Satisfactory,False,True,False,False,False,True,False,False,False,False,False,True,False
2019-08-26,Gurugram,26.29,85.032,10.02,5.51,17.92,0.32,26.68,27.54,2.0,6.0,53.0,Satisfactory,False,True,False,False,False,True,False,False,False,False,False,True,False
2019-08-27,Gurugram,29.99,76.8,6.18,6.37,12.08,0.36,14.22,33.53,2.0,5.99,55.0,Satisfactory,False,False,False,False,False,True,False,False,False,False,False,True,False
2019-08-28,Gurugram,35.45,83.05,5.7,7.67,12.98,0.43,17.95,33.95,1.99,6.02,69.0,Satisfactory,False,False,False,False,False,True,False,False,False,False,False,True,False
2019-08-29,Gurugram,37.09,81.47,5.35,7.47,12.51,0.43,18.97,32.09,2.0,5.97,73.0,Satisfactory,False,False,False,False,False,True,False,False,False,False,False,True,False
2019-08-30,Gurugram,37.16,52.55,5.43,7.46,12.59,0.43,22.58,27.47,2.0,5.98,59.0,Satisfactory,False,False,False,False,False,True,False,False,False,False,False,True,False
2019-08-31,Gurugram,48.42,91.49,5.36,7.85,12.85,0.47,17.93,36.29,2.0,5.98,74.0,Satisfactory,False,False,False,False,False,True,False,False,False,False,False,True,False
2019-09-01,Gurugram,28.57,12.48,5.87,7.66,13.04,0.49,14.93,29.59,1.99,6.0,72.0,Satisfactory,False,False,False,False,False,True,False,False,False,False,False,True,False
2019-09-02,Gurugram,42.78,10.0,5.26,7.8,12.67,0.54,15.27,35.53,2.0,6.01,66.0,Satisfactory,False,False,False,False,False,True,False,False,False,False,False,True,False
2019-09-03,Gurugram,76.15,24.94,5.96,9.61,15.19,0.62,15.04,37.42,2.0,6.02,122.0,Moderate,False,False,False,False,False,True,False,False,False,False,False,True,False
2019-09-04,Gurugram,76.65,142.29,5.49,8.51,13.61,0.55,16.12,34.66,2.0,5.99,156.0,Moderate,False,False,False,False,False,True,False,False,False,False,False,True,False
2019-09-05,Gurugram,30.99,77.31,5.37,7.61,12.58,0.48,15.59,27.08,2.01,6.02,104.0,Moderate,False,False,False,False,False,True,False,False,False,False,False,True,False
2019-09-06,Gurugram,32.93,82.21,5.61,7.92,12.98,0.48,16.36,25.25,2.0,6.02,67.0,Satisfactory,False,False,False,False,False,True,False,False,False,False,False,True,False
2019-09-07,Gurugram,29.49,68.99,5.39,7.7,12.69,0.47,13.01,22.34,1.99,6.01,60.0,Satisfactory,False,False,False,False,False,True,False,False,False,False,False,True,False
2019-09-08,Gurugram,30.78,71.93,5.35,7.54,12.5,0.47,15.01,36.4,2.0,6.0,96.0,Satisfactory,False,False,False,False,False,True,False,False,False,False,False,True,False
2019-09-09,Gurugram,51.34,102.22,5.73,8.03,13.35,0.52,13.94,29.69,2.0,5.98,76.0,Satisfactory,False,False,False,False,False,True,False,False,False,False,False,True,False
2019-09-10,Gurugram,75.84,151.93,5.71,8.48,13.77,0.61,13.93,47.73,1.99,5.97,118.0,Moderate,False,False,False,False,False,True,False,False,False,False,False,True,False
2019-09-11,Gurugram,80.6,166.53,5.01,8.79,13.46,0.61,13.79,39.01,2.0,5.99,167.0,Moderate,False,False,False,False,False,True,False,False,False,False,False,True,False
2019-09-12,Gurugram,65.41,118.66,6.35,14.65,19.08,1.07,14.48,32.4,1.99,5.96,165.0,Moderate,False,False,False,False,False,True,False,False,False,False,False,True,False
2019-09-13,Gurugram,34.04,78.87,13.52,14.43,24.37,1.53,13.63,24.44,2.0,6.01,89.0,Satisfactory,False,False,False,False,False,True,False,False,False,False,False,True,False
2019-09-14,Gurugram,26.72,67.98,7.36,7.13,9.55,1.54,14.11,29.66,2.01,5.99,83.0,Satisfactory,False,False,False,False,False,True,False,False,False,False,False,True,False
2019-09-15,Gurugram,30.04,60.84,6.87,6.7,8.94,1.58,13.09,29.3,1.99,6.0,85.0,Satisfactory,False,False,False,False,False,True,False,False,False,False,False,True,False
2019-09-16,Gurugram,47.23,99.88,11.58,10.58,21.17,1.73,12.37,32.0,2.0,6.0,91.0,Satisfactory,False,False,False,False,False,True,False,False,False,False,False,True,False
2019-09-17,Gurugram,58.53,124.72,6.18,7.66,13.37,1.77,10.49,38.11,2.01,6.04,112.0,Moderate,False,False,False,False,False,True,False,False,False,False,False,True,False
2019-09-18,Gurugram,37.12,84.63,7.1,6.5,12.5,1.72,9.84,34.61,2.01,5.99,95.0,Satisfactory,False,False,False,False,False,True,False,False,False,False,False,True,False
2019-09-19,Gurugram,22.7,54.11,7.34,5.55,11.59,1.68,10.55,24.05,1.99,5.98,82.0,Satisfactory,False,False,False,False,False,True,False,False,False,False,False,True,False
2019-09-20,Gurugram,33.35,76.93,8.85,6.76,11.77,1.73,9.97,16.88,2.0,6.0,82.0,Satisfactory,False,False,False,False,False,True,False,False,False,False,False,True,False
2019-09-21,Gurugram,33.01,92.36,15.28,10.52,16.67,1.69,10.22,19.62,2.0,5.99,85.0,Satisfactory,False,False,False,False,False,True,False,False,False,False,False,True,False
2019-09-22,Gurugram,14.92,29.6,8.39,6.06,6.59,1.15,9.89,15.38,2.0,6.0,62.0,Satisfactory,False,False,False,False,False,True,False,False,False,False,False,True,False
2019-09-23,Gurugram,25.25,65.37,6.38,7.34,8.39,1.74,10.1,22.41,2.0,5.99,72.0,Satisfactory,False,False,False,False,False,True,False,False,False,False,False,True,False
2019-09-24,Gurugram,32.94,71.62,7.01,7.82,10.66,1.73,9.72,18.54,2.0,6.02,82.0,Satisfactory,False,False,False,False,False,True,False,False,False,False,False,True,False
2019-09-25,Gurugram,32.22,82.06,7.18,9.46,13.59,1.67,10.38,21.18,2.0,6.01,83.0,Satisfactory,False,False,False,False,False,True,False,False,False,False,False,True,False
2019-09-26,Gurugram,29.44,94.74,10.3,9.29,17.55,1.09,9.33,14.4,1.99,6.0,75.0,Satisfactory,False,False,False,False,False,True,False,False,False,False,False,True,False
2019-09-27,Gurugram,14.65,45.27,15.14,11.12,23.78,0.72,9.57,13.83,2.0,6.01,54.0,Satisfactory,False,False,False,False,False,True,False,False,False,False,False,True,False
2019-09-28,Gurugram,16.17,51.58,18.57,13.12,30.08,0.81,10.48,13.44,2.0,6.0,59.0,Satisfactory,False,False,False,False,False,True,False,False,False,False,False,True,False
2019-09-29,Gurugram,14.56,42.51,22.17,14.35,35.64,0.68,16.94,20.21,2.0,6.0,49.0,Good,False,False,False,False,False,True,False,False,False,False,False,True,False
2019-09-30,Gurugram,23.99,61.95,17.09,13.56,27.87,0.53,10.09,17.29,2.0,6.01,48.0,Good,False,False,False,False,False,True,False,False,False,False,False,True,False
2019-10-01,Gurugram,33.82,75.21,19.53,14.64,31.69,0.65,9.95,19.0,2.01,6.01,76.0,Satisfactory,False,False,False,False,False,True,False,False,False,False,False,True,False
2019-10-02,Gurugram,38.05,84.2,34.84,21.9,49.96,0.98,10.12,35.98,1.99,6.0,89.0,Satisfactory,False,False,False,False,False,True,False,False,False,False,False,True,False
2019-10-03,Gurugram,51.55,52.26,34.57,21.43,43.22,0.99,9.61,33.35,2.0,6.0,98.0,Satisfactory,False,False,False,False,False,True,False,False,False,False,False,True,False
2019-10-04,Gurugram,37.82,128.94,22.17,13.84,29.41,1.02,3.4,39.72,0.89,2.67,97.0,Satisfactory,False,False,False,False,False,True,False,False,False,False,False,True,False
2019-10-05,Gurugram,32.53,48.34,27.1,28.76,38.64,1.08,4.53,42.46,0.8744444444444445,2.93,86.0,Satisfactory,False,False,False,False,False,True,False,False,False,True,False,True,False
2019-10-06,Gurugram,47.85,73.05,42.37,24.73,41.49,1.16,3.42,49.04,0.8588888888888889,2.84375,96.0,Satisfactory,False,False,False,False,False,True,False,False,False,True,True,True,False
2019-10-07,Gurugram,50.21,86.44,19.58,12.28,26.37,0.97,3.5,50.44,0.8433333333333334,2.7575000000000003,91.0,Satisfactory,False,False,False,False,False,True,False,False,False,True,True,True,False
2019-10-08,Gurugram,38.26,65.49,19.41,10.01,19.32,0.54,4.16,55.95,0.8277777777777778,2.67125,95.0,Satisfactory,False,False,False,False,False,True,False,False,False,True,True,True,False
2019-10-09,Gurugram,70.44,84.03999999999999,40.46,31.37,47.16,1.21,2.43,36.55,0.8122222222222222,2.585,108.0,Moderate,False,True,False,False,False,True,False,False,False,True,True,True,False
2019-10-10,Gurugram,83.57,102.59,72.45,56.19,87.42,1.35,3.04,50.07,0.7966666666666666,2.4987500000000002,153.0,Moderate,False,True,False,False,False,True,False,False,False,True,True,True,False
2019-10-11,Gurugram,83.09,121.14,13.67,29.19,25.46,0.93,2.41,54.08,0.7811111111111111,2.4125,192.0,Moderate,False,True,False,False,False,True,False,False,False,True,True,True,False
2019-10-12,Gurugram,79.53,139.69,11.48,13.11,17.01,1.54,2.07,57.26,0.7655555555555555,2.3262500000000004,172.0,Moderate,False,False,False,False,False,True,False,False,False,True,True,True,False
2019-10-13,Gurugram,98.05,186.3,12.81,22.8,26.91,2.55,2.06,47.24,0.75,2.24,188.0,Moderate,False,False,False,False,False,True,False,False,False,False,False,True,False
2019-10-14,Gurugram,102.26,210.65,40.51,45.65,62.29,2.65,4.75,45.54,1.98,6.01,241.0,Poor,False,False,False,False,False,True,False,False,False,False,False,True,False
2019-10-15,Gurugram,109.04,205.28,40.22,51.69,63.28,2.58,3.16,47.62,2.0,5.99,254.0,Poor,False,False,False,False,False,True,False,False,False,False,False,True,False
2019-10-16,Gurugram,137.78,261.97,12.97,47.39,39.22,2.27,1.9,50.6,2.0,5.98,291.0,Poor,False,False,False,False,False,True,False,False,False,False,False,True,False
2019-10-17,Gurugram,114.03,217.06,6.17,28.53,24.31,2.26,3.07,52.32,2.0,5.97,289.0,Poor,False,False,False,False,False,True,False,False,False,False,False,True,False
2019-10-18,Gurugram,107.55,197.17,4.92,22.28,20.37,2.38,3.5,48.88,2.0,5.98,295.0,Poor,False,False,False,False,False,True,False,False,False,False,False,True,False
2019-10-19,Gurugram,72.1,170.46,9.39,43.65,36.65,1.91,2.52,55.13,2.0,6.0,165.0,Moderate,False,False,False,False,False,True,False,False,False,False,False,True,False
2019-10-20,Gurugram,92.64,180.87,8.99,32.44,29.83,2.01,2.92,40.47,2.0,6.01,223.0,Poor,False,False,False,False,False,True,False,False,False,False,False,True,False
2019-10-21,Gurugram,109.34,205.75,6.46,33.32,27.61,2.1,2.1,42.63,2.0,6.01,225.0,Poor,False,False,False,False,False,True,False,False,False,False,False,True,False
2019-10-22,Gurugram,92.44,190.02,14.18,39.74,38.73,1.59,2.13,38.25,2.01,6.01,232.0,Poor,False,False,False,False,False,True,False,False,False,False,False,True,False
2019-10-23,Gurugram,108.48,229.29,29.55,43.84,54.55,0.85,4.29,37.95,2.0,6.01,223.0,Poor,False,False,False,False,False,True,False,False,False,False,False,True,False
2019-10-24,Gurugram,151.69,249.81,69.24,59.89,94.15,1.81,35.59,47.8,2.01,6.0,292.0,Poor,False,False,False,False,False,True,False,False,False,False,False,True,False
2019-10-25,Gurugram,117.64,206.1,16.07,45.54,40.2,0.98,35.03,57.02,2.0,6.0,308.0,Very Poor,False,False,False,False,False,True,False,False,False,False,False,True,False
2019-10-26,Gurugram,118.89,212.16,14.87,39.52,36.03,0.89,11.3,44.97,1.58,4.56,272.0,Poor,False,False,False,False,False,True,False,False,False,False,False,True,False
2019-10-27,Gurugram,170.87,219.37,10.52,35.42,30.45,0.86,10.4,50.71,0.1,0.31,311.0,Very Poor,False,False,False,False,False,True,False,False,False,False,False,True,False
2019-10-28,Gurugram,258.67,355.98,7.63,34.53,27.57,1.33,50.62,46.49,2.01,6.01,396.0,Very Poor,False,False,False,False,False,True,False,False,False,False,False,True,False
2019-10-29,Gurugram,217.34,344.33,23.91,42.1,46.41,1.44,11.12,27.04,1.99,5.97,375.0,Very Poor,False,False,False,False,False,True,False,False,False,False,False,True,False
2019-10-30,Gurugram,216.4,361.77,32.57,43.74,54.29,1.35,14.56,32.35,1.99,6.0,369.0,Very Poor,False,False,False,False,False,True,False,False,False,False,False,True,False
2019-10-31,Gurugram,231.37,369.65,51.0,46.69,71.14,1.69,21.81,35.38,1.99,6.0,374.0,Very Poor,False,False,False,False,False,True,False,False,False,False,False,True,False
2019-11-01,Gurugram,394.28,581.44,22.92,58.23,55.11,1.92,27.89,41.66,2.01,6.01,476.0,Severe,False,False,False,False,False,True,False,False,False,False,False,True,False
2019-11-02,Gurugram,314.82,491.79,7.01,39.28,31.47,1.43,17.94,20.41,2.0,5.97,431.0,Severe,False,False,False,False,False,True,False,False,False,False,False,True,False
2019-11-03,Gurugram,473.51,651.05,6.4,34.57,27.22,1.78,15.13,13.47,2.0,6.01,607.0,Severe,False,False,False,False,False,True,False,False,False,False,False,True,False
2019-11-04,Gurugram,219.51,319.29,8.14,33.71,28.36,0.92,18.77,21.81,1.99,5.99,448.0,Severe,False,False,False,False,False,True,False,False,False,False,False,True,False
2019-11-05,Gurugram,152.59,244.2,12.67,33.7,31.94,0.75,14.77,27.86,2.0,5.99,360.0,Very Poor,False,False,False,False,False,True,False,False,False,False,False,True,False
2019-11-06,Gurugram,93.32,158.87,27.64,40.46,47.21,0.66,17.05,32.48,2.0,5.99,221.0,Poor,False,False,False,False,False,True,False,False,False,False,False,True,False
2019-11-07,Gurugram,160.41,279.95,10.19,45.65,37.34,0.77,8.58,19.44,1.99,6.0,280.0,Poor,False,False,False,False,False,True,False,False,False,False,False,True,False
2019-11-08,Gurugram,157.05,255.53,14.41,45.85,42.36,1.17,0.21,26.65,2.01,6.0,335.0,Very Poor,False,False,False,False,False,True,False,False,False,False,False,True,False
2019-11-09,Gurugram,128.98,214.16,6.12,34.22,28.18,0.82,4.53,23.92,2.0,6.01,316.0,Very Poor,False,False,False,False,False,True,False,False,False,False,False,True,False
2019-11-10,Gurugram,157.5,256.26,5.42,33.07,25.61,0.77,11.01,30.41,2.0,5.99,300.0,Poor,False,False,False,False,False,True,False,False,False,False,False,True,False
2019-11-11,Gurugram,210.54,330.45,16.44,46.43,42.75,1.18,8.95,32.4,2.0,6.01,340.0,Very Poor,False,False,False,False,False,True,False,False,False,False,False,True,False
2019-11-12,Gurugram,350.49,481.04,41.37,60.71,72.07,1.79,1.71,35.2,2.0,6.02,425.0,Severe,False,False,False,False,False,True,False,False,False,False,False,True,False
2019-11-13,Gurugram,388.11,513.91,33.53,78.03,74.95,2.09,3.01,32.69,1.99,5.98,502.0,Severe,False,False,False,False,False,True,False,False,False,False,False,True,False
2019-11-14,Gurugram,361.14,573.72,43.29,80.51,87.29,2.34,11.93,24.67,2.01,5.99,488.0,Severe,False,False,False,False,False,True,False,False,False,False,False,True,False
2019-11-15,Gurugram,435.04,638.62,9.76,59.63,46.75,1.94,34.95,50.9,2.0,5.98,548.0,Severe,False,False,False,False,False,True,False,False,False,False,False,True,False
2019-11-16,Gurugram,171.39,299.85,5.96,40.67,31.04,1.09,38.3,38.4,2.01,6.01,434.0,Severe,False,False,False,False,False,True,False,False,False,False,False,True,False
2019-11-17,Gurugram,69.43,124.7,5.39,33.71,27.27,0.53,31.52,35.4,2.0,6.01,244.0,Poor,False,False,False,False,False,True,False,False,False,False,False,True,False
2019-11-18,Gurugram,70.95,111.61,11.62,34.47,30.35,0.68,21.46,42.12,2.01,6.03,142.0,Moderate,False,False,False,False,False,True,False,False,False,False,False,True,False
2019-11-19,Gurugram,86.86,152.86,37.66,47.48,61.14,0.94,26.14,33.71,2.0,6.01,148.0,Moderate,False,False,False,False,False,True,False,False,False,False,False,True,False
2019-11-20,Gurugram,118.97,193.65,90.48,55.23,107.64,1.38,40.95,44.37,2.0,5.99,223.0,Poor,False,False,False,False,False,True,False,False,False,False,False,True,False
2019-11-21,Gurugram,155.84,260.27,89.84,59.04,119.26,1.82,41.95,47.46,2.0,6.0,318.0,Very Poor,False,False,False,False,False,True,False,False,False,False,False,True,False
2019-11-22,Gurugram,164.7,279.87,77.76,70.43,118.06,2.01,36.62,44.57,2.01,5.99,331.0,Very Poor,False,False,False,False,False,True,False,False,False,False,False,True,False
2019-11-23,Gurugram,115.05,201.36,6.72,47.16,36.04,0.89,20.42,34.2,1.99,6.03,305.0,Very Poor,False,False,False,False,False,True,False,False,False,False,False,True,False
2019-11-24,Gurugram,105.21,178.86,4.21,35.04,26.04,0.71,21.78,47.76,2.0,6.01,234.0,Poor,False,False,False,False,False,True,False,False,False,False,False,True,False
2019-11-25,Gurugram,102.12,177.95,33.61,54.7,62.12,1.23,21.4,35.98,2.0,6.0,236.0,Poor,False,False,False,False,False,True,False,False,False,False,False,True,False
2019-11-26,Gurugram,99.75,189.47,46.51,54.34,72.72,1.09,12.02,30.19,1.99,6.01,244.0,Poor,False,False,False,False,False,True,False,False,False,False,False,True,False
2019-11-27,Gurugram,61.45,121.15,11.56,50.09,38.98,0.78,8.42,31.37,2.0,6.0,123.0,Moderate,False,False,False,False,False,True,False,False,False,False,False,True,False
2019-11-28,Gurugram,33.78,66.95,5.5,35.91,25.34,0.5,3.73,35.71,1.99,5.98,97.0,Satisfactory,False,False,False,False,False,True,False,False,False,False,False,True,False
2019-11-29,Gurugram,44.89,107.1,12.61,46.33,40.52,0.79,6.94,27.64,2.0,6.0,73.0,Satisfactory,False,False,False,False,False,True,False,False,False,False,False,True,False
2019-11-30,Gurugram,60.83,127.45,9.83,35.83,33.41,0.88,8.78,26.31,2.0,6.0,103.0,Moderate,False,False,False,False,False,True,False,False,False,False,False,True,False
2019-12-01,Gurugram,76.17,143.66,36.11,41.25,42.04,0.81,8.13,34.45,2.01,5.98,148.0,Moderate,False,False,False,False,False,True,False,False,False,False,False,True,False
2019-12-02,Gurugram,97.16,180.59,21.34,44.59,35.21,0.93,7.61,34.14,1.99,6.0,187.0,Moderate,False,False,False,False,False,True,False,False,False,False,False,True,False
2019-12-03,Gurugram,112.58,198.47,11.95,54.1,43.75,0.97,4.56,38.16,2.0,5.97,265.0,Poor,False,False,False,False,False,True,False,False,False,False,False,True,False
2019-12-04,Gurugram,125.0,212.55,55.95,59.0,81.51,1.35,6.87,38.59,1.99,5.98,280.0,Poor,False,False,False,False,False,True,False,False,False,False,False,True,False
2019-12-05,Gurugram,198.13,296.79,78.22,67.56,113.25,2.11,8.38,44.68,2.0,5.99,331.0,Very Poor,False,False,False,False,False,True,False,False,False,False,False,True,False
2019-12-06,Gurugram,222.5,364.36,44.43,57.37,74.38,2.01,2.61,36.28,2.0,6.0,381.0,Very Poor,False,False,False,False,False,True,False,False,False,False,False,True,False
2019-12-07,Gurugram,208.98,343.16,37.09,55.07,64.22,1.89,1.53,34.34,2.0,5.98,369.0,Very Poor,False,False,False,False,False,True,False,False,False,False,False,True,False
2019-12-08,Gurugram,205.7,315.4,56.66,50.18,78.46,2.07,0.92,34.74,1.99,6.02,373.0,Very Poor,False,False,False,False,False,True,False,False,False,False,False,True,False
2019-12-09,Gurugram,173.25,265.85,74.23,53.81,93.64,2.16,27.89,33.01,2.0,6.02,350.0,Very Poor,False,False,False,False,False,True,False,False,False,False,False,True,False
2019-12-10,Gurugram,192.51,299.38,83.85,60.68,106.34,2.6,66.06,35.58,2.0,6.0,347.0,Very Poor,False,False,False,False,False,True,False,False,False,False,False,True,False
2019-12-11,Gurugram,228.57,342.42,80.09,55.31,106.38,2.56,71.45,39.18,1.99,6.01,369.0,Very Poor,False,False,False,False,False,True,False,False,False,False,False,True,False
2019-12-12,Gurugram,223.29,359.8,14.04,56.89,45.76,1.84,54.08,40.94,2.01,6.03,391.0,Very Poor,False,False,False,False,False,True,False,False,False,False,False,True,False
2019-12-13,Gurugram,65.04,92.12,6.09,40.18,26.85,1.14,25.3,22.46,2.0,6.0,250.0,Poor,False,False,False,False,False,True,False,False,False,False,False,True,False
2019-12-14,Gurugram,59.76,102.19,7.69,28.97,24.26,1.23,26.89,21.17,1.94,5.62,97.0,Satisfactory,False,False,False,False,False,True,False,False,False,False,False,True,False
2019-12-15,Gurugram,76.17,143.09,8.16,28.44,24.64,1.07,27.74,25.94,2.0,6.02,144.0,Moderate,False,False,False,False,False,True,False,False,False,False,False,True,False
2019-12-16,Gurugram,63.2,106.03,4.75,22.09,17.09,0.96,20.02,25.34,2.0,6.01,136.0,Moderate,False,False,False,False,False,True,False,False,False,False,False,True,False
2019-12-17,Gurugram,65.24,115.4,8.91,19.26,19.1,1.14,21.42,27.62,2.02,5.99,111.0,Moderate,False,False,False,False,False,True,False,False,False,False,False,True,False
2019-12-18,Gurugram,93.92,188.12,13.45,28.71,29.15,1.41,31.97,31.24,1.96,5.88,168.0,Moderate,False,False,False,False,False,True,False,False,False,False,False,True,False
2019-12-19,Gurugram,168.88,285.04,49.39,35.26,62.44,2.11,64.78,28.39,2.01,6.0,282.0,Poor,False,False,False,False,False,True,False,False,False,False,False,True,False
2019-12-20,Gurugram,188.91,360.69,20.29,49.46,49.85,2.07,43.23,31.68,2.0,5.99,342.0,Very Poor,False,False,False,False,False,True,False,False,False,False,False,True,False
2019-12-21,Gurugram,164.47,324.47,16.87,44.51,43.97,2.02,22.78,23.62,2.01,6.0,352.0,Very Poor,False,False,False,False,False,True,False,False,False,False,False,True,False
2019-12-22,Gurugram,99.82,183.92,5.38,29.66,22.55,1.48,14.78,23.49,2.0,5.99,281.0,Poor,False,False,False,False,False,True,False,False,False,False,False,True,False
2019-12-23,Gurugram,113.74,220.82,10.76,28.13,26.68,1.49,14.82,26.71,1.99,5.99,228.0,Poor,False,False,False,False,False,True,False,False,False,False,False,True,False
2019-12-24,Gurugram,186.27,422.12,21.55,46.67,47.45,2.04,22.91,29.28,2.01,6.0,303.0,Very Poor,False,False,False,False,False,True,False,False,False,False,False,True,False
2019-12-25,Gurugram,109.59,226.93,7.16,27.24,22.66,1.45,11.71,21.96,1.99,5.99,317.0,Very Poor,False,False,False,False,False,True,False,False,False,False,False,True,False
2019-12-26,Gurugram,152.56,332.22,13.7,27.14,28.02,1.53,17.07,23.43,2.0,5.98,272.0,Poor,False,False,False,False,False,True,False,False,False,False,False,True,False
2019-12-27,Gurugram,161.19,319.08,28.04,36.03,42.25,1.73,16.78,29.85,1.99,6.02,334.0,Very Poor,False,False,False,False,False,True,False,False,False,False,False,True,False
2019-12-28,Gurugram,203.81,398.43,46.31,29.88,56.67,2.26,19.97,26.6,2.0,5.98,351.0,Very Poor,False,False,False,False,False,True,False,False,False,False,False,True,False
2019-12-29,Gurugram,260.02,533.71,28.67,47.92,48.94,2.55,22.79,31.52,2.0,6.0,389.0,Very Poor,False,False,False,False,False,True,False,False,False,False,False,True,False
2019-12-30,Gurugram,201.74,384.26,40.07,35.93,53.7,3.17,15.63,24.64,2.0,5.99,423.0,Severe,False,False,False,False,False,True,False,False,False,False,False,True,False
2019-12-31,Gurugram,175.66,282.1,27.64,28.03,36.79,2.03,9.83,28.33,2.01,6.0,341.0,Very Poor,False,False,False,False,False,True,False,False,False,False,False,True,False
2020-01-01,Gurugram,296.06,357.72,105.65,30.83,109.35,3.7,16.5,39.32,1.99,6.0,429.0,Severe,False,False,False,False,False,True,False,False,False,False,False,True,False
2020-01-02,Gurugram,271.49,281.71,94.2,41.86,158.65,4.07,19.11,30.0,2.0,5.98,419.0,Severe,False,False,False,False,False,True,False,False,False,False,False,True,False
2020-01-03,Gurugram,183.81,216.52,96.93,42.51,116.86,3.23,3.52,17.93,2.0,6.0,390.0,Very Poor,False,False,False,False,False,True,False,False,False,False,False,True,False
2020-01-04,Gurugram,152.96,218.37,65.9,38.85,79.89,2.38,5.69,20.99,2.0,5.99,308.0,Very Poor,False,False,False,False,False,True,False,False,False,False,False,True,False
2020-01-05,Gurugram,144.74,233.92,31.39,38.35,50.15,2.03,5.0,26.11,2.0,5.99,326.0,Very Poor,False,False,False,False,False,True,False,False,False,False,False,True,False
2020-01-06,Gurugram,133.68,201.3,41.24,49.18,64.09,1.87,7.5,14.87,2.0,6.0,315.0,Very Poor,False,False,False,False,False,True,False,False,False,False,False,True,False
2020-01-07,Gurugram,89.97,140.0,9.69,36.67,29.54,1.52,7.0,19.03,2.01,6.0,234.0,Poor,False,False,False,False,False,True,False,False,False,False,False,True,False
2020-01-08,Gurugram,88.95,123.2,31.64,37.6,39.74,1.75,8.97,9.61,2.0,5.99,198.0,Moderate,False,False,False,False,False,True,False,False,False,False,False,True,False
2020-01-09,Gurugram,66.14,101.18,4.78,20.39,16.63,1.48,7.49,20.76,2.0,5.99,160.0,Moderate,False,False,False,False,False,True,False,False,False,False,False,True,False
2020-01-10,Gurugram,89.87,147.3,6.09,30.44,24.27,1.76,6.89,28.33,1.98,6.02,160.0,Moderate,False,False,False,False,False,True,False,False,False,False,False,True,False
2020-01-11,Gurugram,108.44,179.38,10.64,37.59,33.37,1.78,6.35,32.18,1.99,5.98,242.0,Poor,False,False,False,False,False,True,False,False,False,False,False,True,False
2020-01-12,Gurugram,151.11,243.8,75.06,38.54,86.82,2.29,7.12,28.24,2.0,6.0,311.0,Very Poor,False,False,False,False,False,True,False,False,False,False,False,True,False
2020-01-13,Gurugram,161.63,241.22,27.86,39.59,54.35,2.08,6.02,24.61,2.0,6.03,328.0,Very Poor,False,False,False,False,False,True,False,False,False,False,False,True,False
2020-01-14,Gurugram,75.89,119.57,6.56,26.1,22.02,1.4,7.33,18.3,2.01,6.0,244.0,Poor,False,False,False,False,False,True,False,False,False,False,False,True,False
2020-01-15,Gurugram,90.38,162.36,10.86,34.76,31.74,1.28,8.04,20.05,2.0,6.01,174.0,Moderate,False,False,False,False,False,True,False,False,False,False,False,True,False
2020-01-16,Gurugram,117.82,188.91,13.15,26.9,34.0,1.44,7.02,10.41,2.0,5.99,247.0,Poor,False,False,False,False,False,True,False,False,False,False,False,True,False
2020-01-17,Gurugram,79.88,127.02,13.77,23.97,30.27,1.38,8.26,15.35,2.0,6.01,259.0,Poor,False,False,False,False,False,True,False,False,False,False,False,True,False
2020-01-18,Gurugram,93.89,159.55,27.74,33.25,46.05,1.68,8.48,20.46,2.01,6.0,176.0,Moderate,False,False,False,False,False,True,False,False,False,False,False,True,False
2020-01-19,Gurugram,92.62,159.19,4.47,22.03,16.57,1.16,7.12,39.73,2.0,6.01,214.0,Poor,False,False,False,False,False,True,False,False,False,False,False,True,False
2020-01-20,Gurugram,85.13,161.08,12.1,23.24,24.18,1.3,8.68,31.63,2.0,6.0,175.0,Moderate,False,False,False,False,False,True,False,False,False,False,False,True,False
2020-01-21,Gurugram,131.03,222.54,32.28,31.26,44.61,1.65,7.22,30.6,1.99,6.0,276.0,Poor,False,False,False,False,False,True,False,False,False,False,False,True,False
2020-01-22,Gurugram,130.93,216.6,55.55,33.45,70.21,2.17,7.38,26.71,1.99,6.0,313.0,Very Poor,False,False,False,False,False,True,False,False,False,False,False,True,False
2020-01-23,Gurugram,56.38,92.62,7.94,28.6,25.35,0.87,7.5,44.71,1.99,6.02,193.0,Moderate,False,False,False,False,False,True,False,False,False,False,False,True,False
2020-01-24,Gurugram,51.22,92.58,4.56,28.98,20.95,0.97,8.29,57.14,2.01,6.02,102.0,Moderate,False,False,False,False,False,True,False,False,False,False,False,True,False
2020-01-25,Gurugram,84.59,161.1,42.89,38.66,59.05,1.7,9.3,41.64,2.0,6.0,138.0,Moderate,False,False,False,False,False,True,False,False,False,False,False,True,False
2020-01-26,Gurugram,132.02,232.16,55.58,35.27,68.45,2.29,7.79,28.19,1.98,6.0,289.0,Poor,False,False,False,False,False,True,False,False,False,False,False,True,False
2020-01-27,Gurugram,117.46,200.66,50.41,43.56,67.28,1.89,7.24,18.13,2.0,6.02,280.0,Poor,False,False,False,False,False,True,False,False,False,False,False,True,False
2020-01-28,Gurugram,93.01,164.64,5.44,36.2,24.89,1.35,7.97,17.76,2.0,6.02,245.0,Poor,False,False,False,False,False,True,False,False,False,False,False,True,False
2020-01-29,Gurugram,47.0,90.49,8.5,29.88,24.98,1.23,8.92,23.66,1.99,6.0,140.0,Moderate,False,False,False,False,False,True,False,False,False,False,False,True,False
2020-01-30,Gurugram,63.71,130.06,8.47,30.2,27.33,1.4,8.39,23.65,2.01,6.0,112.0,Moderate,False,False,False,False,False,True,False,False,False,False,False,True,False
2020-01-31,Gurugram,62.07,127.12,13.08,31.13,30.09,1.42,8.79,27.43,2.01,5.98,112.0,Moderate,False,False,False,False,False,True,False,False,False,False,False,True,False
2020-02-01,Gurugram,79.58,162.58,44.31,35.77,59.99,2.18,9.06,25.48,2.0,6.0,159.0,Moderate,False,False,False,False,False,True,False,False,False,False,False,True,False
2020-02-02,Gurugram,71.37,137.94,8.65,24.32,22.77,2.04,8.29,28.89,2.0,6.01,144.0,Moderate,False,False,False,False,False,True,False,False,False,False,False,True,False
2020-02-03,Gurugram,87.41,182.76,37.53,29.87,49.36,2.23,9.01,28.47,2.0,5.99,174.0,Moderate,False,False,False,False,False,True,False,False,False,False,False,True,False
2020-02-04,Gurugram,100.75,181.95,60.96,34.16,68.71,2.33,8.7,26.02,2.0,6.01,216.0,Poor,False,False,False,False,False,True,False,False,False,False,False,True,False
2020-02-05,Gurugram,118.41,228.69,34.62,28.99,44.67,2.39,8.26,39.12,2.01,6.01,285.0,Poor,False,False,False,False,False,True,False,False,False,False,False,True,False
2020-02-06,Gurugram,79.42,169.37,14.89,26.08,27.51,1.76,7.58,44.36,2.0,5.99,198.0,Moderate,False,False,False,False,False,True,False,False,False,False,False,True,False
2020-02-07,Gurugram,120.12,230.34,54.43,32.6,63.61,2.33,9.26,43.74,1.98,5.97,245.0,Poor,False,False,False,False,False,True,False,False,False,False,False,True,False
2020-02-08,Gurugram,104.96,210.84,10.6,26.63,24.38,1.6,8.15,52.62,2.0,6.0,260.0,Poor,False,False,False,False,False,True,False,False,False,False,False,True,False
2020-02-09,Gurugram,105.04,199.79,14.33,27.22,27.19,1.71,8.6,50.82,2.0,6.01,254.0,Poor,False,False,False,False,False,True,False,False,False,False,False,True,False
2020-02-10,Gurugram,130.89,256.86,35.54,27.42,45.28,2.2,9.13,45.46,2.0,6.01,275.0,Poor,False,False,False,False,False,True,False,False,False,False,False,True,False
2020-02-11,Gurugram,145.57,249.19,55.87,25.02,61.05,2.75,9.72,41.76,1.99,5.98,316.0,Very Poor,False,False,False,False,False,True,False,False,False,False,False,True,False
2020-02-12,Gurugram,130.82,284.78,15.08,21.34,25.8,1.87,8.86,52.01,1.96,6.02,302.0,Very Poor,False,False,False,False,False,True,False,False,False,False,False,True,False
2020-02-13,Gurugram,63.78,123.14,7.68,15.8,15.27,1.17,11.56,59.5,1.99,5.99,190.0,Moderate,False,False,False,False,False,True,False,False,False,False,False,True,False
2020-02-14,Gurugram,64.17,134.91,7.13,12.87,13.91,1.38,11.53,60.62,1.98,6.02,128.0,Moderate,False,False,False,False,False,True,False,False,False,False,False,True,False
2020-02-15,Gurugram,50.24,112.08,7.25,14.87,14.52,1.42,11.74,41.7,2.0,5.99,130.0,Moderate,False,False,False,False,False,True,False,False,False,False,False,True,False
2020-02-16,Gurugram,93.15,185.61,17.66,21.86,27.6,1.91,12.36,36.29,2.0,6.0,182.0,Moderate,False,False,False,False,False,True,False,False,False,False,False,True,False
2020-02-17,Gurugram,105.65,228.3,36.3,26.62,45.01,2.34,11.63,25.93,1.99,6.0,256.0,Poor,False,False,False,False,False,True,False,False,False,False,False,True,False
2020-02-18,Gurugram,69.82,166.21,35.08,25.16,43.18,1.89,11.29,23.02,1.99,6.01,165.0,Moderate,False,False,False,False,False,True,False,False,False,False,False,True,False
2020-02-19,Gurugram,83.56,166.82,56.58,22.08,58.19,1.88,11.93,28.43,2.01,5.98,181.0,Moderate,False,False,False,False,False,True,False,False,False,False,False,True,False
2020-02-20,Gurugram,85.97,173.5,6.7,16.77,14.81,1.67,10.66,62.28,2.02,6.02,170.0,Moderate,False,False,False,False,False,True,False,False,False,False,False,True,False
2020-02-21,Gurugram,49.47,79.23,10.11,13.52,16.98,1.82,11.28,37.34,2.0,6.03,145.0,Moderate,False,False,False,False,False,True,False,False,False,False,False,True,False
2020-02-22,Gurugram,59.08,96.42,15.58,15.42,22.97,1.67,6.43,26.27,2.78,5.99,94.0,Satisfactory,False,False,False,False,False,True,False,False,False,False,False,True,False
2020-02-23,Gurugram,95.42,167.11,16.06,23.87,27.49,1.82,3.11,30.42,2.01,6.04,187.0,Moderate,False,False,False,False,False,True,False,False,False,False,False,True,False
2020-02-24,Gurugram,66.85,126.64,16.16,20.6,25.38,1.24,4.51,37.23,2.0,6.0,144.0,Moderate,False,False,False,False,False,True,False,False,False,False,False,True,False
2020-02-25,Gurugram,92.36,206.09,6.72,25.61,20.71,1.29,7.35,32.57,1.99,6.0,183.0,Moderate,False,False,False,False,False,True,False,False,False,False,False,True,False
2020-02-26,Gurugram,108.36,231.82,45.69,28.0,53.33,1.53,10.37,33.78,1.97,5.97,241.0,Poor,False,False,False,False,False,True,False,False,False,False,False,True,False
2020-02-27,Gurugram,86.84,158.92,8.94,31.91,26.6,1.17,8.51,33.45,2.0,6.01,206.0,Poor,False,False,False,False,False,True,False,False,False,False,False,True,False
2020-02-28,Gurugram,71.0,130.39,4.91,27.01,20.91,1.27,5.84,57.46,2.0,6.03,160.0,Moderate,False,False,False,False,False,True,False,False,False,False,False,True,False
2020-02-29,Gurugram,55.87,102.76,5.93,23.0,20.29,1.26,3.91,54.76,2.0,5.96,127.0,Moderate,False,False,False,False,False,True,False,False,False,False,False,True,False
2020-03-01,Gurugram,24.29,50.03,18.49,26.97,29.38,1.07,2.9,58.03,2.0,5.98,115.0,Moderate,False,False,False,False,False,True,False,False,False,False,False,True,False
2020-03-02,Gurugram,73.57,139.73,39.81,35.93,57.29,1.68,6.95,45.68,2.01,6.01,136.0,Moderate,False,False,False,False,False,True,False,False,False,False,False,True,False
2020-03-03,Gurugram,80.0,177.56,50.59,40.4,71.38,1.97,7.88,39.54,1.99,6.01,175.0,Moderate,False,False,False,False,False,True,False,False,False,False,False,True,False
2020-03-04,Gurugram,71.23,148.75,55.3,35.37,68.35,1.69,5.35,44.57,2.01,6.01,154.0,Moderate,False,False,False,False,False,True,False,False,False,False,False,True,False
2020-03-05,Gurugram,32.0,57.05,6.49,28.84,24.71,1.16,4.8,51.61,2.2,5.04,104.0,Moderate,False,False,False,False,False,False,False,False,False,False,False,False,False
2020-03-06,Gurugram,19.52,32.59,6.56,27.15,24.08,1.06,12.3,47.23,2.42,3.46,95.0,Satisfactory,False,False,False,False,False,False,False,False,False,False,False,False,False
2020-03-07,Gurugram,35.82,67.45,10.48,27.52,26.92,0.97,16.04,38.14,2.99,3.93,79.0,Satisfactory,False,False,False,False,False,False,False,False,False,False,False,False,False
2020-03-08,Gurugram,56.58,107.07,31.82,28.16,45.99,0.97,17.83,35.2,3.84,3.98,115.0,Moderate,False,False,False,False,False,False,False,False,False,False,False,False,False
2020-03-09,Gurugram,62.38,112.32,6.75,23.13,22.26,0.77,15.82,42.54,3.09,3.41,117.0,Moderate,False,False,False,False,False,False,False,False,False,False,False,False,False
2020-03-10,Gurugram,75.88,144.37,6.63,25.83,23.64,0.92,16.29,53.14,3.42,3.7,160.0,Moderate,False,False,False,False,False,False,False,False,False,False,False,False,False
2020-03-11,Gurugram,52.61,100.26,4.09,25.06,20.72,0.89,14.62,58.4,3.26,3.43,114.0,Moderate,False,False,False,False,False,False,False,False,False,False,False,False,False
2020-03-12,Gurugram,50.17,139.66,8.29,30.02,24.22,0.88,13.28,40.31,3.22,3.17,115.0,Moderate,False,False,False,False,False,False,False,False,False,False,False,False,False
2020-03-13,Gurugram,60.57,182.58,13.32,30.6,30.07,0.84,12.68,40.26,2.45,3.18,134.0,Moderate,False,False,False,False,False,False,False,False,False,False,False,False,False
2020-03-14,Gurugram,43.92,99.84,6.43,25.9,18.59,0.82,14.36,38.98,2.3,3.81,118.0,Moderate,False,False,False,False,False,False,False,False,False,False,False,False,False
2020-03-15,Gurugram,57.48,137.62,9.08,27.24,24.04,0.97,15.87,50.33,3.73,6.15,119.0,Moderate,False,False,False,False,False,False,False,False,False,False,False,False,False
2020-03-16,Gurugram,73.26,152.93,7.21,24.94,21.39,1.06,15.9,47.56,4.43,7.67,155.0,Moderate,False,False,False,False,False,False,False,False,False,False,False,False,False
2020-03-17,Gurugram,76.84,169.8,8.85,25.66,22.97,1.18,19.73,52.03,5.44,7.61,181.0,Moderate,False,False,False,False,False,False,False,False,False,False,False,False,False
2020-03-18,Gurugram,84.93,191.47,19.96,30.5,35.47,1.28,19.43,46.04,5.44,7.4,178.0,Moderate,False,False,False,False,False,False,False,False,False,False,False,False,False
2020-03-19,Gurugram,80.27,200.51,24.1,28.31,36.81,1.23,19.95,50.39,6.14,7.35,175.0,Moderate,False,False,False,False,False,False,False,False,False,False,False,False,False
2020-03-20,Gurugram,85.31,183.37,18.22,18.07,26.78,1.11,15.81,60.03,5.44,7.15,176.0,Moderate,False,False,False,False,False,False,False,False,False,False,False,False,False
2020-03-21,Gurugram,58.09,129.3,13.97,16.63,21.9,0.88,16.66,57.23,4.52,7.96,154.0,Moderate,False,False,False,False,False,False,False,False,False,False,False,False,False
2020-03-22,Gurugram,85.87,150.43,15.15,19.83,25.12,1.13,17.25,55.11,5.94,8.08,168.0,Moderate,False,False,False,False,False,False,False,False,False,False,False,False,False
2020-03-23,Gurugram,51.38,103.56,7.66,15.96,16.31,0.81,18.26,50.47,4.55,8.08,124.0,Moderate,False,False,False,False,False,False,False,False,False,False,False,False,False
2020-03-24,Gurugram,61.21,113.66,8.08,17.61,17.3,0.97,16.44,43.6,5.08,7.77,122.0,Moderate,False,False,False,False,False,False,False,False,False,False,False,False,False
2020-03-25,Gurugram,31.83,60.71,8.13,15.06,15.59,0.75,16.27,38.79,4.41,7.7,86.0,Satisfactory,False,False,False,False,False,False,False,False,False,False,False,False,False
2020-03-26,Gurugram,31.27,65.28,6.32,15.96,11.76,0.56,16.42,36.85,3.86,7.44,65.0,Satisfactory,False,False,False,False,False,False,False,False,False,False,False,False,False
2020-03-27,Gurugram,20.82,41.61,5.31,14.19,9.72,0.54,15.31,38.52,3.51,7.01,59.0,Satisfactory,False,False,False,False,False,False,False,False,False,False,False,False,False
2020-03-28,Gurugram,17.59,35.7,5.82,14.65,10.57,0.49,14.77,42.37,3.27,6.73,62.0,Satisfactory,False,False,False,False,False,False,False,False,False,False,False,False,False
2020-03-29,Gurugram,23.65,56.89,5.3,13.75,10.04,0.5,18.73,54.46,3.44,7.07,68.0,Satisfactory,False,False,False,False,False,False,False,False,False,False,False,False,False
2020-03-30,Gurugram,32.0,57.58,4.84,12.76,8.93,0.55,18.56,58.39,3.7,7.13,80.0,Satisfactory,False,False,False,False,False,False,False,False,False,False,False,False,False
2020-03-31,Gurugram,30.71,57.22,5.26,13.39,9.79,0.52,17.01,63.43,3.72,6.99,80.0,Satisfactory,False,False,False,False,False,False,False,False,False,False,False,False,False
2020-04-01,Gurugram,27.84,55.37,6.31,14.94,10.74,0.55,15.91,54.79,2.84,5.23,81.0,Satisfactory,False,False,False,False,False,False,False,False,False,False,False,False,False
2020-04-02,Gurugram,28.93,59.79,12.23,16.0,10.82,0.52,15.97,61.46,1.68,2.74,81.0,Satisfactory,False,False,False,False,False,False,False,False,False,False,False,False,False
2020-04-03,Gurugram,27.11,48.38,5.33,12.75,9.72,0.47,15.3,66.52,1.62,2.69,95.0,Satisfactory,False,False,False,False,False,False,False,False,False,False,False,False,False
2020-04-04,Gurugram,34.18,61.47,5.55,12.52,9.22,0.52,14.86,58.64,1.77,2.69,93.0,Satisfactory,False,False,False,False,False,False,False,False,False,False,False,False,False
2020-04-05,Gurugram,49.7,87.4,7.51,15.9,12.04,0.69,15.2,53.97,2.06,2.74,99.0,Satisfactory,False,False,False,False,False,False,False,False,False,False,False,False,False
2020-04-06,Gurugram,52.7,94.54,5.54,14.5,10.57,0.65,15.57,54.3,2.06,2.77,106.0,Moderate,False,False,False,False,False,False,False,False,False,False,False,False,False
2020-04-07,Gurugram,31.8,86.25,5.26,11.95,8.78,0.43,14.66,61.31,1.67,2.69,94.0,Satisfactory,False,False,False,False,False,False,False,False,False,False,False,False,False
2020-04-08,Gurugram,28.04,79.84,5.04,10.94,8.45,0.42,14.11,62.85,1.63,2.67,96.0,Satisfactory,False,False,False,False,False,False,False,False,False,False,False,False,False
2020-04-09,Gurugram,31.68,68.97,4.98,12.14,9.19,0.47,14.14,67.87,1.74,2.66,101.0,Moderate,False,False,False,False,False,False,False,False,False,False,False,False,False
2020-04-10,Gurugram,49.34,96.26,8.54,18.33,13.59,0.68,14.23,50.44,2.55,2.71,105.0,Moderate,False,False,False,False,False,False,False,False,False,False,False,False,False
2020-04-11,Gurugram,51.41,103.83,10.44,18.3,15.15,0.81,14.52,60.63,2.21,2.78,127.0,Moderate,False,False,False,False,False,False,False,False,False,False,False,False,False
2020-04-12,Gurugram,32.16,68.78,5.49,16.41,10.09,0.6,14.0,67.11,1.75,2.73,107.0,Moderate,False,False,False,False,False,False,False,False,False,False,False,False,False
2020-04-13,Gurugram,53.33,121.47,6.16,17.19,11.64,0.76,13.83,53.63,2.18,2.75,114.0,Moderate,False,False,False,False,False,False,False,False,False,False,False,False,False
2020-04-14,Gurugram,51.22,131.79,6.89,19.88,13.53,0.81,13.28,47.71,3.09,2.97,122.0,Moderate,False,False,False,False,False,False,False,False,False,False,False,False,False
2020-04-15,Gurugram,59.01,185.92,7.03,18.25,12.74,0.79,13.21,45.18,7.67,3.84,138.0,Moderate,False,False,False,False,False,False,False,False,False,False,False,False,False
2020-04-16,Gurugram,62.75,154.53,7.98,17.1,12.94,0.83,13.53,55.51,8.12,3.86,157.0,Moderate,False,False,False,False,False,False,False,False,False,False,False,False,False
2020-04-17,Gurugram,28.23,79.28,5.4,12.66,9.64,0.62,12.42,73.94,7.0,3.69,120.0,Moderate,False,False,False,False,False,False,False,False,False,False,False,False,False
2020-04-18,Gurugram,26.84,87.29,4.98,12.87,8.86,0.57,12.12,71.23,7.06,3.46,107.0,Moderate,False,False,False,False,False,False,False,False,False,False,False,False,False
2020-04-19,Gurugram,30.21,70.61,5.28,15.3,10.22,0.65,12.1,62.46,7.18,3.51,109.0,Moderate,False,False,False,False,False,False,False,False,False,False,False,False,False
2020-04-20,Gurugram,48.86,93.89,10.18,19.64,15.65,0.78,12.42,37.77,8.15,3.47,99.0,Satisfactory,False,False,False,False,False,False,False,False,False,False,False,False,False
2020-04-21,Gurugram,33.79,72.37,4.95,14.88,9.68,0.68,10.67,66.92,7.41,3.52,105.0,Moderate,False,False,False,False,False,False,False,False,False,False,False,False,False
2020-04-22,Gurugram,49.59,102.91,5.91,18.46,12.07,0.77,11.29,62.97,7.5,3.64,120.0,Moderate,False,False,False,False,False,False,False,False,False,False,False,False,False
2020-04-23,Gurugram,51.55,105.97,8.65,18.33,12.88,0.79,10.01,55.3,7.29,3.45,113.0,Moderate,False,False,False,False,False,False,False,False,False,False,False,False,False
2020-04-24,Gurugram,56.54,100.68,5.01,15.69,13.06,0.77,9.28,63.8,6.47,3.49,124.0,Moderate,False,False,False,False,False,False,False,False,False,False,False,False,False
2020-04-25,Gurugram,26.55,63.78,4.25,12.23,10.32,0.58,8.55,73.49,6.04,3.38,121.0,Moderate,False,False,False,False,False,False,False,False,False,False,False,False,False
2020-04-26,Gurugram,49.26,119.82,11.76,13.94,11.22,0.67,8.79,62.13,6.46,2.51,113.0,Moderate,False,False,False,False,False,False,False,False,False,False,False,False,False
2020-04-27,Gurugram,25.94,46.63,4.24,10.35,9.44,0.54,7.9,67.03,5.89,2.46,103.0,Moderate,False,False,False,False,False,False,False,False,False,False,False,False,False
2020-04-28,Gurugram,34.2,58.26,4.48,11.32,10.31,0.63,7.02,74.53,5.33,3.07,118.0,Moderate,False,False,False,False,False,False,False,False,False,False,False,False,False
2020-04-29,Gurugram,58.64,111.67,4.39,13.84,11.56,0.75,7.75,66.09,5.95,3.29,126.0,Moderate,False,False,False,False,False,False,False,False,False,False,False,False,False
2020-04-30,Gurugram,62.21,122.56,4.47,12.84,10.82,0.76,7.88,70.1,5.74,3.4,141.0,Moderate,False,False,False,False,False,False,False,False,False,False,False,False,False
2020-05-01,Gurugram,62.55,134.75,4.28,12.69,10.68,0.74,7.45,79.99,5.47,3.38,155.0,Moderate,False,False,False,False,False,False,False,False,False,False,False,False,False
2020-05-02,Gurugram,41.11,104.29,4.12,10.69,8.97,0.7,5.59,91.17,4.39,3.0,152.0,Moderate,False,False,False,False,False,False,False,False,False,False,False,False,False
2020-05-03,Gurugram,39.62,86.75,4.02,10.84,9.17,0.73,6.11,72.95,4.76,2.83,126.0,Moderate,False,False,False,False,False,False,False,False,False,False,False,False,False
2020-05-04,Gurugram,23.7,45.29,4.49,11.12,10.51,0.55,7.71,64.94,5.78,2.55,94.0,Satisfactory,False,False,False,False,False,False,False,False,False,False,False,False,False
2020-05-05,Gurugram,55.54,94.42,4.16,13.71,10.97,0.81,7.78,67.79,5.46,3.24,130.0,Moderate,False,False,False,False,False,False,False,False,False,False,False,False,False
2020-05-06,Gurugram,48.01,138.24,4.27,14.5,11.67,0.72,7.33,74.54,6.2,3.2,143.0,Moderate,False,False,False,False,False,False,False,False,False,False,False,False,False
2020-05-07,Gurugram,40.41,89.12,4.18,13.66,11.2,0.61,6.38,83.29,4.35,3.53,138.0,Moderate,False,False,False,False,False,False,False,False,False,False,False,False,False
2020-05-08,Gurugram,56.55,102.78,4.24,14.09,10.87,0.72,7.37,92.2,4.04,5.13,144.0,Moderate,False,False,False,False,False,False,False,False,False,False,False,False,False
2020-05-09,Gurugram,63.16,120.48,3.93,13.16,10.27,0.77,7.94,100.91,3.34,5.97,166.0,Moderate,False,False,False,False,False,False,False,False,False,False,False,False,False
2020-05-10,Gurugram,51.33,112.01,4.07,11.14,9.9,0.77,7.18,83.27,2.66,5.06,154.0,Moderate,False,False,False,False,False,False,False,False,False,False,False,False,False
2020-05-11,Gurugram,43.34,92.6,4.56,12.79,10.36,0.53,8.76,70.79,2.77,5.08,113.0,Moderate,False,False,False,False,False,False,False,False,False,False,False,False,False
2020-05-12,Gurugram,46.22,92.82,4.16,13.56,10.95,0.68,7.47,78.92,2.62,5.16,133.0,Moderate,False,False,False,False,False,False,False,False,False,False,False,False,False
2020-05-13,Gurugram,63.71,140.61,4.76,16.23,11.7,0.81,13.26,73.47,2.68,5.68,133.0,Moderate,False,False,False,False,False,False,False,False,False,False,False,False,False
2020-05-14,Gurugram,51.25,128.05,12.17,27.73,24.42,0.94,9.38,67.65,3.21,5.06,147.0,Moderate,False,False,False,False,False,False,False,False,False,False,False,False,False
2020-05-15,Gurugram,44.84,89.14,52.57,36.56,65.35,0.76,9.6,77.07,6.2,3.04,155.0,Moderate,False,False,False,False,False,False,False,False,False,False,False,False,False
2020-05-16,Gurugram,69.14,111.56,43.42,44.32,59.52,0.85,11.87,89.44,6.09,3.27,208.0,Poor,False,False,False,False,False,False,False,False,False,False,False,False,False
2020-05-17,Gurugram,70.96,149.96,8.38,37.52,24.05,1.01,12.0,63.65,6.71,3.17,184.0,Moderate,False,False,False,False,False,False,False,False,False,False,False,False,False
2020-05-18,Gurugram,59.29,115.94,9.85,34.85,23.82,0.91,8.51,61.06,6.35,3.18,160.0,Moderate,False,False,False,False,False,False,False,False,False,False,False,False,False
2020-05-19,Gurugram,74.62,146.61,14.08,35.58,26.4,0.99,9.11,61.72,5.84,3.08,160.0,Moderate,False,False,False,False,False,False,False,False,False,False,False,False,False
2020-05-20,Gurugram,67.08,124.58,11.33,27.33,22.39,0.89,10.08,71.92,5.88,3.06,167.0,Moderate,False,False,False,False,False,False,False,False,False,False,False,False,False
2020-05-21,Gurugram,51.41,130.77,15.32,24.81,24.8,0.92,10.07,71.0,5.94,3.06,141.0,Moderate,False,False,False,False,False,False,False,False,False,False,False,False,False
2020-05-22,Gurugram,62.53,153.39,17.2,24.42,29.67,1.06,9.26,53.74,7.8,2.6,152.0,Moderate,False,False,False,False,False,False,False,False,False,False,False,False,False
2020-05-23,Gurugram,65.12,187.33,7.49,19.3,16.56,1.02,8.96,51.48,6.83,2.87,146.0,Moderate,False,False,False,False,False,False,False,False,False,False,False,False,False
2020-05-24,Gurugram,56.3,154.36,3.81,21.9,10.69,0.91,7.56,55.27,5.75,3.0,150.0,Moderate,False,False,False,False,False,False,False,False,False,False,False,False,False
2020-05-25,Gurugram,60.53,148.39,3.83,18.16,11.58,0.93,8.68,55.55,6.66,2.68,139.0,Moderate,False,False,False,False,False,False,False,False,False,False,False,False,False
2020-05-26,Gurugram,56.62,184.71,14.91,22.71,21.68,0.91,6.96,34.74,6.51,2.9,140.0,Moderate,False,False,False,False,False,False,False,False,False,False,False,False,False
2020-05-27,Gurugram,68.78,205.39,4.82,25.72,14.63,0.91,7.33,69.11,4.86,3.17,162.0,Moderate,False,False,False,False,False,False,False,False,False,False,False,False,False
2020-05-28,Gurugram,75.32,257.56,3.45,16.27,10.08,0.88,3.91,73.51,4.51,2.38,202.0,Poor,False,False,False,False,False,False,False,False,False,False,False,False,False
2020-05-29,Gurugram,32.39,69.05,4.17,15.43,8.89,0.67,16.6,70.04,5.37,2.18,166.0,Moderate,False,False,False,False,False,False,False,False,False,False,False,False,False
2020-05-30,Gurugram,26.35,56.28,3.89,13.94,10.01,0.7,8.94,62.58,6.23,2.61,86.0,Satisfactory,False,False,False,False,False,False,False,False,False,False,False,False,False
2020-05-31,Gurugram,27.67,63.92,9.54,16.09,13.2,0.79,9.79,64.29,5.71,2.69,105.0,Moderate,False,False,False,False,False,False,False,False,False,False,False,False,False
2020-06-01,Gurugram,36.12,87.51,6.9,20.5,13.33,0.85,5.42,72.06,5.83,2.93,133.0,Moderate,False,False,False,False,False,False,False,False,False,False,False,False,False
2020-06-02,Gurugram,46.04,141.66,5.19,14.95,11.86,0.77,5.2,64.49,4.96,2.99,156.0,Moderate,False,False,False,False,False,False,False,False,False,False,False,False,False
2020-06-03,Gurugram,46.92,117.56,5.52,14.13,11.72,0.78,5.85,64.22,5.19,3.26,135.0,Moderate,False,False,False,False,False,False,False,False,False,False,False,False,False
2020-06-04,Gurugram,58.03,143.56,5.26,17.88,13.04,0.87,5.78,52.81,5.4,3.36,130.0,Moderate,False,False,False,False,False,False,False,False,False,False,False,False,False
2020-06-05,Gurugram,39.79,75.0,5.18,15.71,11.6,0.82,5.91,57.47,6.08,3.15,121.0,Moderate,False,False,False,False,False,False,False,False,False,False,False,False,False
2020-06-06,Gurugram,43.29,91.47,5.64,13.55,11.05,0.77,5.69,64.64,5.99,3.09,110.0,Moderate,False,False,False,False,False,False,False,False,False,False,False,False,False
2020-06-07,Gurugram,48.67,92.32,5.37,14.17,10.95,0.87,7.4,64.41,6.64,2.66,122.0,Moderate,False,False,False,False,False,False,False,False,False,False,False,False,False
2020-06-08,Gurugram,47.11,91.34,5.61,15.24,11.93,1.0,7.28,64.5,6.02,3.11,133.0,Moderate,False,False,False,False,False,False,False,False,False,False,False,False,False
2020-06-09,Gurugram,65.0,141.77,6.12,18.55,14.29,0.92,7.99,74.49,5.78,3.17,141.0,Moderate,False,False,False,False,False,False,False,False,False,False,False,False,False
2020-06-10,Gurugram,50.5,123.83,6.56,19.0,16.17,0.81,7.07,65.41,5.71,3.06,135.0,Moderate,False,False,False,False,False,False,False,False,False,False,False,False,False
2020-06-11,Gurugram,46.61,110.92,6.12,15.17,13.95,0.72,4.22,67.71,5.6,2.78,122.0,Moderate,False,False,False,False,False,False,False,False,False,False,False,False,False
2020-06-12,Gurugram,72.62,157.12,6.78,24.0,13.74,0.77,6.6,93.6,4.66,2.92,147.0,Moderate,False,False,False,False,False,False,False,False,False,False,False,False,False
2020-06-13,Gurugram,61.48,138.26,6.15,13.94,13.73,0.64,7.16,91.81,4.66,2.82,158.0,Moderate,False,False,False,False,False,False,False,False,False,False,False,False,False
2020-06-14,Gurugram,73.88,166.94,5.72,10.48,10.81,0.68,6.57,93.14,4.9,2.77,157.0,Moderate,False,False,False,False,False,False,False,False,False,False,False,False,False
2020-06-15,Gurugram,54.15,117.53,5.12,12.44,10.42,0.58,5.43,94.84,4.41,2.93,155.0,Moderate,False,False,False,False,False,False,False,False,False,False,False,False,False
2020-06-16,Gurugram,49.75,108.22,5.75,13.67,11.58,0.55,6.29,81.32,4.56,2.53,128.0,Moderate,False,False,False,False,False,False,False,False,False,False,False,False,False
2020-06-17,Gurugram,45.21,92.67,4.51,11.29,9.57,0.53,6.87,79.58,4.67,2.87,128.0,Moderate,False,False,False,False,False,False,False,False,False,False,False,False,False
2020-06-18,Gurugram,46.26,119.83,4.66,8.86,9.43,0.55,5.81,69.32,4.98,3.04,122.0,Moderate,False,False,False,False,False,False,False,False,False,False,False,False,False
2020-06-19,Gurugram,65.61,244.35,4.95,9.0,10.02,0.7,4.15,62.43,4.97,2.94,148.0,Moderate,False,False,False,False,False,False,False,False,False,False,False,False,False
2020-06-20,Gurugram,49.08,156.48,5.51,8.09,10.59,0.53,5.38,55.44,4.49,2.75,172.0,Moderate,False,False,False,False,False,False,False,False,False,False,False,False,False
2020-06-21,Gurugram,49.1,103.78,6.28,8.75,10.83,0.49,5.41,66.63,5.28,2.86,132.0,Moderate,False,False,False,False,False,False,False,False,False,False,False,False,False
2020-06-22,Gurugram,48.62,97.08,6.49,8.8,10.23,0.65,5.13,79.1,5.25,2.88,134.0,Moderate,False,False,False,False,False,False,False,False,False,False,False,False,False
2020-06-23,Gurugram,39.63,74.69,5.9,8.95,10.49,0.69,4.28,54.24,26.52,3.03,108.0,Moderate,False,False,False,False,False,False,False,False,False,False,False,False,False
2020-06-24,Gurugram,43.35,75.89,5.31,7.9,9.61,0.63,4.03,49.35,22.62,4.0,86.0,Satisfactory,False,False,False,False,False,False,False,False,False,False,False,False,False
2020-06-25,Gurugram,42.64,111.09,5.22,8.14,8.61,0.75,4.06,45.86,2.47,5.72,102.0,Moderate,False,False,False,False,False,False,False,False,False,False,False,False,False
2020-06-26,Gurugram,56.56,141.92,2.65,10.07,8.52,0.9,6.42,32.75,3.41,4.8,122.0,Moderate,False,False,False,False,False,False,False,False,False,False,False,False,False
2020-06-27,Gurugram,47.82,158.08,3.12,8.05,7.24,0.66,9.18,19.54,2.16,4.78,121.0,Moderate,False,False,False,False,False,False,False,False,False,False,False,False,False
2020-06-28,Gurugram,64.72,261.05,5.62,9.65,8.97,0.67,7.82,17.28,2.65,3.59,153.0,Moderate,False,False,False,False,False,False,False,False,False,False,False,False,False
2020-06-29,Gurugram,46.89,154.0,4.0,8.97,9.65,0.57,7.86,36.5,2.34,3.84,140.0,Moderate,False,False,False,False,False,False,False,False,False,False,False,False,False
2020-06-30,Gurugram,47.27,114.29,6.29,10.38,12.08,0.78,7.36,58.07,2.4,4.3,131.0,Moderate,False,False,False,False,False,False,False,False,False,False,False,False,False
2020-07-01,Gurugram,61.64,174.08,5.99,10.58,12.37,1.11,7.57,44.14,2.67,4.46,157.0,Moderate,False,False,False,False,False,False,False,False,False,False,False,False,False
